name,restored_step,num_examples,bleu,chrf
default_b16,5000,16,22.294260710991292,50.75219566548833
cce_b16,5000,16,22.288800751834057,50.270075328310824
