accelerator_type,backend,case_name,cce_loop_count,cce_profiler_experiment_id,chunk_configuration,chunk_loop_count,device_count,dstack_gpu_spec,execution_mode,experiment_id,fsdp_degree,global_batch_size,hardware_role,hardware_target,hidden_size,hostname_manifest,measured_steps,mesh_configuration,operation_family,preset,profiler_path,repeat_index,run_dir,run_id,scenario_group,seed,sequence_length,shape,signature_label,timestamp_manifest,token_chunk,token_loop_count,tp_degree,vocab_chunk,vocab_loop_count,vocab_size,warmup_steps,workload_description,workload_family,workload_runner,xla_dir,observed
A100-80GB,gpu,exp0001_gpu-a100-80gb-4_torch_eager_chunked_matmul_loop_b16_L512_fsdp4_tp1_tc64_vc8192_fsdp4_tp1_tc64_vc8192_r0,,-1,64/8192,4096,4,A100:4:80GB,eager,1,4,16,primary_gpu_baseline,gpu-a100-80gb-4,320,Chansungs-MacBook-Pro-2.local,10,"fsdp=4,tp=1",chunked_matmul_loop,dense-synthetic,,0,/Users/deep-diver/Developers/TUNIX-TRY/01-CCE/data/mesh_pathology_dense_a100_torch/runs/exp0001_gpu-a100-80gb-4_torch_eager_chunked_matmul_loop_b16_L512_fsdp4_tp1_tc64_vc8192_fsdp4_tp1_tc64_vc8192_r0,20260616T031040Z,gpu-a100-80gb-4/torch_eager_chunked_matmul_loop,0,512,b16/L512,b16_L512_fsdp4_tp1_tc64_vc8192,2026-06-16T03:10:40+00:00,64,128,1,8192,32,262144,3,PyTorch eager chunk-loop projection matmul without XLA.,torch_eager_chunked_matmul_loop,torch_microbench,/Users/deep-diver/Developers/TUNIX-TRY/01-CCE/data/mesh_pathology_dense_a100_torch/runs/exp0001_gpu-a100-80gb-4_torch_eager_chunked_matmul_loop_b16_L512_fsdp4_tp1_tc64_vc8192_fsdp4_tp1_tc64_vc8192_r0/xla,False
A100-80GB,gpu,exp0002_gpu-a100-80gb-4_torch_eager_chunked_matmul_loop_b16_L512_fsdp4_tp1_tc64_vc16384_fsdp4_tp1_tc64_vc16384_r0,,-1,64/16384,2048,4,A100:4:80GB,eager,2,4,16,primary_gpu_baseline,gpu-a100-80gb-4,320,Chansungs-MacBook-Pro-2.local,10,"fsdp=4,tp=1",chunked_matmul_loop,dense-synthetic,,0,/Users/deep-diver/Developers/TUNIX-TRY/01-CCE/data/mesh_pathology_dense_a100_torch/runs/exp0002_gpu-a100-80gb-4_torch_eager_chunked_matmul_loop_b16_L512_fsdp4_tp1_tc64_vc16384_fsdp4_tp1_tc64_vc16384_r0,20260616T031040Z,gpu-a100-80gb-4/torch_eager_chunked_matmul_loop,0,512,b16/L512,b16_L512_fsdp4_tp1_tc64_vc16384,2026-06-16T03:10:40+00:00,64,128,1,16384,16,262144,3,PyTorch eager chunk-loop projection matmul without XLA.,torch_eager_chunked_matmul_loop,torch_microbench,/Users/deep-diver/Developers/TUNIX-TRY/01-CCE/data/mesh_pathology_dense_a100_torch/runs/exp0002_gpu-a100-80gb-4_torch_eager_chunked_matmul_loop_b16_L512_fsdp4_tp1_tc64_vc16384_fsdp4_tp1_tc64_vc16384_r0/xla,False
A100-80GB,gpu,exp0003_gpu-a100-80gb-4_torch_eager_chunked_matmul_loop_b16_L512_fsdp4_tp1_tc64_vc32768_fsdp4_tp1_tc64_vc32768_r0,,-1,64/32768,1024,4,A100:4:80GB,eager,3,4,16,primary_gpu_baseline,gpu-a100-80gb-4,320,Chansungs-MacBook-Pro-2.local,10,"fsdp=4,tp=1",chunked_matmul_loop,dense-synthetic,,0,/Users/deep-diver/Developers/TUNIX-TRY/01-CCE/data/mesh_pathology_dense_a100_torch/runs/exp0003_gpu-a100-80gb-4_torch_eager_chunked_matmul_loop_b16_L512_fsdp4_tp1_tc64_vc32768_fsdp4_tp1_tc64_vc32768_r0,20260616T031040Z,gpu-a100-80gb-4/torch_eager_chunked_matmul_loop,0,512,b16/L512,b16_L512_fsdp4_tp1_tc64_vc32768,2026-06-16T03:10:40+00:00,64,128,1,32768,8,262144,3,PyTorch eager chunk-loop projection matmul without XLA.,torch_eager_chunked_matmul_loop,torch_microbench,/Users/deep-diver/Developers/TUNIX-TRY/01-CCE/data/mesh_pathology_dense_a100_torch/runs/exp0003_gpu-a100-80gb-4_torch_eager_chunked_matmul_loop_b16_L512_fsdp4_tp1_tc64_vc32768_fsdp4_tp1_tc64_vc32768_r0/xla,False
A100-80GB,gpu,exp0004_gpu-a100-80gb-4_torch_eager_chunked_matmul_loop_b16_L512_fsdp4_tp1_tc64_vc65536_fsdp4_tp1_tc64_vc65536_r0,,-1,64/65536,512,4,A100:4:80GB,eager,4,4,16,primary_gpu_baseline,gpu-a100-80gb-4,320,Chansungs-MacBook-Pro-2.local,10,"fsdp=4,tp=1",chunked_matmul_loop,dense-synthetic,,0,/Users/deep-diver/Developers/TUNIX-TRY/01-CCE/data/mesh_pathology_dense_a100_torch/runs/exp0004_gpu-a100-80gb-4_torch_eager_chunked_matmul_loop_b16_L512_fsdp4_tp1_tc64_vc65536_fsdp4_tp1_tc64_vc65536_r0,20260616T031040Z,gpu-a100-80gb-4/torch_eager_chunked_matmul_loop,0,512,b16/L512,b16_L512_fsdp4_tp1_tc64_vc65536,2026-06-16T03:10:40+00:00,64,128,1,65536,4,262144,3,PyTorch eager chunk-loop projection matmul without XLA.,torch_eager_chunked_matmul_loop,torch_microbench,/Users/deep-diver/Developers/TUNIX-TRY/01-CCE/data/mesh_pathology_dense_a100_torch/runs/exp0004_gpu-a100-80gb-4_torch_eager_chunked_matmul_loop_b16_L512_fsdp4_tp1_tc64_vc65536_fsdp4_tp1_tc64_vc65536_r0/xla,False
A100-80GB,gpu,exp0005_gpu-a100-80gb-4_torch_eager_chunked_matmul_loop_b16_L512_fsdp4_tp1_tc64_vc131072_fsdp4_tp1_tc64_vc131072_r0,,-1,64/131072,256,4,A100:4:80GB,eager,5,4,16,primary_gpu_baseline,gpu-a100-80gb-4,320,Chansungs-MacBook-Pro-2.local,10,"fsdp=4,tp=1",chunked_matmul_loop,dense-synthetic,,0,/Users/deep-diver/Developers/TUNIX-TRY/01-CCE/data/mesh_pathology_dense_a100_torch/runs/exp0005_gpu-a100-80gb-4_torch_eager_chunked_matmul_loop_b16_L512_fsdp4_tp1_tc64_vc131072_fsdp4_tp1_tc64_vc131072_r0,20260616T031040Z,gpu-a100-80gb-4/torch_eager_chunked_matmul_loop,0,512,b16/L512,b16_L512_fsdp4_tp1_tc64_vc131072,2026-06-16T03:10:40+00:00,64,128,1,131072,2,262144,3,PyTorch eager chunk-loop projection matmul without XLA.,torch_eager_chunked_matmul_loop,torch_microbench,/Users/deep-diver/Developers/TUNIX-TRY/01-CCE/data/mesh_pathology_dense_a100_torch/runs/exp0005_gpu-a100-80gb-4_torch_eager_chunked_matmul_loop_b16_L512_fsdp4_tp1_tc64_vc131072_fsdp4_tp1_tc64_vc131072_r0/xla,False
A100-80GB,gpu,exp0006_gpu-a100-80gb-4_torch_eager_chunked_matmul_loop_b16_L512_fsdp4_tp1_tc64_vc262144_fsdp4_tp1_tc64_vc262144_r0,,-1,64/262144,128,4,A100:4:80GB,eager,6,4,16,primary_gpu_baseline,gpu-a100-80gb-4,320,Chansungs-MacBook-Pro-2.local,10,"fsdp=4,tp=1",chunked_matmul_loop,dense-synthetic,,0,/Users/deep-diver/Developers/TUNIX-TRY/01-CCE/data/mesh_pathology_dense_a100_torch/runs/exp0006_gpu-a100-80gb-4_torch_eager_chunked_matmul_loop_b16_L512_fsdp4_tp1_tc64_vc262144_fsdp4_tp1_tc64_vc262144_r0,20260616T031040Z,gpu-a100-80gb-4/torch_eager_chunked_matmul_loop,0,512,b16/L512,b16_L512_fsdp4_tp1_tc64_vc262144,2026-06-16T03:10:40+00:00,64,128,1,262144,1,262144,3,PyTorch eager chunk-loop projection matmul without XLA.,torch_eager_chunked_matmul_loop,torch_microbench,/Users/deep-diver/Developers/TUNIX-TRY/01-CCE/data/mesh_pathology_dense_a100_torch/runs/exp0006_gpu-a100-80gb-4_torch_eager_chunked_matmul_loop_b16_L512_fsdp4_tp1_tc64_vc262144_fsdp4_tp1_tc64_vc262144_r0/xla,False
A100-80GB,gpu,exp0007_gpu-a100-80gb-4_torch_eager_chunked_matmul_loop_b16_L512_fsdp4_tp1_tc128_vc4096_fsdp4_tp1_tc128_vc4096_r0,,-1,128/4096,4096,4,A100:4:80GB,eager,7,4,16,primary_gpu_baseline,gpu-a100-80gb-4,320,Chansungs-MacBook-Pro-2.local,10,"fsdp=4,tp=1",chunked_matmul_loop,dense-synthetic,,0,/Users/deep-diver/Developers/TUNIX-TRY/01-CCE/data/mesh_pathology_dense_a100_torch/runs/exp0007_gpu-a100-80gb-4_torch_eager_chunked_matmul_loop_b16_L512_fsdp4_tp1_tc128_vc4096_fsdp4_tp1_tc128_vc4096_r0,20260616T031040Z,gpu-a100-80gb-4/torch_eager_chunked_matmul_loop,0,512,b16/L512,b16_L512_fsdp4_tp1_tc128_vc4096,2026-06-16T03:10:40+00:00,128,64,1,4096,64,262144,3,PyTorch eager chunk-loop projection matmul without XLA.,torch_eager_chunked_matmul_loop,torch_microbench,/Users/deep-diver/Developers/TUNIX-TRY/01-CCE/data/mesh_pathology_dense_a100_torch/runs/exp0007_gpu-a100-80gb-4_torch_eager_chunked_matmul_loop_b16_L512_fsdp4_tp1_tc128_vc4096_fsdp4_tp1_tc128_vc4096_r0/xla,False
A100-80GB,gpu,exp0009_gpu-a100-80gb-4_torch_eager_chunked_matmul_loop_b16_L512_fsdp4_tp1_tc128_vc16384_fsdp4_tp1_tc128_vc16384_r0,,-1,128/16384,1024,4,A100:4:80GB,eager,9,4,16,primary_gpu_baseline,gpu-a100-80gb-4,320,Chansungs-MacBook-Pro-2.local,10,"fsdp=4,tp=1",chunked_matmul_loop,dense-synthetic,,0,/Users/deep-diver/Developers/TUNIX-TRY/01-CCE/data/mesh_pathology_dense_a100_torch/runs/exp0009_gpu-a100-80gb-4_torch_eager_chunked_matmul_loop_b16_L512_fsdp4_tp1_tc128_vc16384_fsdp4_tp1_tc128_vc16384_r0,20260616T031040Z,gpu-a100-80gb-4/torch_eager_chunked_matmul_loop,0,512,b16/L512,b16_L512_fsdp4_tp1_tc128_vc16384,2026-06-16T03:10:40+00:00,128,64,1,16384,16,262144,3,PyTorch eager chunk-loop projection matmul without XLA.,torch_eager_chunked_matmul_loop,torch_microbench,/Users/deep-diver/Developers/TUNIX-TRY/01-CCE/data/mesh_pathology_dense_a100_torch/runs/exp0009_gpu-a100-80gb-4_torch_eager_chunked_matmul_loop_b16_L512_fsdp4_tp1_tc128_vc16384_fsdp4_tp1_tc128_vc16384_r0/xla,False
A100-80GB,gpu,exp0010_gpu-a100-80gb-4_torch_eager_chunked_matmul_loop_b16_L512_fsdp4_tp1_tc128_vc32768_fsdp4_tp1_tc128_vc32768_r0,,-1,128/32768,512,4,A100:4:80GB,eager,10,4,16,primary_gpu_baseline,gpu-a100-80gb-4,320,Chansungs-MacBook-Pro-2.local,10,"fsdp=4,tp=1",chunked_matmul_loop,dense-synthetic,,0,/Users/deep-diver/Developers/TUNIX-TRY/01-CCE/data/mesh_pathology_dense_a100_torch/runs/exp0010_gpu-a100-80gb-4_torch_eager_chunked_matmul_loop_b16_L512_fsdp4_tp1_tc128_vc32768_fsdp4_tp1_tc128_vc32768_r0,20260616T031040Z,gpu-a100-80gb-4/torch_eager_chunked_matmul_loop,0,512,b16/L512,b16_L512_fsdp4_tp1_tc128_vc32768,2026-06-16T03:10:40+00:00,128,64,1,32768,8,262144,3,PyTorch eager chunk-loop projection matmul without XLA.,torch_eager_chunked_matmul_loop,torch_microbench,/Users/deep-diver/Developers/TUNIX-TRY/01-CCE/data/mesh_pathology_dense_a100_torch/runs/exp0010_gpu-a100-80gb-4_torch_eager_chunked_matmul_loop_b16_L512_fsdp4_tp1_tc128_vc32768_fsdp4_tp1_tc128_vc32768_r0/xla,False
A100-80GB,gpu,exp0011_gpu-a100-80gb-4_torch_eager_chunked_matmul_loop_b16_L512_fsdp4_tp1_tc128_vc65536_fsdp4_tp1_tc128_vc65536_r0,,-1,128/65536,256,4,A100:4:80GB,eager,11,4,16,primary_gpu_baseline,gpu-a100-80gb-4,320,Chansungs-MacBook-Pro-2.local,10,"fsdp=4,tp=1",chunked_matmul_loop,dense-synthetic,,0,/Users/deep-diver/Developers/TUNIX-TRY/01-CCE/data/mesh_pathology_dense_a100_torch/runs/exp0011_gpu-a100-80gb-4_torch_eager_chunked_matmul_loop_b16_L512_fsdp4_tp1_tc128_vc65536_fsdp4_tp1_tc128_vc65536_r0,20260616T031040Z,gpu-a100-80gb-4/torch_eager_chunked_matmul_loop,0,512,b16/L512,b16_L512_fsdp4_tp1_tc128_vc65536,2026-06-16T03:10:40+00:00,128,64,1,65536,4,262144,3,PyTorch eager chunk-loop projection matmul without XLA.,torch_eager_chunked_matmul_loop,torch_microbench,/Users/deep-diver/Developers/TUNIX-TRY/01-CCE/data/mesh_pathology_dense_a100_torch/runs/exp0011_gpu-a100-80gb-4_torch_eager_chunked_matmul_loop_b16_L512_fsdp4_tp1_tc128_vc65536_fsdp4_tp1_tc128_vc65536_r0/xla,False
A100-80GB,gpu,exp0012_gpu-a100-80gb-4_torch_eager_chunked_matmul_loop_b16_L512_fsdp4_tp1_tc128_vc131072_fsdp4_tp1_tc128_vc131072_r0,,-1,128/131072,128,4,A100:4:80GB,eager,12,4,16,primary_gpu_baseline,gpu-a100-80gb-4,320,Chansungs-MacBook-Pro-2.local,10,"fsdp=4,tp=1",chunked_matmul_loop,dense-synthetic,,0,/Users/deep-diver/Developers/TUNIX-TRY/01-CCE/data/mesh_pathology_dense_a100_torch/runs/exp0012_gpu-a100-80gb-4_torch_eager_chunked_matmul_loop_b16_L512_fsdp4_tp1_tc128_vc131072_fsdp4_tp1_tc128_vc131072_r0,20260616T031040Z,gpu-a100-80gb-4/torch_eager_chunked_matmul_loop,0,512,b16/L512,b16_L512_fsdp4_tp1_tc128_vc131072,2026-06-16T03:10:40+00:00,128,64,1,131072,2,262144,3,PyTorch eager chunk-loop projection matmul without XLA.,torch_eager_chunked_matmul_loop,torch_microbench,/Users/deep-diver/Developers/TUNIX-TRY/01-CCE/data/mesh_pathology_dense_a100_torch/runs/exp0012_gpu-a100-80gb-4_torch_eager_chunked_matmul_loop_b16_L512_fsdp4_tp1_tc128_vc131072_fsdp4_tp1_tc128_vc131072_r0/xla,False
A100-80GB,gpu,exp0013_gpu-a100-80gb-4_torch_eager_chunked_matmul_loop_b16_L512_fsdp4_tp1_tc128_vc262144_fsdp4_tp1_tc128_vc262144_r0,,-1,128/262144,64,4,A100:4:80GB,eager,13,4,16,primary_gpu_baseline,gpu-a100-80gb-4,320,Chansungs-MacBook-Pro-2.local,10,"fsdp=4,tp=1",chunked_matmul_loop,dense-synthetic,,0,/Users/deep-diver/Developers/TUNIX-TRY/01-CCE/data/mesh_pathology_dense_a100_torch/runs/exp0013_gpu-a100-80gb-4_torch_eager_chunked_matmul_loop_b16_L512_fsdp4_tp1_tc128_vc262144_fsdp4_tp1_tc128_vc262144_r0,20260616T031040Z,gpu-a100-80gb-4/torch_eager_chunked_matmul_loop,0,512,b16/L512,b16_L512_fsdp4_tp1_tc128_vc262144,2026-06-16T03:10:40+00:00,128,64,1,262144,1,262144,3,PyTorch eager chunk-loop projection matmul without XLA.,torch_eager_chunked_matmul_loop,torch_microbench,/Users/deep-diver/Developers/TUNIX-TRY/01-CCE/data/mesh_pathology_dense_a100_torch/runs/exp0013_gpu-a100-80gb-4_torch_eager_chunked_matmul_loop_b16_L512_fsdp4_tp1_tc128_vc262144_fsdp4_tp1_tc128_vc262144_r0/xla,False
A100-80GB,gpu,exp0014_gpu-a100-80gb-4_torch_eager_chunked_matmul_loop_b16_L512_fsdp4_tp1_tc256_vc4096_fsdp4_tp1_tc256_vc4096_r0,,-1,256/4096,2048,4,A100:4:80GB,eager,14,4,16,primary_gpu_baseline,gpu-a100-80gb-4,320,Chansungs-MacBook-Pro-2.local,10,"fsdp=4,tp=1",chunked_matmul_loop,dense-synthetic,,0,/Users/deep-diver/Developers/TUNIX-TRY/01-CCE/data/mesh_pathology_dense_a100_torch/runs/exp0014_gpu-a100-80gb-4_torch_eager_chunked_matmul_loop_b16_L512_fsdp4_tp1_tc256_vc4096_fsdp4_tp1_tc256_vc4096_r0,20260616T031040Z,gpu-a100-80gb-4/torch_eager_chunked_matmul_loop,0,512,b16/L512,b16_L512_fsdp4_tp1_tc256_vc4096,2026-06-16T03:10:40+00:00,256,32,1,4096,64,262144,3,PyTorch eager chunk-loop projection matmul without XLA.,torch_eager_chunked_matmul_loop,torch_microbench,/Users/deep-diver/Developers/TUNIX-TRY/01-CCE/data/mesh_pathology_dense_a100_torch/runs/exp0014_gpu-a100-80gb-4_torch_eager_chunked_matmul_loop_b16_L512_fsdp4_tp1_tc256_vc4096_fsdp4_tp1_tc256_vc4096_r0/xla,False
A100-80GB,gpu,exp0015_gpu-a100-80gb-4_torch_eager_chunked_matmul_loop_b16_L512_fsdp4_tp1_tc256_vc8192_fsdp4_tp1_tc256_vc8192_r0,,-1,256/8192,1024,4,A100:4:80GB,eager,15,4,16,primary_gpu_baseline,gpu-a100-80gb-4,320,Chansungs-MacBook-Pro-2.local,10,"fsdp=4,tp=1",chunked_matmul_loop,dense-synthetic,,0,/Users/deep-diver/Developers/TUNIX-TRY/01-CCE/data/mesh_pathology_dense_a100_torch/runs/exp0015_gpu-a100-80gb-4_torch_eager_chunked_matmul_loop_b16_L512_fsdp4_tp1_tc256_vc8192_fsdp4_tp1_tc256_vc8192_r0,20260616T031040Z,gpu-a100-80gb-4/torch_eager_chunked_matmul_loop,0,512,b16/L512,b16_L512_fsdp4_tp1_tc256_vc8192,2026-06-16T03:10:40+00:00,256,32,1,8192,32,262144,3,PyTorch eager chunk-loop projection matmul without XLA.,torch_eager_chunked_matmul_loop,torch_microbench,/Users/deep-diver/Developers/TUNIX-TRY/01-CCE/data/mesh_pathology_dense_a100_torch/runs/exp0015_gpu-a100-80gb-4_torch_eager_chunked_matmul_loop_b16_L512_fsdp4_tp1_tc256_vc8192_fsdp4_tp1_tc256_vc8192_r0/xla,False
A100-80GB,gpu,exp0017_gpu-a100-80gb-4_torch_eager_chunked_matmul_loop_b16_L512_fsdp4_tp1_tc256_vc32768_fsdp4_tp1_tc256_vc32768_r0,,-1,256/32768,256,4,A100:4:80GB,eager,17,4,16,primary_gpu_baseline,gpu-a100-80gb-4,320,Chansungs-MacBook-Pro-2.local,10,"fsdp=4,tp=1",chunked_matmul_loop,dense-synthetic,,0,/Users/deep-diver/Developers/TUNIX-TRY/01-CCE/data/mesh_pathology_dense_a100_torch/runs/exp0017_gpu-a100-80gb-4_torch_eager_chunked_matmul_loop_b16_L512_fsdp4_tp1_tc256_vc32768_fsdp4_tp1_tc256_vc32768_r0,20260616T031040Z,gpu-a100-80gb-4/torch_eager_chunked_matmul_loop,0,512,b16/L512,b16_L512_fsdp4_tp1_tc256_vc32768,2026-06-16T03:10:40+00:00,256,32,1,32768,8,262144,3,PyTorch eager chunk-loop projection matmul without XLA.,torch_eager_chunked_matmul_loop,torch_microbench,/Users/deep-diver/Developers/TUNIX-TRY/01-CCE/data/mesh_pathology_dense_a100_torch/runs/exp0017_gpu-a100-80gb-4_torch_eager_chunked_matmul_loop_b16_L512_fsdp4_tp1_tc256_vc32768_fsdp4_tp1_tc256_vc32768_r0/xla,False
A100-80GB,gpu,exp0018_gpu-a100-80gb-4_torch_eager_chunked_matmul_loop_b16_L512_fsdp4_tp1_tc256_vc65536_fsdp4_tp1_tc256_vc65536_r0,,-1,256/65536,128,4,A100:4:80GB,eager,18,4,16,primary_gpu_baseline,gpu-a100-80gb-4,320,Chansungs-MacBook-Pro-2.local,10,"fsdp=4,tp=1",chunked_matmul_loop,dense-synthetic,,0,/Users/deep-diver/Developers/TUNIX-TRY/01-CCE/data/mesh_pathology_dense_a100_torch/runs/exp0018_gpu-a100-80gb-4_torch_eager_chunked_matmul_loop_b16_L512_fsdp4_tp1_tc256_vc65536_fsdp4_tp1_tc256_vc65536_r0,20260616T031040Z,gpu-a100-80gb-4/torch_eager_chunked_matmul_loop,0,512,b16/L512,b16_L512_fsdp4_tp1_tc256_vc65536,2026-06-16T03:10:40+00:00,256,32,1,65536,4,262144,3,PyTorch eager chunk-loop projection matmul without XLA.,torch_eager_chunked_matmul_loop,torch_microbench,/Users/deep-diver/Developers/TUNIX-TRY/01-CCE/data/mesh_pathology_dense_a100_torch/runs/exp0018_gpu-a100-80gb-4_torch_eager_chunked_matmul_loop_b16_L512_fsdp4_tp1_tc256_vc65536_fsdp4_tp1_tc256_vc65536_r0/xla,False
A100-80GB,gpu,exp0019_gpu-a100-80gb-4_torch_eager_chunked_matmul_loop_b16_L512_fsdp4_tp1_tc256_vc131072_fsdp4_tp1_tc256_vc131072_r0,,-1,256/131072,64,4,A100:4:80GB,eager,19,4,16,primary_gpu_baseline,gpu-a100-80gb-4,320,Chansungs-MacBook-Pro-2.local,10,"fsdp=4,tp=1",chunked_matmul_loop,dense-synthetic,,0,/Users/deep-diver/Developers/TUNIX-TRY/01-CCE/data/mesh_pathology_dense_a100_torch/runs/exp0019_gpu-a100-80gb-4_torch_eager_chunked_matmul_loop_b16_L512_fsdp4_tp1_tc256_vc131072_fsdp4_tp1_tc256_vc131072_r0,20260616T031040Z,gpu-a100-80gb-4/torch_eager_chunked_matmul_loop,0,512,b16/L512,b16_L512_fsdp4_tp1_tc256_vc131072,2026-06-16T03:10:40+00:00,256,32,1,131072,2,262144,3,PyTorch eager chunk-loop projection matmul without XLA.,torch_eager_chunked_matmul_loop,torch_microbench,/Users/deep-diver/Developers/TUNIX-TRY/01-CCE/data/mesh_pathology_dense_a100_torch/runs/exp0019_gpu-a100-80gb-4_torch_eager_chunked_matmul_loop_b16_L512_fsdp4_tp1_tc256_vc131072_fsdp4_tp1_tc256_vc131072_r0/xla,False
A100-80GB,gpu,exp0020_gpu-a100-80gb-4_torch_eager_chunked_matmul_loop_b16_L512_fsdp4_tp1_tc256_vc262144_fsdp4_tp1_tc256_vc262144_r0,,-1,256/262144,32,4,A100:4:80GB,eager,20,4,16,primary_gpu_baseline,gpu-a100-80gb-4,320,Chansungs-MacBook-Pro-2.local,10,"fsdp=4,tp=1",chunked_matmul_loop,dense-synthetic,,0,/Users/deep-diver/Developers/TUNIX-TRY/01-CCE/data/mesh_pathology_dense_a100_torch/runs/exp0020_gpu-a100-80gb-4_torch_eager_chunked_matmul_loop_b16_L512_fsdp4_tp1_tc256_vc262144_fsdp4_tp1_tc256_vc262144_r0,20260616T031040Z,gpu-a100-80gb-4/torch_eager_chunked_matmul_loop,0,512,b16/L512,b16_L512_fsdp4_tp1_tc256_vc262144,2026-06-16T03:10:40+00:00,256,32,1,262144,1,262144,3,PyTorch eager chunk-loop projection matmul without XLA.,torch_eager_chunked_matmul_loop,torch_microbench,/Users/deep-diver/Developers/TUNIX-TRY/01-CCE/data/mesh_pathology_dense_a100_torch/runs/exp0020_gpu-a100-80gb-4_torch_eager_chunked_matmul_loop_b16_L512_fsdp4_tp1_tc256_vc262144_fsdp4_tp1_tc256_vc262144_r0/xla,False
A100-80GB,gpu,exp0021_gpu-a100-80gb-4_torch_eager_chunked_matmul_loop_b16_L512_fsdp4_tp1_tc512_vc4096_fsdp4_tp1_tc512_vc4096_r0,,-1,512/4096,1024,4,A100:4:80GB,eager,21,4,16,primary_gpu_baseline,gpu-a100-80gb-4,320,Chansungs-MacBook-Pro-2.local,10,"fsdp=4,tp=1",chunked_matmul_loop,dense-synthetic,,0,/Users/deep-diver/Developers/TUNIX-TRY/01-CCE/data/mesh_pathology_dense_a100_torch/runs/exp0021_gpu-a100-80gb-4_torch_eager_chunked_matmul_loop_b16_L512_fsdp4_tp1_tc512_vc4096_fsdp4_tp1_tc512_vc4096_r0,20260616T031040Z,gpu-a100-80gb-4/torch_eager_chunked_matmul_loop,0,512,b16/L512,b16_L512_fsdp4_tp1_tc512_vc4096,2026-06-16T03:10:40+00:00,512,16,1,4096,64,262144,3,PyTorch eager chunk-loop projection matmul without XLA.,torch_eager_chunked_matmul_loop,torch_microbench,/Users/deep-diver/Developers/TUNIX-TRY/01-CCE/data/mesh_pathology_dense_a100_torch/runs/exp0021_gpu-a100-80gb-4_torch_eager_chunked_matmul_loop_b16_L512_fsdp4_tp1_tc512_vc4096_fsdp4_tp1_tc512_vc4096_r0/xla,False
A100-80GB,gpu,exp0022_gpu-a100-80gb-4_torch_eager_chunked_matmul_loop_b16_L512_fsdp4_tp1_tc512_vc8192_fsdp4_tp1_tc512_vc8192_r0,,-1,512/8192,512,4,A100:4:80GB,eager,22,4,16,primary_gpu_baseline,gpu-a100-80gb-4,320,Chansungs-MacBook-Pro-2.local,10,"fsdp=4,tp=1",chunked_matmul_loop,dense-synthetic,,0,/Users/deep-diver/Developers/TUNIX-TRY/01-CCE/data/mesh_pathology_dense_a100_torch/runs/exp0022_gpu-a100-80gb-4_torch_eager_chunked_matmul_loop_b16_L512_fsdp4_tp1_tc512_vc8192_fsdp4_tp1_tc512_vc8192_r0,20260616T031040Z,gpu-a100-80gb-4/torch_eager_chunked_matmul_loop,0,512,b16/L512,b16_L512_fsdp4_tp1_tc512_vc8192,2026-06-16T03:10:40+00:00,512,16,1,8192,32,262144,3,PyTorch eager chunk-loop projection matmul without XLA.,torch_eager_chunked_matmul_loop,torch_microbench,/Users/deep-diver/Developers/TUNIX-TRY/01-CCE/data/mesh_pathology_dense_a100_torch/runs/exp0022_gpu-a100-80gb-4_torch_eager_chunked_matmul_loop_b16_L512_fsdp4_tp1_tc512_vc8192_fsdp4_tp1_tc512_vc8192_r0/xla,False
A100-80GB,gpu,exp0023_gpu-a100-80gb-4_torch_eager_chunked_matmul_loop_b16_L512_fsdp4_tp1_tc512_vc16384_fsdp4_tp1_tc512_vc16384_r0,,-1,512/16384,256,4,A100:4:80GB,eager,23,4,16,primary_gpu_baseline,gpu-a100-80gb-4,320,Chansungs-MacBook-Pro-2.local,10,"fsdp=4,tp=1",chunked_matmul_loop,dense-synthetic,,0,/Users/deep-diver/Developers/TUNIX-TRY/01-CCE/data/mesh_pathology_dense_a100_torch/runs/exp0023_gpu-a100-80gb-4_torch_eager_chunked_matmul_loop_b16_L512_fsdp4_tp1_tc512_vc16384_fsdp4_tp1_tc512_vc16384_r0,20260616T031040Z,gpu-a100-80gb-4/torch_eager_chunked_matmul_loop,0,512,b16/L512,b16_L512_fsdp4_tp1_tc512_vc16384,2026-06-16T03:10:40+00:00,512,16,1,16384,16,262144,3,PyTorch eager chunk-loop projection matmul without XLA.,torch_eager_chunked_matmul_loop,torch_microbench,/Users/deep-diver/Developers/TUNIX-TRY/01-CCE/data/mesh_pathology_dense_a100_torch/runs/exp0023_gpu-a100-80gb-4_torch_eager_chunked_matmul_loop_b16_L512_fsdp4_tp1_tc512_vc16384_fsdp4_tp1_tc512_vc16384_r0/xla,False
A100-80GB,gpu,exp0025_gpu-a100-80gb-4_torch_eager_chunked_matmul_loop_b16_L512_fsdp4_tp1_tc512_vc65536_fsdp4_tp1_tc512_vc65536_r0,,-1,512/65536,64,4,A100:4:80GB,eager,25,4,16,primary_gpu_baseline,gpu-a100-80gb-4,320,Chansungs-MacBook-Pro-2.local,10,"fsdp=4,tp=1",chunked_matmul_loop,dense-synthetic,,0,/Users/deep-diver/Developers/TUNIX-TRY/01-CCE/data/mesh_pathology_dense_a100_torch/runs/exp0025_gpu-a100-80gb-4_torch_eager_chunked_matmul_loop_b16_L512_fsdp4_tp1_tc512_vc65536_fsdp4_tp1_tc512_vc65536_r0,20260616T031040Z,gpu-a100-80gb-4/torch_eager_chunked_matmul_loop,0,512,b16/L512,b16_L512_fsdp4_tp1_tc512_vc65536,2026-06-16T03:10:40+00:00,512,16,1,65536,4,262144,3,PyTorch eager chunk-loop projection matmul without XLA.,torch_eager_chunked_matmul_loop,torch_microbench,/Users/deep-diver/Developers/TUNIX-TRY/01-CCE/data/mesh_pathology_dense_a100_torch/runs/exp0025_gpu-a100-80gb-4_torch_eager_chunked_matmul_loop_b16_L512_fsdp4_tp1_tc512_vc65536_fsdp4_tp1_tc512_vc65536_r0/xla,False
A100-80GB,gpu,exp0026_gpu-a100-80gb-4_torch_eager_chunked_matmul_loop_b16_L512_fsdp4_tp1_tc512_vc131072_fsdp4_tp1_tc512_vc131072_r0,,-1,512/131072,32,4,A100:4:80GB,eager,26,4,16,primary_gpu_baseline,gpu-a100-80gb-4,320,Chansungs-MacBook-Pro-2.local,10,"fsdp=4,tp=1",chunked_matmul_loop,dense-synthetic,,0,/Users/deep-diver/Developers/TUNIX-TRY/01-CCE/data/mesh_pathology_dense_a100_torch/runs/exp0026_gpu-a100-80gb-4_torch_eager_chunked_matmul_loop_b16_L512_fsdp4_tp1_tc512_vc131072_fsdp4_tp1_tc512_vc131072_r0,20260616T031040Z,gpu-a100-80gb-4/torch_eager_chunked_matmul_loop,0,512,b16/L512,b16_L512_fsdp4_tp1_tc512_vc131072,2026-06-16T03:10:40+00:00,512,16,1,131072,2,262144,3,PyTorch eager chunk-loop projection matmul without XLA.,torch_eager_chunked_matmul_loop,torch_microbench,/Users/deep-diver/Developers/TUNIX-TRY/01-CCE/data/mesh_pathology_dense_a100_torch/runs/exp0026_gpu-a100-80gb-4_torch_eager_chunked_matmul_loop_b16_L512_fsdp4_tp1_tc512_vc131072_fsdp4_tp1_tc512_vc131072_r0/xla,False
A100-80GB,gpu,exp0027_gpu-a100-80gb-4_torch_eager_chunked_matmul_loop_b16_L512_fsdp4_tp1_tc512_vc262144_fsdp4_tp1_tc512_vc262144_r0,,-1,512/262144,16,4,A100:4:80GB,eager,27,4,16,primary_gpu_baseline,gpu-a100-80gb-4,320,Chansungs-MacBook-Pro-2.local,10,"fsdp=4,tp=1",chunked_matmul_loop,dense-synthetic,,0,/Users/deep-diver/Developers/TUNIX-TRY/01-CCE/data/mesh_pathology_dense_a100_torch/runs/exp0027_gpu-a100-80gb-4_torch_eager_chunked_matmul_loop_b16_L512_fsdp4_tp1_tc512_vc262144_fsdp4_tp1_tc512_vc262144_r0,20260616T031040Z,gpu-a100-80gb-4/torch_eager_chunked_matmul_loop,0,512,b16/L512,b16_L512_fsdp4_tp1_tc512_vc262144,2026-06-16T03:10:40+00:00,512,16,1,262144,1,262144,3,PyTorch eager chunk-loop projection matmul without XLA.,torch_eager_chunked_matmul_loop,torch_microbench,/Users/deep-diver/Developers/TUNIX-TRY/01-CCE/data/mesh_pathology_dense_a100_torch/runs/exp0027_gpu-a100-80gb-4_torch_eager_chunked_matmul_loop_b16_L512_fsdp4_tp1_tc512_vc262144_fsdp4_tp1_tc512_vc262144_r0/xla,False
A100-80GB,gpu,exp0028_gpu-a100-80gb-4_torch_eager_chunked_matmul_loop_b16_L512_fsdp4_tp1_tc1024_vc4096_fsdp4_tp1_tc1024_vc4096_r0,,-1,1024/4096,512,4,A100:4:80GB,eager,28,4,16,primary_gpu_baseline,gpu-a100-80gb-4,320,Chansungs-MacBook-Pro-2.local,10,"fsdp=4,tp=1",chunked_matmul_loop,dense-synthetic,,0,/Users/deep-diver/Developers/TUNIX-TRY/01-CCE/data/mesh_pathology_dense_a100_torch/runs/exp0028_gpu-a100-80gb-4_torch_eager_chunked_matmul_loop_b16_L512_fsdp4_tp1_tc1024_vc4096_fsdp4_tp1_tc1024_vc4096_r0,20260616T031040Z,gpu-a100-80gb-4/torch_eager_chunked_matmul_loop,0,512,b16/L512,b16_L512_fsdp4_tp1_tc1024_vc4096,2026-06-16T03:10:40+00:00,1024,8,1,4096,64,262144,3,PyTorch eager chunk-loop projection matmul without XLA.,torch_eager_chunked_matmul_loop,torch_microbench,/Users/deep-diver/Developers/TUNIX-TRY/01-CCE/data/mesh_pathology_dense_a100_torch/runs/exp0028_gpu-a100-80gb-4_torch_eager_chunked_matmul_loop_b16_L512_fsdp4_tp1_tc1024_vc4096_fsdp4_tp1_tc1024_vc4096_r0/xla,False
A100-80GB,gpu,exp0029_gpu-a100-80gb-4_torch_eager_chunked_matmul_loop_b16_L512_fsdp4_tp1_tc1024_vc8192_fsdp4_tp1_tc1024_vc8192_r0,,-1,1024/8192,256,4,A100:4:80GB,eager,29,4,16,primary_gpu_baseline,gpu-a100-80gb-4,320,Chansungs-MacBook-Pro-2.local,10,"fsdp=4,tp=1",chunked_matmul_loop,dense-synthetic,,0,/Users/deep-diver/Developers/TUNIX-TRY/01-CCE/data/mesh_pathology_dense_a100_torch/runs/exp0029_gpu-a100-80gb-4_torch_eager_chunked_matmul_loop_b16_L512_fsdp4_tp1_tc1024_vc8192_fsdp4_tp1_tc1024_vc8192_r0,20260616T031040Z,gpu-a100-80gb-4/torch_eager_chunked_matmul_loop,0,512,b16/L512,b16_L512_fsdp4_tp1_tc1024_vc8192,2026-06-16T03:10:40+00:00,1024,8,1,8192,32,262144,3,PyTorch eager chunk-loop projection matmul without XLA.,torch_eager_chunked_matmul_loop,torch_microbench,/Users/deep-diver/Developers/TUNIX-TRY/01-CCE/data/mesh_pathology_dense_a100_torch/runs/exp0029_gpu-a100-80gb-4_torch_eager_chunked_matmul_loop_b16_L512_fsdp4_tp1_tc1024_vc8192_fsdp4_tp1_tc1024_vc8192_r0/xla,False
A100-80GB,gpu,exp0030_gpu-a100-80gb-4_torch_eager_chunked_matmul_loop_b16_L512_fsdp4_tp1_tc1024_vc16384_fsdp4_tp1_tc1024_vc16384_r0,,-1,1024/16384,128,4,A100:4:80GB,eager,30,4,16,primary_gpu_baseline,gpu-a100-80gb-4,320,Chansungs-MacBook-Pro-2.local,10,"fsdp=4,tp=1",chunked_matmul_loop,dense-synthetic,,0,/Users/deep-diver/Developers/TUNIX-TRY/01-CCE/data/mesh_pathology_dense_a100_torch/runs/exp0030_gpu-a100-80gb-4_torch_eager_chunked_matmul_loop_b16_L512_fsdp4_tp1_tc1024_vc16384_fsdp4_tp1_tc1024_vc16384_r0,20260616T031040Z,gpu-a100-80gb-4/torch_eager_chunked_matmul_loop,0,512,b16/L512,b16_L512_fsdp4_tp1_tc1024_vc16384,2026-06-16T03:10:40+00:00,1024,8,1,16384,16,262144,3,PyTorch eager chunk-loop projection matmul without XLA.,torch_eager_chunked_matmul_loop,torch_microbench,/Users/deep-diver/Developers/TUNIX-TRY/01-CCE/data/mesh_pathology_dense_a100_torch/runs/exp0030_gpu-a100-80gb-4_torch_eager_chunked_matmul_loop_b16_L512_fsdp4_tp1_tc1024_vc16384_fsdp4_tp1_tc1024_vc16384_r0/xla,False
A100-80GB,gpu,exp0031_gpu-a100-80gb-4_torch_eager_chunked_matmul_loop_b16_L512_fsdp4_tp1_tc1024_vc32768_fsdp4_tp1_tc1024_vc32768_r0,,-1,1024/32768,64,4,A100:4:80GB,eager,31,4,16,primary_gpu_baseline,gpu-a100-80gb-4,320,Chansungs-MacBook-Pro-2.local,10,"fsdp=4,tp=1",chunked_matmul_loop,dense-synthetic,,0,/Users/deep-diver/Developers/TUNIX-TRY/01-CCE/data/mesh_pathology_dense_a100_torch/runs/exp0031_gpu-a100-80gb-4_torch_eager_chunked_matmul_loop_b16_L512_fsdp4_tp1_tc1024_vc32768_fsdp4_tp1_tc1024_vc32768_r0,20260616T031040Z,gpu-a100-80gb-4/torch_eager_chunked_matmul_loop,0,512,b16/L512,b16_L512_fsdp4_tp1_tc1024_vc32768,2026-06-16T03:10:40+00:00,1024,8,1,32768,8,262144,3,PyTorch eager chunk-loop projection matmul without XLA.,torch_eager_chunked_matmul_loop,torch_microbench,/Users/deep-diver/Developers/TUNIX-TRY/01-CCE/data/mesh_pathology_dense_a100_torch/runs/exp0031_gpu-a100-80gb-4_torch_eager_chunked_matmul_loop_b16_L512_fsdp4_tp1_tc1024_vc32768_fsdp4_tp1_tc1024_vc32768_r0/xla,False
A100-80GB,gpu,exp0033_gpu-a100-80gb-4_torch_eager_chunked_matmul_loop_b16_L512_fsdp4_tp1_tc1024_vc131072_fsdp4_tp1_tc1024_vc131072_r0,,-1,1024/131072,16,4,A100:4:80GB,eager,33,4,16,primary_gpu_baseline,gpu-a100-80gb-4,320,Chansungs-MacBook-Pro-2.local,10,"fsdp=4,tp=1",chunked_matmul_loop,dense-synthetic,,0,/Users/deep-diver/Developers/TUNIX-TRY/01-CCE/data/mesh_pathology_dense_a100_torch/runs/exp0033_gpu-a100-80gb-4_torch_eager_chunked_matmul_loop_b16_L512_fsdp4_tp1_tc1024_vc131072_fsdp4_tp1_tc1024_vc131072_r0,20260616T031040Z,gpu-a100-80gb-4/torch_eager_chunked_matmul_loop,0,512,b16/L512,b16_L512_fsdp4_tp1_tc1024_vc131072,2026-06-16T03:10:40+00:00,1024,8,1,131072,2,262144,3,PyTorch eager chunk-loop projection matmul without XLA.,torch_eager_chunked_matmul_loop,torch_microbench,/Users/deep-diver/Developers/TUNIX-TRY/01-CCE/data/mesh_pathology_dense_a100_torch/runs/exp0033_gpu-a100-80gb-4_torch_eager_chunked_matmul_loop_b16_L512_fsdp4_tp1_tc1024_vc131072_fsdp4_tp1_tc1024_vc131072_r0/xla,False
A100-80GB,gpu,exp0034_gpu-a100-80gb-4_torch_eager_chunked_matmul_loop_b16_L512_fsdp4_tp1_tc1024_vc262144_fsdp4_tp1_tc1024_vc262144_r0,,-1,1024/262144,8,4,A100:4:80GB,eager,34,4,16,primary_gpu_baseline,gpu-a100-80gb-4,320,Chansungs-MacBook-Pro-2.local,10,"fsdp=4,tp=1",chunked_matmul_loop,dense-synthetic,,0,/Users/deep-diver/Developers/TUNIX-TRY/01-CCE/data/mesh_pathology_dense_a100_torch/runs/exp0034_gpu-a100-80gb-4_torch_eager_chunked_matmul_loop_b16_L512_fsdp4_tp1_tc1024_vc262144_fsdp4_tp1_tc1024_vc262144_r0,20260616T031040Z,gpu-a100-80gb-4/torch_eager_chunked_matmul_loop,0,512,b16/L512,b16_L512_fsdp4_tp1_tc1024_vc262144,2026-06-16T03:10:40+00:00,1024,8,1,262144,1,262144,3,PyTorch eager chunk-loop projection matmul without XLA.,torch_eager_chunked_matmul_loop,torch_microbench,/Users/deep-diver/Developers/TUNIX-TRY/01-CCE/data/mesh_pathology_dense_a100_torch/runs/exp0034_gpu-a100-80gb-4_torch_eager_chunked_matmul_loop_b16_L512_fsdp4_tp1_tc1024_vc262144_fsdp4_tp1_tc1024_vc262144_r0/xla,False
A100-80GB,gpu,exp0035_gpu-a100-80gb-4_torch_eager_chunked_matmul_loop_b16_L512_fsdp2_tp2_tc64_vc4096_fsdp2_tp2_tc64_vc4096_r0,,-1,64/4096,8192,4,A100:4:80GB,eager,35,2,16,primary_gpu_baseline,gpu-a100-80gb-4,320,Chansungs-MacBook-Pro-2.local,10,"fsdp=2,tp=2",chunked_matmul_loop,dense-synthetic,,0,/Users/deep-diver/Developers/TUNIX-TRY/01-CCE/data/mesh_pathology_dense_a100_torch/runs/exp0035_gpu-a100-80gb-4_torch_eager_chunked_matmul_loop_b16_L512_fsdp2_tp2_tc64_vc4096_fsdp2_tp2_tc64_vc4096_r0,20260616T031040Z,gpu-a100-80gb-4/torch_eager_chunked_matmul_loop,0,512,b16/L512,b16_L512_fsdp2_tp2_tc64_vc4096,2026-06-16T03:10:40+00:00,64,128,2,4096,64,262144,3,PyTorch eager chunk-loop projection matmul without XLA.,torch_eager_chunked_matmul_loop,torch_microbench,/Users/deep-diver/Developers/TUNIX-TRY/01-CCE/data/mesh_pathology_dense_a100_torch/runs/exp0035_gpu-a100-80gb-4_torch_eager_chunked_matmul_loop_b16_L512_fsdp2_tp2_tc64_vc4096_fsdp2_tp2_tc64_vc4096_r0/xla,False
A100-80GB,gpu,exp0036_gpu-a100-80gb-4_torch_eager_chunked_matmul_loop_b16_L512_fsdp2_tp2_tc64_vc8192_fsdp2_tp2_tc64_vc8192_r0,,-1,64/8192,4096,4,A100:4:80GB,eager,36,2,16,primary_gpu_baseline,gpu-a100-80gb-4,320,Chansungs-MacBook-Pro-2.local,10,"fsdp=2,tp=2",chunked_matmul_loop,dense-synthetic,,0,/Users/deep-diver/Developers/TUNIX-TRY/01-CCE/data/mesh_pathology_dense_a100_torch/runs/exp0036_gpu-a100-80gb-4_torch_eager_chunked_matmul_loop_b16_L512_fsdp2_tp2_tc64_vc8192_fsdp2_tp2_tc64_vc8192_r0,20260616T031040Z,gpu-a100-80gb-4/torch_eager_chunked_matmul_loop,0,512,b16/L512,b16_L512_fsdp2_tp2_tc64_vc8192,2026-06-16T03:10:40+00:00,64,128,2,8192,32,262144,3,PyTorch eager chunk-loop projection matmul without XLA.,torch_eager_chunked_matmul_loop,torch_microbench,/Users/deep-diver/Developers/TUNIX-TRY/01-CCE/data/mesh_pathology_dense_a100_torch/runs/exp0036_gpu-a100-80gb-4_torch_eager_chunked_matmul_loop_b16_L512_fsdp2_tp2_tc64_vc8192_fsdp2_tp2_tc64_vc8192_r0/xla,False
A100-80GB,gpu,exp0037_gpu-a100-80gb-4_torch_eager_chunked_matmul_loop_b16_L512_fsdp2_tp2_tc64_vc16384_fsdp2_tp2_tc64_vc16384_r0,,-1,64/16384,2048,4,A100:4:80GB,eager,37,2,16,primary_gpu_baseline,gpu-a100-80gb-4,320,Chansungs-MacBook-Pro-2.local,10,"fsdp=2,tp=2",chunked_matmul_loop,dense-synthetic,,0,/Users/deep-diver/Developers/TUNIX-TRY/01-CCE/data/mesh_pathology_dense_a100_torch/runs/exp0037_gpu-a100-80gb-4_torch_eager_chunked_matmul_loop_b16_L512_fsdp2_tp2_tc64_vc16384_fsdp2_tp2_tc64_vc16384_r0,20260616T031040Z,gpu-a100-80gb-4/torch_eager_chunked_matmul_loop,0,512,b16/L512,b16_L512_fsdp2_tp2_tc64_vc16384,2026-06-16T03:10:40+00:00,64,128,2,16384,16,262144,3,PyTorch eager chunk-loop projection matmul without XLA.,torch_eager_chunked_matmul_loop,torch_microbench,/Users/deep-diver/Developers/TUNIX-TRY/01-CCE/data/mesh_pathology_dense_a100_torch/runs/exp0037_gpu-a100-80gb-4_torch_eager_chunked_matmul_loop_b16_L512_fsdp2_tp2_tc64_vc16384_fsdp2_tp2_tc64_vc16384_r0/xla,False
A100-80GB,gpu,exp0038_gpu-a100-80gb-4_torch_eager_chunked_matmul_loop_b16_L512_fsdp2_tp2_tc64_vc32768_fsdp2_tp2_tc64_vc32768_r0,,-1,64/32768,1024,4,A100:4:80GB,eager,38,2,16,primary_gpu_baseline,gpu-a100-80gb-4,320,Chansungs-MacBook-Pro-2.local,10,"fsdp=2,tp=2",chunked_matmul_loop,dense-synthetic,,0,/Users/deep-diver/Developers/TUNIX-TRY/01-CCE/data/mesh_pathology_dense_a100_torch/runs/exp0038_gpu-a100-80gb-4_torch_eager_chunked_matmul_loop_b16_L512_fsdp2_tp2_tc64_vc32768_fsdp2_tp2_tc64_vc32768_r0,20260616T031040Z,gpu-a100-80gb-4/torch_eager_chunked_matmul_loop,0,512,b16/L512,b16_L512_fsdp2_tp2_tc64_vc32768,2026-06-16T03:10:40+00:00,64,128,2,32768,8,262144,3,PyTorch eager chunk-loop projection matmul without XLA.,torch_eager_chunked_matmul_loop,torch_microbench,/Users/deep-diver/Developers/TUNIX-TRY/01-CCE/data/mesh_pathology_dense_a100_torch/runs/exp0038_gpu-a100-80gb-4_torch_eager_chunked_matmul_loop_b16_L512_fsdp2_tp2_tc64_vc32768_fsdp2_tp2_tc64_vc32768_r0/xla,False
A100-80GB,gpu,exp0039_gpu-a100-80gb-4_torch_eager_chunked_matmul_loop_b16_L512_fsdp2_tp2_tc64_vc65536_fsdp2_tp2_tc64_vc65536_r0,,-1,64/65536,512,4,A100:4:80GB,eager,39,2,16,primary_gpu_baseline,gpu-a100-80gb-4,320,Chansungs-MacBook-Pro-2.local,10,"fsdp=2,tp=2",chunked_matmul_loop,dense-synthetic,,0,/Users/deep-diver/Developers/TUNIX-TRY/01-CCE/data/mesh_pathology_dense_a100_torch/runs/exp0039_gpu-a100-80gb-4_torch_eager_chunked_matmul_loop_b16_L512_fsdp2_tp2_tc64_vc65536_fsdp2_tp2_tc64_vc65536_r0,20260616T031040Z,gpu-a100-80gb-4/torch_eager_chunked_matmul_loop,0,512,b16/L512,b16_L512_fsdp2_tp2_tc64_vc65536,2026-06-16T03:10:40+00:00,64,128,2,65536,4,262144,3,PyTorch eager chunk-loop projection matmul without XLA.,torch_eager_chunked_matmul_loop,torch_microbench,/Users/deep-diver/Developers/TUNIX-TRY/01-CCE/data/mesh_pathology_dense_a100_torch/runs/exp0039_gpu-a100-80gb-4_torch_eager_chunked_matmul_loop_b16_L512_fsdp2_tp2_tc64_vc65536_fsdp2_tp2_tc64_vc65536_r0/xla,False
A100-80GB,gpu,exp0041_gpu-a100-80gb-4_torch_eager_chunked_matmul_loop_b16_L512_fsdp2_tp2_tc64_vc262144_fsdp2_tp2_tc64_vc262144_r0,,-1,64/262144,128,4,A100:4:80GB,eager,41,2,16,primary_gpu_baseline,gpu-a100-80gb-4,320,Chansungs-MacBook-Pro-2.local,10,"fsdp=2,tp=2",chunked_matmul_loop,dense-synthetic,,0,/Users/deep-diver/Developers/TUNIX-TRY/01-CCE/data/mesh_pathology_dense_a100_torch/runs/exp0041_gpu-a100-80gb-4_torch_eager_chunked_matmul_loop_b16_L512_fsdp2_tp2_tc64_vc262144_fsdp2_tp2_tc64_vc262144_r0,20260616T031040Z,gpu-a100-80gb-4/torch_eager_chunked_matmul_loop,0,512,b16/L512,b16_L512_fsdp2_tp2_tc64_vc262144,2026-06-16T03:10:40+00:00,64,128,2,262144,1,262144,3,PyTorch eager chunk-loop projection matmul without XLA.,torch_eager_chunked_matmul_loop,torch_microbench,/Users/deep-diver/Developers/TUNIX-TRY/01-CCE/data/mesh_pathology_dense_a100_torch/runs/exp0041_gpu-a100-80gb-4_torch_eager_chunked_matmul_loop_b16_L512_fsdp2_tp2_tc64_vc262144_fsdp2_tp2_tc64_vc262144_r0/xla,False
A100-80GB,gpu,exp0042_gpu-a100-80gb-4_torch_eager_chunked_matmul_loop_b16_L512_fsdp2_tp2_tc128_vc4096_fsdp2_tp2_tc128_vc4096_r0,,-1,128/4096,4096,4,A100:4:80GB,eager,42,2,16,primary_gpu_baseline,gpu-a100-80gb-4,320,Chansungs-MacBook-Pro-2.local,10,"fsdp=2,tp=2",chunked_matmul_loop,dense-synthetic,,0,/Users/deep-diver/Developers/TUNIX-TRY/01-CCE/data/mesh_pathology_dense_a100_torch/runs/exp0042_gpu-a100-80gb-4_torch_eager_chunked_matmul_loop_b16_L512_fsdp2_tp2_tc128_vc4096_fsdp2_tp2_tc128_vc4096_r0,20260616T031040Z,gpu-a100-80gb-4/torch_eager_chunked_matmul_loop,0,512,b16/L512,b16_L512_fsdp2_tp2_tc128_vc4096,2026-06-16T03:10:40+00:00,128,64,2,4096,64,262144,3,PyTorch eager chunk-loop projection matmul without XLA.,torch_eager_chunked_matmul_loop,torch_microbench,/Users/deep-diver/Developers/TUNIX-TRY/01-CCE/data/mesh_pathology_dense_a100_torch/runs/exp0042_gpu-a100-80gb-4_torch_eager_chunked_matmul_loop_b16_L512_fsdp2_tp2_tc128_vc4096_fsdp2_tp2_tc128_vc4096_r0/xla,False
A100-80GB,gpu,exp0043_gpu-a100-80gb-4_torch_eager_chunked_matmul_loop_b16_L512_fsdp2_tp2_tc128_vc8192_fsdp2_tp2_tc128_vc8192_r0,,-1,128/8192,2048,4,A100:4:80GB,eager,43,2,16,primary_gpu_baseline,gpu-a100-80gb-4,320,Chansungs-MacBook-Pro-2.local,10,"fsdp=2,tp=2",chunked_matmul_loop,dense-synthetic,,0,/Users/deep-diver/Developers/TUNIX-TRY/01-CCE/data/mesh_pathology_dense_a100_torch/runs/exp0043_gpu-a100-80gb-4_torch_eager_chunked_matmul_loop_b16_L512_fsdp2_tp2_tc128_vc8192_fsdp2_tp2_tc128_vc8192_r0,20260616T031040Z,gpu-a100-80gb-4/torch_eager_chunked_matmul_loop,0,512,b16/L512,b16_L512_fsdp2_tp2_tc128_vc8192,2026-06-16T03:10:40+00:00,128,64,2,8192,32,262144,3,PyTorch eager chunk-loop projection matmul without XLA.,torch_eager_chunked_matmul_loop,torch_microbench,/Users/deep-diver/Developers/TUNIX-TRY/01-CCE/data/mesh_pathology_dense_a100_torch/runs/exp0043_gpu-a100-80gb-4_torch_eager_chunked_matmul_loop_b16_L512_fsdp2_tp2_tc128_vc8192_fsdp2_tp2_tc128_vc8192_r0/xla,False
A100-80GB,gpu,exp0044_gpu-a100-80gb-4_torch_eager_chunked_matmul_loop_b16_L512_fsdp2_tp2_tc128_vc16384_fsdp2_tp2_tc128_vc16384_r0,,-1,128/16384,1024,4,A100:4:80GB,eager,44,2,16,primary_gpu_baseline,gpu-a100-80gb-4,320,Chansungs-MacBook-Pro-2.local,10,"fsdp=2,tp=2",chunked_matmul_loop,dense-synthetic,,0,/Users/deep-diver/Developers/TUNIX-TRY/01-CCE/data/mesh_pathology_dense_a100_torch/runs/exp0044_gpu-a100-80gb-4_torch_eager_chunked_matmul_loop_b16_L512_fsdp2_tp2_tc128_vc16384_fsdp2_tp2_tc128_vc16384_r0,20260616T031040Z,gpu-a100-80gb-4/torch_eager_chunked_matmul_loop,0,512,b16/L512,b16_L512_fsdp2_tp2_tc128_vc16384,2026-06-16T03:10:40+00:00,128,64,2,16384,16,262144,3,PyTorch eager chunk-loop projection matmul without XLA.,torch_eager_chunked_matmul_loop,torch_microbench,/Users/deep-diver/Developers/TUNIX-TRY/01-CCE/data/mesh_pathology_dense_a100_torch/runs/exp0044_gpu-a100-80gb-4_torch_eager_chunked_matmul_loop_b16_L512_fsdp2_tp2_tc128_vc16384_fsdp2_tp2_tc128_vc16384_r0/xla,False
A100-80GB,gpu,exp0045_gpu-a100-80gb-4_torch_eager_chunked_matmul_loop_b16_L512_fsdp2_tp2_tc128_vc32768_fsdp2_tp2_tc128_vc32768_r0,,-1,128/32768,512,4,A100:4:80GB,eager,45,2,16,primary_gpu_baseline,gpu-a100-80gb-4,320,Chansungs-MacBook-Pro-2.local,10,"fsdp=2,tp=2",chunked_matmul_loop,dense-synthetic,,0,/Users/deep-diver/Developers/TUNIX-TRY/01-CCE/data/mesh_pathology_dense_a100_torch/runs/exp0045_gpu-a100-80gb-4_torch_eager_chunked_matmul_loop_b16_L512_fsdp2_tp2_tc128_vc32768_fsdp2_tp2_tc128_vc32768_r0,20260616T031040Z,gpu-a100-80gb-4/torch_eager_chunked_matmul_loop,0,512,b16/L512,b16_L512_fsdp2_tp2_tc128_vc32768,2026-06-16T03:10:40+00:00,128,64,2,32768,8,262144,3,PyTorch eager chunk-loop projection matmul without XLA.,torch_eager_chunked_matmul_loop,torch_microbench,/Users/deep-diver/Developers/TUNIX-TRY/01-CCE/data/mesh_pathology_dense_a100_torch/runs/exp0045_gpu-a100-80gb-4_torch_eager_chunked_matmul_loop_b16_L512_fsdp2_tp2_tc128_vc32768_fsdp2_tp2_tc128_vc32768_r0/xla,False
A100-80GB,gpu,exp0046_gpu-a100-80gb-4_torch_eager_chunked_matmul_loop_b16_L512_fsdp2_tp2_tc128_vc65536_fsdp2_tp2_tc128_vc65536_r0,,-1,128/65536,256,4,A100:4:80GB,eager,46,2,16,primary_gpu_baseline,gpu-a100-80gb-4,320,Chansungs-MacBook-Pro-2.local,10,"fsdp=2,tp=2",chunked_matmul_loop,dense-synthetic,,0,/Users/deep-diver/Developers/TUNIX-TRY/01-CCE/data/mesh_pathology_dense_a100_torch/runs/exp0046_gpu-a100-80gb-4_torch_eager_chunked_matmul_loop_b16_L512_fsdp2_tp2_tc128_vc65536_fsdp2_tp2_tc128_vc65536_r0,20260616T031040Z,gpu-a100-80gb-4/torch_eager_chunked_matmul_loop,0,512,b16/L512,b16_L512_fsdp2_tp2_tc128_vc65536,2026-06-16T03:10:40+00:00,128,64,2,65536,4,262144,3,PyTorch eager chunk-loop projection matmul without XLA.,torch_eager_chunked_matmul_loop,torch_microbench,/Users/deep-diver/Developers/TUNIX-TRY/01-CCE/data/mesh_pathology_dense_a100_torch/runs/exp0046_gpu-a100-80gb-4_torch_eager_chunked_matmul_loop_b16_L512_fsdp2_tp2_tc128_vc65536_fsdp2_tp2_tc128_vc65536_r0/xla,False
A100-80GB,gpu,exp0047_gpu-a100-80gb-4_torch_eager_chunked_matmul_loop_b16_L512_fsdp2_tp2_tc128_vc131072_fsdp2_tp2_tc128_vc131072_r0,,-1,128/131072,128,4,A100:4:80GB,eager,47,2,16,primary_gpu_baseline,gpu-a100-80gb-4,320,Chansungs-MacBook-Pro-2.local,10,"fsdp=2,tp=2",chunked_matmul_loop,dense-synthetic,,0,/Users/deep-diver/Developers/TUNIX-TRY/01-CCE/data/mesh_pathology_dense_a100_torch/runs/exp0047_gpu-a100-80gb-4_torch_eager_chunked_matmul_loop_b16_L512_fsdp2_tp2_tc128_vc131072_fsdp2_tp2_tc128_vc131072_r0,20260616T031040Z,gpu-a100-80gb-4/torch_eager_chunked_matmul_loop,0,512,b16/L512,b16_L512_fsdp2_tp2_tc128_vc131072,2026-06-16T03:10:40+00:00,128,64,2,131072,2,262144,3,PyTorch eager chunk-loop projection matmul without XLA.,torch_eager_chunked_matmul_loop,torch_microbench,/Users/deep-diver/Developers/TUNIX-TRY/01-CCE/data/mesh_pathology_dense_a100_torch/runs/exp0047_gpu-a100-80gb-4_torch_eager_chunked_matmul_loop_b16_L512_fsdp2_tp2_tc128_vc131072_fsdp2_tp2_tc128_vc131072_r0/xla,False
A100-80GB,gpu,exp0049_gpu-a100-80gb-4_torch_eager_chunked_matmul_loop_b16_L512_fsdp2_tp2_tc256_vc4096_fsdp2_tp2_tc256_vc4096_r0,,-1,256/4096,2048,4,A100:4:80GB,eager,49,2,16,primary_gpu_baseline,gpu-a100-80gb-4,320,Chansungs-MacBook-Pro-2.local,10,"fsdp=2,tp=2",chunked_matmul_loop,dense-synthetic,,0,/Users/deep-diver/Developers/TUNIX-TRY/01-CCE/data/mesh_pathology_dense_a100_torch/runs/exp0049_gpu-a100-80gb-4_torch_eager_chunked_matmul_loop_b16_L512_fsdp2_tp2_tc256_vc4096_fsdp2_tp2_tc256_vc4096_r0,20260616T031040Z,gpu-a100-80gb-4/torch_eager_chunked_matmul_loop,0,512,b16/L512,b16_L512_fsdp2_tp2_tc256_vc4096,2026-06-16T03:10:40+00:00,256,32,2,4096,64,262144,3,PyTorch eager chunk-loop projection matmul without XLA.,torch_eager_chunked_matmul_loop,torch_microbench,/Users/deep-diver/Developers/TUNIX-TRY/01-CCE/data/mesh_pathology_dense_a100_torch/runs/exp0049_gpu-a100-80gb-4_torch_eager_chunked_matmul_loop_b16_L512_fsdp2_tp2_tc256_vc4096_fsdp2_tp2_tc256_vc4096_r0/xla,False
A100-80GB,gpu,exp0050_gpu-a100-80gb-4_torch_eager_chunked_matmul_loop_b16_L512_fsdp2_tp2_tc256_vc8192_fsdp2_tp2_tc256_vc8192_r0,,-1,256/8192,1024,4,A100:4:80GB,eager,50,2,16,primary_gpu_baseline,gpu-a100-80gb-4,320,Chansungs-MacBook-Pro-2.local,10,"fsdp=2,tp=2",chunked_matmul_loop,dense-synthetic,,0,/Users/deep-diver/Developers/TUNIX-TRY/01-CCE/data/mesh_pathology_dense_a100_torch/runs/exp0050_gpu-a100-80gb-4_torch_eager_chunked_matmul_loop_b16_L512_fsdp2_tp2_tc256_vc8192_fsdp2_tp2_tc256_vc8192_r0,20260616T031040Z,gpu-a100-80gb-4/torch_eager_chunked_matmul_loop,0,512,b16/L512,b16_L512_fsdp2_tp2_tc256_vc8192,2026-06-16T03:10:40+00:00,256,32,2,8192,32,262144,3,PyTorch eager chunk-loop projection matmul without XLA.,torch_eager_chunked_matmul_loop,torch_microbench,/Users/deep-diver/Developers/TUNIX-TRY/01-CCE/data/mesh_pathology_dense_a100_torch/runs/exp0050_gpu-a100-80gb-4_torch_eager_chunked_matmul_loop_b16_L512_fsdp2_tp2_tc256_vc8192_fsdp2_tp2_tc256_vc8192_r0/xla,False
A100-80GB,gpu,exp0051_gpu-a100-80gb-4_torch_eager_chunked_matmul_loop_b16_L512_fsdp2_tp2_tc256_vc16384_fsdp2_tp2_tc256_vc16384_r0,,-1,256/16384,512,4,A100:4:80GB,eager,51,2,16,primary_gpu_baseline,gpu-a100-80gb-4,320,Chansungs-MacBook-Pro-2.local,10,"fsdp=2,tp=2",chunked_matmul_loop,dense-synthetic,,0,/Users/deep-diver/Developers/TUNIX-TRY/01-CCE/data/mesh_pathology_dense_a100_torch/runs/exp0051_gpu-a100-80gb-4_torch_eager_chunked_matmul_loop_b16_L512_fsdp2_tp2_tc256_vc16384_fsdp2_tp2_tc256_vc16384_r0,20260616T031040Z,gpu-a100-80gb-4/torch_eager_chunked_matmul_loop,0,512,b16/L512,b16_L512_fsdp2_tp2_tc256_vc16384,2026-06-16T03:10:40+00:00,256,32,2,16384,16,262144,3,PyTorch eager chunk-loop projection matmul without XLA.,torch_eager_chunked_matmul_loop,torch_microbench,/Users/deep-diver/Developers/TUNIX-TRY/01-CCE/data/mesh_pathology_dense_a100_torch/runs/exp0051_gpu-a100-80gb-4_torch_eager_chunked_matmul_loop_b16_L512_fsdp2_tp2_tc256_vc16384_fsdp2_tp2_tc256_vc16384_r0/xla,False
A100-80GB,gpu,exp0052_gpu-a100-80gb-4_torch_eager_chunked_matmul_loop_b16_L512_fsdp2_tp2_tc256_vc32768_fsdp2_tp2_tc256_vc32768_r0,,-1,256/32768,256,4,A100:4:80GB,eager,52,2,16,primary_gpu_baseline,gpu-a100-80gb-4,320,Chansungs-MacBook-Pro-2.local,10,"fsdp=2,tp=2",chunked_matmul_loop,dense-synthetic,,0,/Users/deep-diver/Developers/TUNIX-TRY/01-CCE/data/mesh_pathology_dense_a100_torch/runs/exp0052_gpu-a100-80gb-4_torch_eager_chunked_matmul_loop_b16_L512_fsdp2_tp2_tc256_vc32768_fsdp2_tp2_tc256_vc32768_r0,20260616T031040Z,gpu-a100-80gb-4/torch_eager_chunked_matmul_loop,0,512,b16/L512,b16_L512_fsdp2_tp2_tc256_vc32768,2026-06-16T03:10:40+00:00,256,32,2,32768,8,262144,3,PyTorch eager chunk-loop projection matmul without XLA.,torch_eager_chunked_matmul_loop,torch_microbench,/Users/deep-diver/Developers/TUNIX-TRY/01-CCE/data/mesh_pathology_dense_a100_torch/runs/exp0052_gpu-a100-80gb-4_torch_eager_chunked_matmul_loop_b16_L512_fsdp2_tp2_tc256_vc32768_fsdp2_tp2_tc256_vc32768_r0/xla,False
A100-80GB,gpu,exp0053_gpu-a100-80gb-4_torch_eager_chunked_matmul_loop_b16_L512_fsdp2_tp2_tc256_vc65536_fsdp2_tp2_tc256_vc65536_r0,,-1,256/65536,128,4,A100:4:80GB,eager,53,2,16,primary_gpu_baseline,gpu-a100-80gb-4,320,Chansungs-MacBook-Pro-2.local,10,"fsdp=2,tp=2",chunked_matmul_loop,dense-synthetic,,0,/Users/deep-diver/Developers/TUNIX-TRY/01-CCE/data/mesh_pathology_dense_a100_torch/runs/exp0053_gpu-a100-80gb-4_torch_eager_chunked_matmul_loop_b16_L512_fsdp2_tp2_tc256_vc65536_fsdp2_tp2_tc256_vc65536_r0,20260616T031040Z,gpu-a100-80gb-4/torch_eager_chunked_matmul_loop,0,512,b16/L512,b16_L512_fsdp2_tp2_tc256_vc65536,2026-06-16T03:10:40+00:00,256,32,2,65536,4,262144,3,PyTorch eager chunk-loop projection matmul without XLA.,torch_eager_chunked_matmul_loop,torch_microbench,/Users/deep-diver/Developers/TUNIX-TRY/01-CCE/data/mesh_pathology_dense_a100_torch/runs/exp0053_gpu-a100-80gb-4_torch_eager_chunked_matmul_loop_b16_L512_fsdp2_tp2_tc256_vc65536_fsdp2_tp2_tc256_vc65536_r0/xla,False
A100-80GB,gpu,exp0054_gpu-a100-80gb-4_torch_eager_chunked_matmul_loop_b16_L512_fsdp2_tp2_tc256_vc131072_fsdp2_tp2_tc256_vc131072_r0,,-1,256/131072,64,4,A100:4:80GB,eager,54,2,16,primary_gpu_baseline,gpu-a100-80gb-4,320,Chansungs-MacBook-Pro-2.local,10,"fsdp=2,tp=2",chunked_matmul_loop,dense-synthetic,,0,/Users/deep-diver/Developers/TUNIX-TRY/01-CCE/data/mesh_pathology_dense_a100_torch/runs/exp0054_gpu-a100-80gb-4_torch_eager_chunked_matmul_loop_b16_L512_fsdp2_tp2_tc256_vc131072_fsdp2_tp2_tc256_vc131072_r0,20260616T031040Z,gpu-a100-80gb-4/torch_eager_chunked_matmul_loop,0,512,b16/L512,b16_L512_fsdp2_tp2_tc256_vc131072,2026-06-16T03:10:40+00:00,256,32,2,131072,2,262144,3,PyTorch eager chunk-loop projection matmul without XLA.,torch_eager_chunked_matmul_loop,torch_microbench,/Users/deep-diver/Developers/TUNIX-TRY/01-CCE/data/mesh_pathology_dense_a100_torch/runs/exp0054_gpu-a100-80gb-4_torch_eager_chunked_matmul_loop_b16_L512_fsdp2_tp2_tc256_vc131072_fsdp2_tp2_tc256_vc131072_r0/xla,False
A100-80GB,gpu,exp0055_gpu-a100-80gb-4_torch_eager_chunked_matmul_loop_b16_L512_fsdp2_tp2_tc256_vc262144_fsdp2_tp2_tc256_vc262144_r0,,-1,256/262144,32,4,A100:4:80GB,eager,55,2,16,primary_gpu_baseline,gpu-a100-80gb-4,320,Chansungs-MacBook-Pro-2.local,10,"fsdp=2,tp=2",chunked_matmul_loop,dense-synthetic,,0,/Users/deep-diver/Developers/TUNIX-TRY/01-CCE/data/mesh_pathology_dense_a100_torch/runs/exp0055_gpu-a100-80gb-4_torch_eager_chunked_matmul_loop_b16_L512_fsdp2_tp2_tc256_vc262144_fsdp2_tp2_tc256_vc262144_r0,20260616T031040Z,gpu-a100-80gb-4/torch_eager_chunked_matmul_loop,0,512,b16/L512,b16_L512_fsdp2_tp2_tc256_vc262144,2026-06-16T03:10:40+00:00,256,32,2,262144,1,262144,3,PyTorch eager chunk-loop projection matmul without XLA.,torch_eager_chunked_matmul_loop,torch_microbench,/Users/deep-diver/Developers/TUNIX-TRY/01-CCE/data/mesh_pathology_dense_a100_torch/runs/exp0055_gpu-a100-80gb-4_torch_eager_chunked_matmul_loop_b16_L512_fsdp2_tp2_tc256_vc262144_fsdp2_tp2_tc256_vc262144_r0/xla,False
A100-80GB,gpu,exp0057_gpu-a100-80gb-4_torch_eager_chunked_matmul_loop_b16_L512_fsdp2_tp2_tc512_vc8192_fsdp2_tp2_tc512_vc8192_r0,,-1,512/8192,512,4,A100:4:80GB,eager,57,2,16,primary_gpu_baseline,gpu-a100-80gb-4,320,Chansungs-MacBook-Pro-2.local,10,"fsdp=2,tp=2",chunked_matmul_loop,dense-synthetic,,0,/Users/deep-diver/Developers/TUNIX-TRY/01-CCE/data/mesh_pathology_dense_a100_torch/runs/exp0057_gpu-a100-80gb-4_torch_eager_chunked_matmul_loop_b16_L512_fsdp2_tp2_tc512_vc8192_fsdp2_tp2_tc512_vc8192_r0,20260616T031040Z,gpu-a100-80gb-4/torch_eager_chunked_matmul_loop,0,512,b16/L512,b16_L512_fsdp2_tp2_tc512_vc8192,2026-06-16T03:10:40+00:00,512,16,2,8192,32,262144,3,PyTorch eager chunk-loop projection matmul without XLA.,torch_eager_chunked_matmul_loop,torch_microbench,/Users/deep-diver/Developers/TUNIX-TRY/01-CCE/data/mesh_pathology_dense_a100_torch/runs/exp0057_gpu-a100-80gb-4_torch_eager_chunked_matmul_loop_b16_L512_fsdp2_tp2_tc512_vc8192_fsdp2_tp2_tc512_vc8192_r0/xla,False
A100-80GB,gpu,exp0058_gpu-a100-80gb-4_torch_eager_chunked_matmul_loop_b16_L512_fsdp2_tp2_tc512_vc16384_fsdp2_tp2_tc512_vc16384_r0,,-1,512/16384,256,4,A100:4:80GB,eager,58,2,16,primary_gpu_baseline,gpu-a100-80gb-4,320,Chansungs-MacBook-Pro-2.local,10,"fsdp=2,tp=2",chunked_matmul_loop,dense-synthetic,,0,/Users/deep-diver/Developers/TUNIX-TRY/01-CCE/data/mesh_pathology_dense_a100_torch/runs/exp0058_gpu-a100-80gb-4_torch_eager_chunked_matmul_loop_b16_L512_fsdp2_tp2_tc512_vc16384_fsdp2_tp2_tc512_vc16384_r0,20260616T031040Z,gpu-a100-80gb-4/torch_eager_chunked_matmul_loop,0,512,b16/L512,b16_L512_fsdp2_tp2_tc512_vc16384,2026-06-16T03:10:40+00:00,512,16,2,16384,16,262144,3,PyTorch eager chunk-loop projection matmul without XLA.,torch_eager_chunked_matmul_loop,torch_microbench,/Users/deep-diver/Developers/TUNIX-TRY/01-CCE/data/mesh_pathology_dense_a100_torch/runs/exp0058_gpu-a100-80gb-4_torch_eager_chunked_matmul_loop_b16_L512_fsdp2_tp2_tc512_vc16384_fsdp2_tp2_tc512_vc16384_r0/xla,False
A100-80GB,gpu,exp0059_gpu-a100-80gb-4_torch_eager_chunked_matmul_loop_b16_L512_fsdp2_tp2_tc512_vc32768_fsdp2_tp2_tc512_vc32768_r0,,-1,512/32768,128,4,A100:4:80GB,eager,59,2,16,primary_gpu_baseline,gpu-a100-80gb-4,320,Chansungs-MacBook-Pro-2.local,10,"fsdp=2,tp=2",chunked_matmul_loop,dense-synthetic,,0,/Users/deep-diver/Developers/TUNIX-TRY/01-CCE/data/mesh_pathology_dense_a100_torch/runs/exp0059_gpu-a100-80gb-4_torch_eager_chunked_matmul_loop_b16_L512_fsdp2_tp2_tc512_vc32768_fsdp2_tp2_tc512_vc32768_r0,20260616T031040Z,gpu-a100-80gb-4/torch_eager_chunked_matmul_loop,0,512,b16/L512,b16_L512_fsdp2_tp2_tc512_vc32768,2026-06-16T03:10:40+00:00,512,16,2,32768,8,262144,3,PyTorch eager chunk-loop projection matmul without XLA.,torch_eager_chunked_matmul_loop,torch_microbench,/Users/deep-diver/Developers/TUNIX-TRY/01-CCE/data/mesh_pathology_dense_a100_torch/runs/exp0059_gpu-a100-80gb-4_torch_eager_chunked_matmul_loop_b16_L512_fsdp2_tp2_tc512_vc32768_fsdp2_tp2_tc512_vc32768_r0/xla,False
A100-80GB,gpu,exp0060_gpu-a100-80gb-4_torch_eager_chunked_matmul_loop_b16_L512_fsdp2_tp2_tc512_vc65536_fsdp2_tp2_tc512_vc65536_r0,,-1,512/65536,64,4,A100:4:80GB,eager,60,2,16,primary_gpu_baseline,gpu-a100-80gb-4,320,Chansungs-MacBook-Pro-2.local,10,"fsdp=2,tp=2",chunked_matmul_loop,dense-synthetic,,0,/Users/deep-diver/Developers/TUNIX-TRY/01-CCE/data/mesh_pathology_dense_a100_torch/runs/exp0060_gpu-a100-80gb-4_torch_eager_chunked_matmul_loop_b16_L512_fsdp2_tp2_tc512_vc65536_fsdp2_tp2_tc512_vc65536_r0,20260616T031040Z,gpu-a100-80gb-4/torch_eager_chunked_matmul_loop,0,512,b16/L512,b16_L512_fsdp2_tp2_tc512_vc65536,2026-06-16T03:10:40+00:00,512,16,2,65536,4,262144,3,PyTorch eager chunk-loop projection matmul without XLA.,torch_eager_chunked_matmul_loop,torch_microbench,/Users/deep-diver/Developers/TUNIX-TRY/01-CCE/data/mesh_pathology_dense_a100_torch/runs/exp0060_gpu-a100-80gb-4_torch_eager_chunked_matmul_loop_b16_L512_fsdp2_tp2_tc512_vc65536_fsdp2_tp2_tc512_vc65536_r0/xla,False
A100-80GB,gpu,exp0061_gpu-a100-80gb-4_torch_eager_chunked_matmul_loop_b16_L512_fsdp2_tp2_tc512_vc131072_fsdp2_tp2_tc512_vc131072_r0,,-1,512/131072,32,4,A100:4:80GB,eager,61,2,16,primary_gpu_baseline,gpu-a100-80gb-4,320,Chansungs-MacBook-Pro-2.local,10,"fsdp=2,tp=2",chunked_matmul_loop,dense-synthetic,,0,/Users/deep-diver/Developers/TUNIX-TRY/01-CCE/data/mesh_pathology_dense_a100_torch/runs/exp0061_gpu-a100-80gb-4_torch_eager_chunked_matmul_loop_b16_L512_fsdp2_tp2_tc512_vc131072_fsdp2_tp2_tc512_vc131072_r0,20260616T031040Z,gpu-a100-80gb-4/torch_eager_chunked_matmul_loop,0,512,b16/L512,b16_L512_fsdp2_tp2_tc512_vc131072,2026-06-16T03:10:40+00:00,512,16,2,131072,2,262144,3,PyTorch eager chunk-loop projection matmul without XLA.,torch_eager_chunked_matmul_loop,torch_microbench,/Users/deep-diver/Developers/TUNIX-TRY/01-CCE/data/mesh_pathology_dense_a100_torch/runs/exp0061_gpu-a100-80gb-4_torch_eager_chunked_matmul_loop_b16_L512_fsdp2_tp2_tc512_vc131072_fsdp2_tp2_tc512_vc131072_r0/xla,False
A100-80GB,gpu,exp0062_gpu-a100-80gb-4_torch_eager_chunked_matmul_loop_b16_L512_fsdp2_tp2_tc512_vc262144_fsdp2_tp2_tc512_vc262144_r0,,-1,512/262144,16,4,A100:4:80GB,eager,62,2,16,primary_gpu_baseline,gpu-a100-80gb-4,320,Chansungs-MacBook-Pro-2.local,10,"fsdp=2,tp=2",chunked_matmul_loop,dense-synthetic,,0,/Users/deep-diver/Developers/TUNIX-TRY/01-CCE/data/mesh_pathology_dense_a100_torch/runs/exp0062_gpu-a100-80gb-4_torch_eager_chunked_matmul_loop_b16_L512_fsdp2_tp2_tc512_vc262144_fsdp2_tp2_tc512_vc262144_r0,20260616T031040Z,gpu-a100-80gb-4/torch_eager_chunked_matmul_loop,0,512,b16/L512,b16_L512_fsdp2_tp2_tc512_vc262144,2026-06-16T03:10:40+00:00,512,16,2,262144,1,262144,3,PyTorch eager chunk-loop projection matmul without XLA.,torch_eager_chunked_matmul_loop,torch_microbench,/Users/deep-diver/Developers/TUNIX-TRY/01-CCE/data/mesh_pathology_dense_a100_torch/runs/exp0062_gpu-a100-80gb-4_torch_eager_chunked_matmul_loop_b16_L512_fsdp2_tp2_tc512_vc262144_fsdp2_tp2_tc512_vc262144_r0/xla,False
A100-80GB,gpu,exp0063_gpu-a100-80gb-4_torch_eager_chunked_matmul_loop_b16_L512_fsdp2_tp2_tc1024_vc4096_fsdp2_tp2_tc1024_vc4096_r0,,-1,1024/4096,512,4,A100:4:80GB,eager,63,2,16,primary_gpu_baseline,gpu-a100-80gb-4,320,Chansungs-MacBook-Pro-2.local,10,"fsdp=2,tp=2",chunked_matmul_loop,dense-synthetic,,0,/Users/deep-diver/Developers/TUNIX-TRY/01-CCE/data/mesh_pathology_dense_a100_torch/runs/exp0063_gpu-a100-80gb-4_torch_eager_chunked_matmul_loop_b16_L512_fsdp2_tp2_tc1024_vc4096_fsdp2_tp2_tc1024_vc4096_r0,20260616T031040Z,gpu-a100-80gb-4/torch_eager_chunked_matmul_loop,0,512,b16/L512,b16_L512_fsdp2_tp2_tc1024_vc4096,2026-06-16T03:10:40+00:00,1024,8,2,4096,64,262144,3,PyTorch eager chunk-loop projection matmul without XLA.,torch_eager_chunked_matmul_loop,torch_microbench,/Users/deep-diver/Developers/TUNIX-TRY/01-CCE/data/mesh_pathology_dense_a100_torch/runs/exp0063_gpu-a100-80gb-4_torch_eager_chunked_matmul_loop_b16_L512_fsdp2_tp2_tc1024_vc4096_fsdp2_tp2_tc1024_vc4096_r0/xla,False
A100-80GB,gpu,exp0065_gpu-a100-80gb-4_torch_eager_chunked_matmul_loop_b16_L512_fsdp2_tp2_tc1024_vc16384_fsdp2_tp2_tc1024_vc16384_r0,,-1,1024/16384,128,4,A100:4:80GB,eager,65,2,16,primary_gpu_baseline,gpu-a100-80gb-4,320,Chansungs-MacBook-Pro-2.local,10,"fsdp=2,tp=2",chunked_matmul_loop,dense-synthetic,,0,/Users/deep-diver/Developers/TUNIX-TRY/01-CCE/data/mesh_pathology_dense_a100_torch/runs/exp0065_gpu-a100-80gb-4_torch_eager_chunked_matmul_loop_b16_L512_fsdp2_tp2_tc1024_vc16384_fsdp2_tp2_tc1024_vc16384_r0,20260616T031040Z,gpu-a100-80gb-4/torch_eager_chunked_matmul_loop,0,512,b16/L512,b16_L512_fsdp2_tp2_tc1024_vc16384,2026-06-16T03:10:40+00:00,1024,8,2,16384,16,262144,3,PyTorch eager chunk-loop projection matmul without XLA.,torch_eager_chunked_matmul_loop,torch_microbench,/Users/deep-diver/Developers/TUNIX-TRY/01-CCE/data/mesh_pathology_dense_a100_torch/runs/exp0065_gpu-a100-80gb-4_torch_eager_chunked_matmul_loop_b16_L512_fsdp2_tp2_tc1024_vc16384_fsdp2_tp2_tc1024_vc16384_r0/xla,False
A100-80GB,gpu,exp0066_gpu-a100-80gb-4_torch_eager_chunked_matmul_loop_b16_L512_fsdp2_tp2_tc1024_vc32768_fsdp2_tp2_tc1024_vc32768_r0,,-1,1024/32768,64,4,A100:4:80GB,eager,66,2,16,primary_gpu_baseline,gpu-a100-80gb-4,320,Chansungs-MacBook-Pro-2.local,10,"fsdp=2,tp=2",chunked_matmul_loop,dense-synthetic,,0,/Users/deep-diver/Developers/TUNIX-TRY/01-CCE/data/mesh_pathology_dense_a100_torch/runs/exp0066_gpu-a100-80gb-4_torch_eager_chunked_matmul_loop_b16_L512_fsdp2_tp2_tc1024_vc32768_fsdp2_tp2_tc1024_vc32768_r0,20260616T031040Z,gpu-a100-80gb-4/torch_eager_chunked_matmul_loop,0,512,b16/L512,b16_L512_fsdp2_tp2_tc1024_vc32768,2026-06-16T03:10:40+00:00,1024,8,2,32768,8,262144,3,PyTorch eager chunk-loop projection matmul without XLA.,torch_eager_chunked_matmul_loop,torch_microbench,/Users/deep-diver/Developers/TUNIX-TRY/01-CCE/data/mesh_pathology_dense_a100_torch/runs/exp0066_gpu-a100-80gb-4_torch_eager_chunked_matmul_loop_b16_L512_fsdp2_tp2_tc1024_vc32768_fsdp2_tp2_tc1024_vc32768_r0/xla,False
A100-80GB,gpu,exp0067_gpu-a100-80gb-4_torch_eager_chunked_matmul_loop_b16_L512_fsdp2_tp2_tc1024_vc65536_fsdp2_tp2_tc1024_vc65536_r0,,-1,1024/65536,32,4,A100:4:80GB,eager,67,2,16,primary_gpu_baseline,gpu-a100-80gb-4,320,Chansungs-MacBook-Pro-2.local,10,"fsdp=2,tp=2",chunked_matmul_loop,dense-synthetic,,0,/Users/deep-diver/Developers/TUNIX-TRY/01-CCE/data/mesh_pathology_dense_a100_torch/runs/exp0067_gpu-a100-80gb-4_torch_eager_chunked_matmul_loop_b16_L512_fsdp2_tp2_tc1024_vc65536_fsdp2_tp2_tc1024_vc65536_r0,20260616T031040Z,gpu-a100-80gb-4/torch_eager_chunked_matmul_loop,0,512,b16/L512,b16_L512_fsdp2_tp2_tc1024_vc65536,2026-06-16T03:10:40+00:00,1024,8,2,65536,4,262144,3,PyTorch eager chunk-loop projection matmul without XLA.,torch_eager_chunked_matmul_loop,torch_microbench,/Users/deep-diver/Developers/TUNIX-TRY/01-CCE/data/mesh_pathology_dense_a100_torch/runs/exp0067_gpu-a100-80gb-4_torch_eager_chunked_matmul_loop_b16_L512_fsdp2_tp2_tc1024_vc65536_fsdp2_tp2_tc1024_vc65536_r0/xla,False
A100-80GB,gpu,exp0068_gpu-a100-80gb-4_torch_eager_chunked_matmul_loop_b16_L512_fsdp2_tp2_tc1024_vc131072_fsdp2_tp2_tc1024_vc131072_r0,,-1,1024/131072,16,4,A100:4:80GB,eager,68,2,16,primary_gpu_baseline,gpu-a100-80gb-4,320,Chansungs-MacBook-Pro-2.local,10,"fsdp=2,tp=2",chunked_matmul_loop,dense-synthetic,,0,/Users/deep-diver/Developers/TUNIX-TRY/01-CCE/data/mesh_pathology_dense_a100_torch/runs/exp0068_gpu-a100-80gb-4_torch_eager_chunked_matmul_loop_b16_L512_fsdp2_tp2_tc1024_vc131072_fsdp2_tp2_tc1024_vc131072_r0,20260616T031040Z,gpu-a100-80gb-4/torch_eager_chunked_matmul_loop,0,512,b16/L512,b16_L512_fsdp2_tp2_tc1024_vc131072,2026-06-16T03:10:40+00:00,1024,8,2,131072,2,262144,3,PyTorch eager chunk-loop projection matmul without XLA.,torch_eager_chunked_matmul_loop,torch_microbench,/Users/deep-diver/Developers/TUNIX-TRY/01-CCE/data/mesh_pathology_dense_a100_torch/runs/exp0068_gpu-a100-80gb-4_torch_eager_chunked_matmul_loop_b16_L512_fsdp2_tp2_tc1024_vc131072_fsdp2_tp2_tc1024_vc131072_r0/xla,False
A100-80GB,gpu,exp0069_gpu-a100-80gb-4_torch_eager_chunked_matmul_loop_b16_L512_fsdp2_tp2_tc1024_vc262144_fsdp2_tp2_tc1024_vc262144_r0,,-1,1024/262144,8,4,A100:4:80GB,eager,69,2,16,primary_gpu_baseline,gpu-a100-80gb-4,320,Chansungs-MacBook-Pro-2.local,10,"fsdp=2,tp=2",chunked_matmul_loop,dense-synthetic,,0,/Users/deep-diver/Developers/TUNIX-TRY/01-CCE/data/mesh_pathology_dense_a100_torch/runs/exp0069_gpu-a100-80gb-4_torch_eager_chunked_matmul_loop_b16_L512_fsdp2_tp2_tc1024_vc262144_fsdp2_tp2_tc1024_vc262144_r0,20260616T031040Z,gpu-a100-80gb-4/torch_eager_chunked_matmul_loop,0,512,b16/L512,b16_L512_fsdp2_tp2_tc1024_vc262144,2026-06-16T03:10:40+00:00,1024,8,2,262144,1,262144,3,PyTorch eager chunk-loop projection matmul without XLA.,torch_eager_chunked_matmul_loop,torch_microbench,/Users/deep-diver/Developers/TUNIX-TRY/01-CCE/data/mesh_pathology_dense_a100_torch/runs/exp0069_gpu-a100-80gb-4_torch_eager_chunked_matmul_loop_b16_L512_fsdp2_tp2_tc1024_vc262144_fsdp2_tp2_tc1024_vc262144_r0/xla,False
A100-80GB,gpu,exp0070_gpu-a100-80gb-4_torch_eager_chunked_matmul_loop_b16_L512_fsdp1_tp4_tc64_vc4096_fsdp1_tp4_tc64_vc4096_r0,,-1,64/4096,8192,4,A100:4:80GB,eager,70,1,16,primary_gpu_baseline,gpu-a100-80gb-4,320,Chansungs-MacBook-Pro-2.local,10,"fsdp=1,tp=4",chunked_matmul_loop,dense-synthetic,,0,/Users/deep-diver/Developers/TUNIX-TRY/01-CCE/data/mesh_pathology_dense_a100_torch/runs/exp0070_gpu-a100-80gb-4_torch_eager_chunked_matmul_loop_b16_L512_fsdp1_tp4_tc64_vc4096_fsdp1_tp4_tc64_vc4096_r0,20260616T031040Z,gpu-a100-80gb-4/torch_eager_chunked_matmul_loop,0,512,b16/L512,b16_L512_fsdp1_tp4_tc64_vc4096,2026-06-16T03:10:40+00:00,64,128,4,4096,64,262144,3,PyTorch eager chunk-loop projection matmul without XLA.,torch_eager_chunked_matmul_loop,torch_microbench,/Users/deep-diver/Developers/TUNIX-TRY/01-CCE/data/mesh_pathology_dense_a100_torch/runs/exp0070_gpu-a100-80gb-4_torch_eager_chunked_matmul_loop_b16_L512_fsdp1_tp4_tc64_vc4096_fsdp1_tp4_tc64_vc4096_r0/xla,False
A100-80GB,gpu,exp0071_gpu-a100-80gb-4_torch_eager_chunked_matmul_loop_b16_L512_fsdp1_tp4_tc64_vc8192_fsdp1_tp4_tc64_vc8192_r0,,-1,64/8192,4096,4,A100:4:80GB,eager,71,1,16,primary_gpu_baseline,gpu-a100-80gb-4,320,Chansungs-MacBook-Pro-2.local,10,"fsdp=1,tp=4",chunked_matmul_loop,dense-synthetic,,0,/Users/deep-diver/Developers/TUNIX-TRY/01-CCE/data/mesh_pathology_dense_a100_torch/runs/exp0071_gpu-a100-80gb-4_torch_eager_chunked_matmul_loop_b16_L512_fsdp1_tp4_tc64_vc8192_fsdp1_tp4_tc64_vc8192_r0,20260616T031040Z,gpu-a100-80gb-4/torch_eager_chunked_matmul_loop,0,512,b16/L512,b16_L512_fsdp1_tp4_tc64_vc8192,2026-06-16T03:10:40+00:00,64,128,4,8192,32,262144,3,PyTorch eager chunk-loop projection matmul without XLA.,torch_eager_chunked_matmul_loop,torch_microbench,/Users/deep-diver/Developers/TUNIX-TRY/01-CCE/data/mesh_pathology_dense_a100_torch/runs/exp0071_gpu-a100-80gb-4_torch_eager_chunked_matmul_loop_b16_L512_fsdp1_tp4_tc64_vc8192_fsdp1_tp4_tc64_vc8192_r0/xla,False
A100-80GB,gpu,exp0073_gpu-a100-80gb-4_torch_eager_chunked_matmul_loop_b16_L512_fsdp1_tp4_tc64_vc32768_fsdp1_tp4_tc64_vc32768_r0,,-1,64/32768,1024,4,A100:4:80GB,eager,73,1,16,primary_gpu_baseline,gpu-a100-80gb-4,320,Chansungs-MacBook-Pro-2.local,10,"fsdp=1,tp=4",chunked_matmul_loop,dense-synthetic,,0,/Users/deep-diver/Developers/TUNIX-TRY/01-CCE/data/mesh_pathology_dense_a100_torch/runs/exp0073_gpu-a100-80gb-4_torch_eager_chunked_matmul_loop_b16_L512_fsdp1_tp4_tc64_vc32768_fsdp1_tp4_tc64_vc32768_r0,20260616T031040Z,gpu-a100-80gb-4/torch_eager_chunked_matmul_loop,0,512,b16/L512,b16_L512_fsdp1_tp4_tc64_vc32768,2026-06-16T03:10:40+00:00,64,128,4,32768,8,262144,3,PyTorch eager chunk-loop projection matmul without XLA.,torch_eager_chunked_matmul_loop,torch_microbench,/Users/deep-diver/Developers/TUNIX-TRY/01-CCE/data/mesh_pathology_dense_a100_torch/runs/exp0073_gpu-a100-80gb-4_torch_eager_chunked_matmul_loop_b16_L512_fsdp1_tp4_tc64_vc32768_fsdp1_tp4_tc64_vc32768_r0/xla,False
A100-80GB,gpu,exp0074_gpu-a100-80gb-4_torch_eager_chunked_matmul_loop_b16_L512_fsdp1_tp4_tc64_vc65536_fsdp1_tp4_tc64_vc65536_r0,,-1,64/65536,512,4,A100:4:80GB,eager,74,1,16,primary_gpu_baseline,gpu-a100-80gb-4,320,Chansungs-MacBook-Pro-2.local,10,"fsdp=1,tp=4",chunked_matmul_loop,dense-synthetic,,0,/Users/deep-diver/Developers/TUNIX-TRY/01-CCE/data/mesh_pathology_dense_a100_torch/runs/exp0074_gpu-a100-80gb-4_torch_eager_chunked_matmul_loop_b16_L512_fsdp1_tp4_tc64_vc65536_fsdp1_tp4_tc64_vc65536_r0,20260616T031040Z,gpu-a100-80gb-4/torch_eager_chunked_matmul_loop,0,512,b16/L512,b16_L512_fsdp1_tp4_tc64_vc65536,2026-06-16T03:10:40+00:00,64,128,4,65536,4,262144,3,PyTorch eager chunk-loop projection matmul without XLA.,torch_eager_chunked_matmul_loop,torch_microbench,/Users/deep-diver/Developers/TUNIX-TRY/01-CCE/data/mesh_pathology_dense_a100_torch/runs/exp0074_gpu-a100-80gb-4_torch_eager_chunked_matmul_loop_b16_L512_fsdp1_tp4_tc64_vc65536_fsdp1_tp4_tc64_vc65536_r0/xla,False
A100-80GB,gpu,exp0075_gpu-a100-80gb-4_torch_eager_chunked_matmul_loop_b16_L512_fsdp1_tp4_tc64_vc131072_fsdp1_tp4_tc64_vc131072_r0,,-1,64/131072,256,4,A100:4:80GB,eager,75,1,16,primary_gpu_baseline,gpu-a100-80gb-4,320,Chansungs-MacBook-Pro-2.local,10,"fsdp=1,tp=4",chunked_matmul_loop,dense-synthetic,,0,/Users/deep-diver/Developers/TUNIX-TRY/01-CCE/data/mesh_pathology_dense_a100_torch/runs/exp0075_gpu-a100-80gb-4_torch_eager_chunked_matmul_loop_b16_L512_fsdp1_tp4_tc64_vc131072_fsdp1_tp4_tc64_vc131072_r0,20260616T031040Z,gpu-a100-80gb-4/torch_eager_chunked_matmul_loop,0,512,b16/L512,b16_L512_fsdp1_tp4_tc64_vc131072,2026-06-16T03:10:40+00:00,64,128,4,131072,2,262144,3,PyTorch eager chunk-loop projection matmul without XLA.,torch_eager_chunked_matmul_loop,torch_microbench,/Users/deep-diver/Developers/TUNIX-TRY/01-CCE/data/mesh_pathology_dense_a100_torch/runs/exp0075_gpu-a100-80gb-4_torch_eager_chunked_matmul_loop_b16_L512_fsdp1_tp4_tc64_vc131072_fsdp1_tp4_tc64_vc131072_r0/xla,False
A100-80GB,gpu,exp0076_gpu-a100-80gb-4_torch_eager_chunked_matmul_loop_b16_L512_fsdp1_tp4_tc64_vc262144_fsdp1_tp4_tc64_vc262144_r0,,-1,64/262144,128,4,A100:4:80GB,eager,76,1,16,primary_gpu_baseline,gpu-a100-80gb-4,320,Chansungs-MacBook-Pro-2.local,10,"fsdp=1,tp=4",chunked_matmul_loop,dense-synthetic,,0,/Users/deep-diver/Developers/TUNIX-TRY/01-CCE/data/mesh_pathology_dense_a100_torch/runs/exp0076_gpu-a100-80gb-4_torch_eager_chunked_matmul_loop_b16_L512_fsdp1_tp4_tc64_vc262144_fsdp1_tp4_tc64_vc262144_r0,20260616T031040Z,gpu-a100-80gb-4/torch_eager_chunked_matmul_loop,0,512,b16/L512,b16_L512_fsdp1_tp4_tc64_vc262144,2026-06-16T03:10:40+00:00,64,128,4,262144,1,262144,3,PyTorch eager chunk-loop projection matmul without XLA.,torch_eager_chunked_matmul_loop,torch_microbench,/Users/deep-diver/Developers/TUNIX-TRY/01-CCE/data/mesh_pathology_dense_a100_torch/runs/exp0076_gpu-a100-80gb-4_torch_eager_chunked_matmul_loop_b16_L512_fsdp1_tp4_tc64_vc262144_fsdp1_tp4_tc64_vc262144_r0/xla,False
A100-80GB,gpu,exp0077_gpu-a100-80gb-4_torch_eager_chunked_matmul_loop_b16_L512_fsdp1_tp4_tc128_vc4096_fsdp1_tp4_tc128_vc4096_r0,,-1,128/4096,4096,4,A100:4:80GB,eager,77,1,16,primary_gpu_baseline,gpu-a100-80gb-4,320,Chansungs-MacBook-Pro-2.local,10,"fsdp=1,tp=4",chunked_matmul_loop,dense-synthetic,,0,/Users/deep-diver/Developers/TUNIX-TRY/01-CCE/data/mesh_pathology_dense_a100_torch/runs/exp0077_gpu-a100-80gb-4_torch_eager_chunked_matmul_loop_b16_L512_fsdp1_tp4_tc128_vc4096_fsdp1_tp4_tc128_vc4096_r0,20260616T031040Z,gpu-a100-80gb-4/torch_eager_chunked_matmul_loop,0,512,b16/L512,b16_L512_fsdp1_tp4_tc128_vc4096,2026-06-16T03:10:40+00:00,128,64,4,4096,64,262144,3,PyTorch eager chunk-loop projection matmul without XLA.,torch_eager_chunked_matmul_loop,torch_microbench,/Users/deep-diver/Developers/TUNIX-TRY/01-CCE/data/mesh_pathology_dense_a100_torch/runs/exp0077_gpu-a100-80gb-4_torch_eager_chunked_matmul_loop_b16_L512_fsdp1_tp4_tc128_vc4096_fsdp1_tp4_tc128_vc4096_r0/xla,False
A100-80GB,gpu,exp0078_gpu-a100-80gb-4_torch_eager_chunked_matmul_loop_b16_L512_fsdp1_tp4_tc128_vc8192_fsdp1_tp4_tc128_vc8192_r0,,-1,128/8192,2048,4,A100:4:80GB,eager,78,1,16,primary_gpu_baseline,gpu-a100-80gb-4,320,Chansungs-MacBook-Pro-2.local,10,"fsdp=1,tp=4",chunked_matmul_loop,dense-synthetic,,0,/Users/deep-diver/Developers/TUNIX-TRY/01-CCE/data/mesh_pathology_dense_a100_torch/runs/exp0078_gpu-a100-80gb-4_torch_eager_chunked_matmul_loop_b16_L512_fsdp1_tp4_tc128_vc8192_fsdp1_tp4_tc128_vc8192_r0,20260616T031040Z,gpu-a100-80gb-4/torch_eager_chunked_matmul_loop,0,512,b16/L512,b16_L512_fsdp1_tp4_tc128_vc8192,2026-06-16T03:10:40+00:00,128,64,4,8192,32,262144,3,PyTorch eager chunk-loop projection matmul without XLA.,torch_eager_chunked_matmul_loop,torch_microbench,/Users/deep-diver/Developers/TUNIX-TRY/01-CCE/data/mesh_pathology_dense_a100_torch/runs/exp0078_gpu-a100-80gb-4_torch_eager_chunked_matmul_loop_b16_L512_fsdp1_tp4_tc128_vc8192_fsdp1_tp4_tc128_vc8192_r0/xla,False
A100-80GB,gpu,exp0079_gpu-a100-80gb-4_torch_eager_chunked_matmul_loop_b16_L512_fsdp1_tp4_tc128_vc16384_fsdp1_tp4_tc128_vc16384_r0,,-1,128/16384,1024,4,A100:4:80GB,eager,79,1,16,primary_gpu_baseline,gpu-a100-80gb-4,320,Chansungs-MacBook-Pro-2.local,10,"fsdp=1,tp=4",chunked_matmul_loop,dense-synthetic,,0,/Users/deep-diver/Developers/TUNIX-TRY/01-CCE/data/mesh_pathology_dense_a100_torch/runs/exp0079_gpu-a100-80gb-4_torch_eager_chunked_matmul_loop_b16_L512_fsdp1_tp4_tc128_vc16384_fsdp1_tp4_tc128_vc16384_r0,20260616T031040Z,gpu-a100-80gb-4/torch_eager_chunked_matmul_loop,0,512,b16/L512,b16_L512_fsdp1_tp4_tc128_vc16384,2026-06-16T03:10:40+00:00,128,64,4,16384,16,262144,3,PyTorch eager chunk-loop projection matmul without XLA.,torch_eager_chunked_matmul_loop,torch_microbench,/Users/deep-diver/Developers/TUNIX-TRY/01-CCE/data/mesh_pathology_dense_a100_torch/runs/exp0079_gpu-a100-80gb-4_torch_eager_chunked_matmul_loop_b16_L512_fsdp1_tp4_tc128_vc16384_fsdp1_tp4_tc128_vc16384_r0/xla,False
A100-80GB,gpu,exp0081_gpu-a100-80gb-4_torch_eager_chunked_matmul_loop_b16_L512_fsdp1_tp4_tc128_vc65536_fsdp1_tp4_tc128_vc65536_r0,,-1,128/65536,256,4,A100:4:80GB,eager,81,1,16,primary_gpu_baseline,gpu-a100-80gb-4,320,Chansungs-MacBook-Pro-2.local,10,"fsdp=1,tp=4",chunked_matmul_loop,dense-synthetic,,0,/Users/deep-diver/Developers/TUNIX-TRY/01-CCE/data/mesh_pathology_dense_a100_torch/runs/exp0081_gpu-a100-80gb-4_torch_eager_chunked_matmul_loop_b16_L512_fsdp1_tp4_tc128_vc65536_fsdp1_tp4_tc128_vc65536_r0,20260616T031040Z,gpu-a100-80gb-4/torch_eager_chunked_matmul_loop,0,512,b16/L512,b16_L512_fsdp1_tp4_tc128_vc65536,2026-06-16T03:10:40+00:00,128,64,4,65536,4,262144,3,PyTorch eager chunk-loop projection matmul without XLA.,torch_eager_chunked_matmul_loop,torch_microbench,/Users/deep-diver/Developers/TUNIX-TRY/01-CCE/data/mesh_pathology_dense_a100_torch/runs/exp0081_gpu-a100-80gb-4_torch_eager_chunked_matmul_loop_b16_L512_fsdp1_tp4_tc128_vc65536_fsdp1_tp4_tc128_vc65536_r0/xla,False
A100-80GB,gpu,exp0082_gpu-a100-80gb-4_torch_eager_chunked_matmul_loop_b16_L512_fsdp1_tp4_tc128_vc131072_fsdp1_tp4_tc128_vc131072_r0,,-1,128/131072,128,4,A100:4:80GB,eager,82,1,16,primary_gpu_baseline,gpu-a100-80gb-4,320,Chansungs-MacBook-Pro-2.local,10,"fsdp=1,tp=4",chunked_matmul_loop,dense-synthetic,,0,/Users/deep-diver/Developers/TUNIX-TRY/01-CCE/data/mesh_pathology_dense_a100_torch/runs/exp0082_gpu-a100-80gb-4_torch_eager_chunked_matmul_loop_b16_L512_fsdp1_tp4_tc128_vc131072_fsdp1_tp4_tc128_vc131072_r0,20260616T031040Z,gpu-a100-80gb-4/torch_eager_chunked_matmul_loop,0,512,b16/L512,b16_L512_fsdp1_tp4_tc128_vc131072,2026-06-16T03:10:40+00:00,128,64,4,131072,2,262144,3,PyTorch eager chunk-loop projection matmul without XLA.,torch_eager_chunked_matmul_loop,torch_microbench,/Users/deep-diver/Developers/TUNIX-TRY/01-CCE/data/mesh_pathology_dense_a100_torch/runs/exp0082_gpu-a100-80gb-4_torch_eager_chunked_matmul_loop_b16_L512_fsdp1_tp4_tc128_vc131072_fsdp1_tp4_tc128_vc131072_r0/xla,False
A100-80GB,gpu,exp0083_gpu-a100-80gb-4_torch_eager_chunked_matmul_loop_b16_L512_fsdp1_tp4_tc128_vc262144_fsdp1_tp4_tc128_vc262144_r0,,-1,128/262144,64,4,A100:4:80GB,eager,83,1,16,primary_gpu_baseline,gpu-a100-80gb-4,320,Chansungs-MacBook-Pro-2.local,10,"fsdp=1,tp=4",chunked_matmul_loop,dense-synthetic,,0,/Users/deep-diver/Developers/TUNIX-TRY/01-CCE/data/mesh_pathology_dense_a100_torch/runs/exp0083_gpu-a100-80gb-4_torch_eager_chunked_matmul_loop_b16_L512_fsdp1_tp4_tc128_vc262144_fsdp1_tp4_tc128_vc262144_r0,20260616T031040Z,gpu-a100-80gb-4/torch_eager_chunked_matmul_loop,0,512,b16/L512,b16_L512_fsdp1_tp4_tc128_vc262144,2026-06-16T03:10:40+00:00,128,64,4,262144,1,262144,3,PyTorch eager chunk-loop projection matmul without XLA.,torch_eager_chunked_matmul_loop,torch_microbench,/Users/deep-diver/Developers/TUNIX-TRY/01-CCE/data/mesh_pathology_dense_a100_torch/runs/exp0083_gpu-a100-80gb-4_torch_eager_chunked_matmul_loop_b16_L512_fsdp1_tp4_tc128_vc262144_fsdp1_tp4_tc128_vc262144_r0/xla,False
A100-80GB,gpu,exp0084_gpu-a100-80gb-4_torch_eager_chunked_matmul_loop_b16_L512_fsdp1_tp4_tc256_vc4096_fsdp1_tp4_tc256_vc4096_r0,,-1,256/4096,2048,4,A100:4:80GB,eager,84,1,16,primary_gpu_baseline,gpu-a100-80gb-4,320,Chansungs-MacBook-Pro-2.local,10,"fsdp=1,tp=4",chunked_matmul_loop,dense-synthetic,,0,/Users/deep-diver/Developers/TUNIX-TRY/01-CCE/data/mesh_pathology_dense_a100_torch/runs/exp0084_gpu-a100-80gb-4_torch_eager_chunked_matmul_loop_b16_L512_fsdp1_tp4_tc256_vc4096_fsdp1_tp4_tc256_vc4096_r0,20260616T031040Z,gpu-a100-80gb-4/torch_eager_chunked_matmul_loop,0,512,b16/L512,b16_L512_fsdp1_tp4_tc256_vc4096,2026-06-16T03:10:40+00:00,256,32,4,4096,64,262144,3,PyTorch eager chunk-loop projection matmul without XLA.,torch_eager_chunked_matmul_loop,torch_microbench,/Users/deep-diver/Developers/TUNIX-TRY/01-CCE/data/mesh_pathology_dense_a100_torch/runs/exp0084_gpu-a100-80gb-4_torch_eager_chunked_matmul_loop_b16_L512_fsdp1_tp4_tc256_vc4096_fsdp1_tp4_tc256_vc4096_r0/xla,False
A100-80GB,gpu,exp0085_gpu-a100-80gb-4_torch_eager_chunked_matmul_loop_b16_L512_fsdp1_tp4_tc256_vc8192_fsdp1_tp4_tc256_vc8192_r0,,-1,256/8192,1024,4,A100:4:80GB,eager,85,1,16,primary_gpu_baseline,gpu-a100-80gb-4,320,Chansungs-MacBook-Pro-2.local,10,"fsdp=1,tp=4",chunked_matmul_loop,dense-synthetic,,0,/Users/deep-diver/Developers/TUNIX-TRY/01-CCE/data/mesh_pathology_dense_a100_torch/runs/exp0085_gpu-a100-80gb-4_torch_eager_chunked_matmul_loop_b16_L512_fsdp1_tp4_tc256_vc8192_fsdp1_tp4_tc256_vc8192_r0,20260616T031040Z,gpu-a100-80gb-4/torch_eager_chunked_matmul_loop,0,512,b16/L512,b16_L512_fsdp1_tp4_tc256_vc8192,2026-06-16T03:10:40+00:00,256,32,4,8192,32,262144,3,PyTorch eager chunk-loop projection matmul without XLA.,torch_eager_chunked_matmul_loop,torch_microbench,/Users/deep-diver/Developers/TUNIX-TRY/01-CCE/data/mesh_pathology_dense_a100_torch/runs/exp0085_gpu-a100-80gb-4_torch_eager_chunked_matmul_loop_b16_L512_fsdp1_tp4_tc256_vc8192_fsdp1_tp4_tc256_vc8192_r0/xla,False
A100-80GB,gpu,exp0086_gpu-a100-80gb-4_torch_eager_chunked_matmul_loop_b16_L512_fsdp1_tp4_tc256_vc16384_fsdp1_tp4_tc256_vc16384_r0,,-1,256/16384,512,4,A100:4:80GB,eager,86,1,16,primary_gpu_baseline,gpu-a100-80gb-4,320,Chansungs-MacBook-Pro-2.local,10,"fsdp=1,tp=4",chunked_matmul_loop,dense-synthetic,,0,/Users/deep-diver/Developers/TUNIX-TRY/01-CCE/data/mesh_pathology_dense_a100_torch/runs/exp0086_gpu-a100-80gb-4_torch_eager_chunked_matmul_loop_b16_L512_fsdp1_tp4_tc256_vc16384_fsdp1_tp4_tc256_vc16384_r0,20260616T031040Z,gpu-a100-80gb-4/torch_eager_chunked_matmul_loop,0,512,b16/L512,b16_L512_fsdp1_tp4_tc256_vc16384,2026-06-16T03:10:40+00:00,256,32,4,16384,16,262144,3,PyTorch eager chunk-loop projection matmul without XLA.,torch_eager_chunked_matmul_loop,torch_microbench,/Users/deep-diver/Developers/TUNIX-TRY/01-CCE/data/mesh_pathology_dense_a100_torch/runs/exp0086_gpu-a100-80gb-4_torch_eager_chunked_matmul_loop_b16_L512_fsdp1_tp4_tc256_vc16384_fsdp1_tp4_tc256_vc16384_r0/xla,False
A100-80GB,gpu,exp0087_gpu-a100-80gb-4_torch_eager_chunked_matmul_loop_b16_L512_fsdp1_tp4_tc256_vc32768_fsdp1_tp4_tc256_vc32768_r0,,-1,256/32768,256,4,A100:4:80GB,eager,87,1,16,primary_gpu_baseline,gpu-a100-80gb-4,320,Chansungs-MacBook-Pro-2.local,10,"fsdp=1,tp=4",chunked_matmul_loop,dense-synthetic,,0,/Users/deep-diver/Developers/TUNIX-TRY/01-CCE/data/mesh_pathology_dense_a100_torch/runs/exp0087_gpu-a100-80gb-4_torch_eager_chunked_matmul_loop_b16_L512_fsdp1_tp4_tc256_vc32768_fsdp1_tp4_tc256_vc32768_r0,20260616T031040Z,gpu-a100-80gb-4/torch_eager_chunked_matmul_loop,0,512,b16/L512,b16_L512_fsdp1_tp4_tc256_vc32768,2026-06-16T03:10:40+00:00,256,32,4,32768,8,262144,3,PyTorch eager chunk-loop projection matmul without XLA.,torch_eager_chunked_matmul_loop,torch_microbench,/Users/deep-diver/Developers/TUNIX-TRY/01-CCE/data/mesh_pathology_dense_a100_torch/runs/exp0087_gpu-a100-80gb-4_torch_eager_chunked_matmul_loop_b16_L512_fsdp1_tp4_tc256_vc32768_fsdp1_tp4_tc256_vc32768_r0/xla,False
A100-80GB,gpu,exp0089_gpu-a100-80gb-4_torch_eager_chunked_matmul_loop_b16_L512_fsdp1_tp4_tc256_vc131072_fsdp1_tp4_tc256_vc131072_r0,,-1,256/131072,64,4,A100:4:80GB,eager,89,1,16,primary_gpu_baseline,gpu-a100-80gb-4,320,Chansungs-MacBook-Pro-2.local,10,"fsdp=1,tp=4",chunked_matmul_loop,dense-synthetic,,0,/Users/deep-diver/Developers/TUNIX-TRY/01-CCE/data/mesh_pathology_dense_a100_torch/runs/exp0089_gpu-a100-80gb-4_torch_eager_chunked_matmul_loop_b16_L512_fsdp1_tp4_tc256_vc131072_fsdp1_tp4_tc256_vc131072_r0,20260616T031040Z,gpu-a100-80gb-4/torch_eager_chunked_matmul_loop,0,512,b16/L512,b16_L512_fsdp1_tp4_tc256_vc131072,2026-06-16T03:10:40+00:00,256,32,4,131072,2,262144,3,PyTorch eager chunk-loop projection matmul without XLA.,torch_eager_chunked_matmul_loop,torch_microbench,/Users/deep-diver/Developers/TUNIX-TRY/01-CCE/data/mesh_pathology_dense_a100_torch/runs/exp0089_gpu-a100-80gb-4_torch_eager_chunked_matmul_loop_b16_L512_fsdp1_tp4_tc256_vc131072_fsdp1_tp4_tc256_vc131072_r0/xla,False
A100-80GB,gpu,exp0090_gpu-a100-80gb-4_torch_eager_chunked_matmul_loop_b16_L512_fsdp1_tp4_tc256_vc262144_fsdp1_tp4_tc256_vc262144_r0,,-1,256/262144,32,4,A100:4:80GB,eager,90,1,16,primary_gpu_baseline,gpu-a100-80gb-4,320,Chansungs-MacBook-Pro-2.local,10,"fsdp=1,tp=4",chunked_matmul_loop,dense-synthetic,,0,/Users/deep-diver/Developers/TUNIX-TRY/01-CCE/data/mesh_pathology_dense_a100_torch/runs/exp0090_gpu-a100-80gb-4_torch_eager_chunked_matmul_loop_b16_L512_fsdp1_tp4_tc256_vc262144_fsdp1_tp4_tc256_vc262144_r0,20260616T031040Z,gpu-a100-80gb-4/torch_eager_chunked_matmul_loop,0,512,b16/L512,b16_L512_fsdp1_tp4_tc256_vc262144,2026-06-16T03:10:40+00:00,256,32,4,262144,1,262144,3,PyTorch eager chunk-loop projection matmul without XLA.,torch_eager_chunked_matmul_loop,torch_microbench,/Users/deep-diver/Developers/TUNIX-TRY/01-CCE/data/mesh_pathology_dense_a100_torch/runs/exp0090_gpu-a100-80gb-4_torch_eager_chunked_matmul_loop_b16_L512_fsdp1_tp4_tc256_vc262144_fsdp1_tp4_tc256_vc262144_r0/xla,False
A100-80GB,gpu,exp0091_gpu-a100-80gb-4_torch_eager_chunked_matmul_loop_b16_L512_fsdp1_tp4_tc512_vc4096_fsdp1_tp4_tc512_vc4096_r0,,-1,512/4096,1024,4,A100:4:80GB,eager,91,1,16,primary_gpu_baseline,gpu-a100-80gb-4,320,Chansungs-MacBook-Pro-2.local,10,"fsdp=1,tp=4",chunked_matmul_loop,dense-synthetic,,0,/Users/deep-diver/Developers/TUNIX-TRY/01-CCE/data/mesh_pathology_dense_a100_torch/runs/exp0091_gpu-a100-80gb-4_torch_eager_chunked_matmul_loop_b16_L512_fsdp1_tp4_tc512_vc4096_fsdp1_tp4_tc512_vc4096_r0,20260616T031040Z,gpu-a100-80gb-4/torch_eager_chunked_matmul_loop,0,512,b16/L512,b16_L512_fsdp1_tp4_tc512_vc4096,2026-06-16T03:10:40+00:00,512,16,4,4096,64,262144,3,PyTorch eager chunk-loop projection matmul without XLA.,torch_eager_chunked_matmul_loop,torch_microbench,/Users/deep-diver/Developers/TUNIX-TRY/01-CCE/data/mesh_pathology_dense_a100_torch/runs/exp0091_gpu-a100-80gb-4_torch_eager_chunked_matmul_loop_b16_L512_fsdp1_tp4_tc512_vc4096_fsdp1_tp4_tc512_vc4096_r0/xla,False
A100-80GB,gpu,exp0092_gpu-a100-80gb-4_torch_eager_chunked_matmul_loop_b16_L512_fsdp1_tp4_tc512_vc8192_fsdp1_tp4_tc512_vc8192_r0,,-1,512/8192,512,4,A100:4:80GB,eager,92,1,16,primary_gpu_baseline,gpu-a100-80gb-4,320,Chansungs-MacBook-Pro-2.local,10,"fsdp=1,tp=4",chunked_matmul_loop,dense-synthetic,,0,/Users/deep-diver/Developers/TUNIX-TRY/01-CCE/data/mesh_pathology_dense_a100_torch/runs/exp0092_gpu-a100-80gb-4_torch_eager_chunked_matmul_loop_b16_L512_fsdp1_tp4_tc512_vc8192_fsdp1_tp4_tc512_vc8192_r0,20260616T031040Z,gpu-a100-80gb-4/torch_eager_chunked_matmul_loop,0,512,b16/L512,b16_L512_fsdp1_tp4_tc512_vc8192,2026-06-16T03:10:40+00:00,512,16,4,8192,32,262144,3,PyTorch eager chunk-loop projection matmul without XLA.,torch_eager_chunked_matmul_loop,torch_microbench,/Users/deep-diver/Developers/TUNIX-TRY/01-CCE/data/mesh_pathology_dense_a100_torch/runs/exp0092_gpu-a100-80gb-4_torch_eager_chunked_matmul_loop_b16_L512_fsdp1_tp4_tc512_vc8192_fsdp1_tp4_tc512_vc8192_r0/xla,False
A100-80GB,gpu,exp0093_gpu-a100-80gb-4_torch_eager_chunked_matmul_loop_b16_L512_fsdp1_tp4_tc512_vc16384_fsdp1_tp4_tc512_vc16384_r0,,-1,512/16384,256,4,A100:4:80GB,eager,93,1,16,primary_gpu_baseline,gpu-a100-80gb-4,320,Chansungs-MacBook-Pro-2.local,10,"fsdp=1,tp=4",chunked_matmul_loop,dense-synthetic,,0,/Users/deep-diver/Developers/TUNIX-TRY/01-CCE/data/mesh_pathology_dense_a100_torch/runs/exp0093_gpu-a100-80gb-4_torch_eager_chunked_matmul_loop_b16_L512_fsdp1_tp4_tc512_vc16384_fsdp1_tp4_tc512_vc16384_r0,20260616T031040Z,gpu-a100-80gb-4/torch_eager_chunked_matmul_loop,0,512,b16/L512,b16_L512_fsdp1_tp4_tc512_vc16384,2026-06-16T03:10:40+00:00,512,16,4,16384,16,262144,3,PyTorch eager chunk-loop projection matmul without XLA.,torch_eager_chunked_matmul_loop,torch_microbench,/Users/deep-diver/Developers/TUNIX-TRY/01-CCE/data/mesh_pathology_dense_a100_torch/runs/exp0093_gpu-a100-80gb-4_torch_eager_chunked_matmul_loop_b16_L512_fsdp1_tp4_tc512_vc16384_fsdp1_tp4_tc512_vc16384_r0/xla,False
A100-80GB,gpu,exp0094_gpu-a100-80gb-4_torch_eager_chunked_matmul_loop_b16_L512_fsdp1_tp4_tc512_vc32768_fsdp1_tp4_tc512_vc32768_r0,,-1,512/32768,128,4,A100:4:80GB,eager,94,1,16,primary_gpu_baseline,gpu-a100-80gb-4,320,Chansungs-MacBook-Pro-2.local,10,"fsdp=1,tp=4",chunked_matmul_loop,dense-synthetic,,0,/Users/deep-diver/Developers/TUNIX-TRY/01-CCE/data/mesh_pathology_dense_a100_torch/runs/exp0094_gpu-a100-80gb-4_torch_eager_chunked_matmul_loop_b16_L512_fsdp1_tp4_tc512_vc32768_fsdp1_tp4_tc512_vc32768_r0,20260616T031040Z,gpu-a100-80gb-4/torch_eager_chunked_matmul_loop,0,512,b16/L512,b16_L512_fsdp1_tp4_tc512_vc32768,2026-06-16T03:10:40+00:00,512,16,4,32768,8,262144,3,PyTorch eager chunk-loop projection matmul without XLA.,torch_eager_chunked_matmul_loop,torch_microbench,/Users/deep-diver/Developers/TUNIX-TRY/01-CCE/data/mesh_pathology_dense_a100_torch/runs/exp0094_gpu-a100-80gb-4_torch_eager_chunked_matmul_loop_b16_L512_fsdp1_tp4_tc512_vc32768_fsdp1_tp4_tc512_vc32768_r0/xla,False
A100-80GB,gpu,exp0095_gpu-a100-80gb-4_torch_eager_chunked_matmul_loop_b16_L512_fsdp1_tp4_tc512_vc65536_fsdp1_tp4_tc512_vc65536_r0,,-1,512/65536,64,4,A100:4:80GB,eager,95,1,16,primary_gpu_baseline,gpu-a100-80gb-4,320,Chansungs-MacBook-Pro-2.local,10,"fsdp=1,tp=4",chunked_matmul_loop,dense-synthetic,,0,/Users/deep-diver/Developers/TUNIX-TRY/01-CCE/data/mesh_pathology_dense_a100_torch/runs/exp0095_gpu-a100-80gb-4_torch_eager_chunked_matmul_loop_b16_L512_fsdp1_tp4_tc512_vc65536_fsdp1_tp4_tc512_vc65536_r0,20260616T031040Z,gpu-a100-80gb-4/torch_eager_chunked_matmul_loop,0,512,b16/L512,b16_L512_fsdp1_tp4_tc512_vc65536,2026-06-16T03:10:40+00:00,512,16,4,65536,4,262144,3,PyTorch eager chunk-loop projection matmul without XLA.,torch_eager_chunked_matmul_loop,torch_microbench,/Users/deep-diver/Developers/TUNIX-TRY/01-CCE/data/mesh_pathology_dense_a100_torch/runs/exp0095_gpu-a100-80gb-4_torch_eager_chunked_matmul_loop_b16_L512_fsdp1_tp4_tc512_vc65536_fsdp1_tp4_tc512_vc65536_r0/xla,False
A100-80GB,gpu,exp0097_gpu-a100-80gb-4_torch_eager_chunked_matmul_loop_b16_L512_fsdp1_tp4_tc512_vc262144_fsdp1_tp4_tc512_vc262144_r0,,-1,512/262144,16,4,A100:4:80GB,eager,97,1,16,primary_gpu_baseline,gpu-a100-80gb-4,320,Chansungs-MacBook-Pro-2.local,10,"fsdp=1,tp=4",chunked_matmul_loop,dense-synthetic,,0,/Users/deep-diver/Developers/TUNIX-TRY/01-CCE/data/mesh_pathology_dense_a100_torch/runs/exp0097_gpu-a100-80gb-4_torch_eager_chunked_matmul_loop_b16_L512_fsdp1_tp4_tc512_vc262144_fsdp1_tp4_tc512_vc262144_r0,20260616T031040Z,gpu-a100-80gb-4/torch_eager_chunked_matmul_loop,0,512,b16/L512,b16_L512_fsdp1_tp4_tc512_vc262144,2026-06-16T03:10:40+00:00,512,16,4,262144,1,262144,3,PyTorch eager chunk-loop projection matmul without XLA.,torch_eager_chunked_matmul_loop,torch_microbench,/Users/deep-diver/Developers/TUNIX-TRY/01-CCE/data/mesh_pathology_dense_a100_torch/runs/exp0097_gpu-a100-80gb-4_torch_eager_chunked_matmul_loop_b16_L512_fsdp1_tp4_tc512_vc262144_fsdp1_tp4_tc512_vc262144_r0/xla,False
A100-80GB,gpu,exp0098_gpu-a100-80gb-4_torch_eager_chunked_matmul_loop_b16_L512_fsdp1_tp4_tc1024_vc4096_fsdp1_tp4_tc1024_vc4096_r0,,-1,1024/4096,512,4,A100:4:80GB,eager,98,1,16,primary_gpu_baseline,gpu-a100-80gb-4,320,Chansungs-MacBook-Pro-2.local,10,"fsdp=1,tp=4",chunked_matmul_loop,dense-synthetic,,0,/Users/deep-diver/Developers/TUNIX-TRY/01-CCE/data/mesh_pathology_dense_a100_torch/runs/exp0098_gpu-a100-80gb-4_torch_eager_chunked_matmul_loop_b16_L512_fsdp1_tp4_tc1024_vc4096_fsdp1_tp4_tc1024_vc4096_r0,20260616T031040Z,gpu-a100-80gb-4/torch_eager_chunked_matmul_loop,0,512,b16/L512,b16_L512_fsdp1_tp4_tc1024_vc4096,2026-06-16T03:10:40+00:00,1024,8,4,4096,64,262144,3,PyTorch eager chunk-loop projection matmul without XLA.,torch_eager_chunked_matmul_loop,torch_microbench,/Users/deep-diver/Developers/TUNIX-TRY/01-CCE/data/mesh_pathology_dense_a100_torch/runs/exp0098_gpu-a100-80gb-4_torch_eager_chunked_matmul_loop_b16_L512_fsdp1_tp4_tc1024_vc4096_fsdp1_tp4_tc1024_vc4096_r0/xla,False
A100-80GB,gpu,exp0099_gpu-a100-80gb-4_torch_eager_chunked_matmul_loop_b16_L512_fsdp1_tp4_tc1024_vc8192_fsdp1_tp4_tc1024_vc8192_r0,,-1,1024/8192,256,4,A100:4:80GB,eager,99,1,16,primary_gpu_baseline,gpu-a100-80gb-4,320,Chansungs-MacBook-Pro-2.local,10,"fsdp=1,tp=4",chunked_matmul_loop,dense-synthetic,,0,/Users/deep-diver/Developers/TUNIX-TRY/01-CCE/data/mesh_pathology_dense_a100_torch/runs/exp0099_gpu-a100-80gb-4_torch_eager_chunked_matmul_loop_b16_L512_fsdp1_tp4_tc1024_vc8192_fsdp1_tp4_tc1024_vc8192_r0,20260616T031040Z,gpu-a100-80gb-4/torch_eager_chunked_matmul_loop,0,512,b16/L512,b16_L512_fsdp1_tp4_tc1024_vc8192,2026-06-16T03:10:40+00:00,1024,8,4,8192,32,262144,3,PyTorch eager chunk-loop projection matmul without XLA.,torch_eager_chunked_matmul_loop,torch_microbench,/Users/deep-diver/Developers/TUNIX-TRY/01-CCE/data/mesh_pathology_dense_a100_torch/runs/exp0099_gpu-a100-80gb-4_torch_eager_chunked_matmul_loop_b16_L512_fsdp1_tp4_tc1024_vc8192_fsdp1_tp4_tc1024_vc8192_r0/xla,False
A100-80GB,gpu,exp0100_gpu-a100-80gb-4_torch_eager_chunked_matmul_loop_b16_L512_fsdp1_tp4_tc1024_vc16384_fsdp1_tp4_tc1024_vc16384_r0,,-1,1024/16384,128,4,A100:4:80GB,eager,100,1,16,primary_gpu_baseline,gpu-a100-80gb-4,320,Chansungs-MacBook-Pro-2.local,10,"fsdp=1,tp=4",chunked_matmul_loop,dense-synthetic,,0,/Users/deep-diver/Developers/TUNIX-TRY/01-CCE/data/mesh_pathology_dense_a100_torch/runs/exp0100_gpu-a100-80gb-4_torch_eager_chunked_matmul_loop_b16_L512_fsdp1_tp4_tc1024_vc16384_fsdp1_tp4_tc1024_vc16384_r0,20260616T031040Z,gpu-a100-80gb-4/torch_eager_chunked_matmul_loop,0,512,b16/L512,b16_L512_fsdp1_tp4_tc1024_vc16384,2026-06-16T03:10:40+00:00,1024,8,4,16384,16,262144,3,PyTorch eager chunk-loop projection matmul without XLA.,torch_eager_chunked_matmul_loop,torch_microbench,/Users/deep-diver/Developers/TUNIX-TRY/01-CCE/data/mesh_pathology_dense_a100_torch/runs/exp0100_gpu-a100-80gb-4_torch_eager_chunked_matmul_loop_b16_L512_fsdp1_tp4_tc1024_vc16384_fsdp1_tp4_tc1024_vc16384_r0/xla,False
A100-80GB,gpu,exp0101_gpu-a100-80gb-4_torch_eager_chunked_matmul_loop_b16_L512_fsdp1_tp4_tc1024_vc32768_fsdp1_tp4_tc1024_vc32768_r0,,-1,1024/32768,64,4,A100:4:80GB,eager,101,1,16,primary_gpu_baseline,gpu-a100-80gb-4,320,Chansungs-MacBook-Pro-2.local,10,"fsdp=1,tp=4",chunked_matmul_loop,dense-synthetic,,0,/Users/deep-diver/Developers/TUNIX-TRY/01-CCE/data/mesh_pathology_dense_a100_torch/runs/exp0101_gpu-a100-80gb-4_torch_eager_chunked_matmul_loop_b16_L512_fsdp1_tp4_tc1024_vc32768_fsdp1_tp4_tc1024_vc32768_r0,20260616T031040Z,gpu-a100-80gb-4/torch_eager_chunked_matmul_loop,0,512,b16/L512,b16_L512_fsdp1_tp4_tc1024_vc32768,2026-06-16T03:10:40+00:00,1024,8,4,32768,8,262144,3,PyTorch eager chunk-loop projection matmul without XLA.,torch_eager_chunked_matmul_loop,torch_microbench,/Users/deep-diver/Developers/TUNIX-TRY/01-CCE/data/mesh_pathology_dense_a100_torch/runs/exp0101_gpu-a100-80gb-4_torch_eager_chunked_matmul_loop_b16_L512_fsdp1_tp4_tc1024_vc32768_fsdp1_tp4_tc1024_vc32768_r0/xla,False
A100-80GB,gpu,exp0102_gpu-a100-80gb-4_torch_eager_chunked_matmul_loop_b16_L512_fsdp1_tp4_tc1024_vc65536_fsdp1_tp4_tc1024_vc65536_r0,,-1,1024/65536,32,4,A100:4:80GB,eager,102,1,16,primary_gpu_baseline,gpu-a100-80gb-4,320,Chansungs-MacBook-Pro-2.local,10,"fsdp=1,tp=4",chunked_matmul_loop,dense-synthetic,,0,/Users/deep-diver/Developers/TUNIX-TRY/01-CCE/data/mesh_pathology_dense_a100_torch/runs/exp0102_gpu-a100-80gb-4_torch_eager_chunked_matmul_loop_b16_L512_fsdp1_tp4_tc1024_vc65536_fsdp1_tp4_tc1024_vc65536_r0,20260616T031040Z,gpu-a100-80gb-4/torch_eager_chunked_matmul_loop,0,512,b16/L512,b16_L512_fsdp1_tp4_tc1024_vc65536,2026-06-16T03:10:40+00:00,1024,8,4,65536,4,262144,3,PyTorch eager chunk-loop projection matmul without XLA.,torch_eager_chunked_matmul_loop,torch_microbench,/Users/deep-diver/Developers/TUNIX-TRY/01-CCE/data/mesh_pathology_dense_a100_torch/runs/exp0102_gpu-a100-80gb-4_torch_eager_chunked_matmul_loop_b16_L512_fsdp1_tp4_tc1024_vc65536_fsdp1_tp4_tc1024_vc65536_r0/xla,False
A100-80GB,gpu,exp0103_gpu-a100-80gb-4_torch_eager_chunked_matmul_loop_b16_L512_fsdp1_tp4_tc1024_vc131072_fsdp1_tp4_tc1024_vc131072_r0,,-1,1024/131072,16,4,A100:4:80GB,eager,103,1,16,primary_gpu_baseline,gpu-a100-80gb-4,320,Chansungs-MacBook-Pro-2.local,10,"fsdp=1,tp=4",chunked_matmul_loop,dense-synthetic,,0,/Users/deep-diver/Developers/TUNIX-TRY/01-CCE/data/mesh_pathology_dense_a100_torch/runs/exp0103_gpu-a100-80gb-4_torch_eager_chunked_matmul_loop_b16_L512_fsdp1_tp4_tc1024_vc131072_fsdp1_tp4_tc1024_vc131072_r0,20260616T031040Z,gpu-a100-80gb-4/torch_eager_chunked_matmul_loop,0,512,b16/L512,b16_L512_fsdp1_tp4_tc1024_vc131072,2026-06-16T03:10:40+00:00,1024,8,4,131072,2,262144,3,PyTorch eager chunk-loop projection matmul without XLA.,torch_eager_chunked_matmul_loop,torch_microbench,/Users/deep-diver/Developers/TUNIX-TRY/01-CCE/data/mesh_pathology_dense_a100_torch/runs/exp0103_gpu-a100-80gb-4_torch_eager_chunked_matmul_loop_b16_L512_fsdp1_tp4_tc1024_vc131072_fsdp1_tp4_tc1024_vc131072_r0/xla,False
A100-80GB,gpu,exp0105_gpu-a100-80gb-4_torch_eager_collective_loop_b16_L512_fsdp4_tp1_tc64_vc4096_fsdp4_tp1_tc64_vc4096_r0,,-1,64/4096,8192,4,A100:4:80GB,eager,105,4,16,primary_gpu_baseline,gpu-a100-80gb-4,320,Chansungs-MacBook-Pro-2.local,10,"fsdp=4,tp=1",collective_loop,dense-synthetic,,0,/Users/deep-diver/Developers/TUNIX-TRY/01-CCE/data/mesh_pathology_dense_a100_torch/runs/exp0105_gpu-a100-80gb-4_torch_eager_collective_loop_b16_L512_fsdp4_tp1_tc64_vc4096_fsdp4_tp1_tc64_vc4096_r0,20260616T031040Z,gpu-a100-80gb-4/torch_eager_collective_loop,0,512,b16/L512,b16_L512_fsdp4_tp1_tc64_vc4096,2026-06-16T03:10:40+00:00,64,128,1,4096,64,262144,3,PyTorch eager repeated NCCL all-reduce over chunk-sized tensors.,torch_eager_collective_loop,torch_microbench,/Users/deep-diver/Developers/TUNIX-TRY/01-CCE/data/mesh_pathology_dense_a100_torch/runs/exp0105_gpu-a100-80gb-4_torch_eager_collective_loop_b16_L512_fsdp4_tp1_tc64_vc4096_fsdp4_tp1_tc64_vc4096_r0/xla,False
A100-80GB,gpu,exp0106_gpu-a100-80gb-4_torch_eager_collective_loop_b16_L512_fsdp4_tp1_tc64_vc8192_fsdp4_tp1_tc64_vc8192_r0,,-1,64/8192,4096,4,A100:4:80GB,eager,106,4,16,primary_gpu_baseline,gpu-a100-80gb-4,320,Chansungs-MacBook-Pro-2.local,10,"fsdp=4,tp=1",collective_loop,dense-synthetic,,0,/Users/deep-diver/Developers/TUNIX-TRY/01-CCE/data/mesh_pathology_dense_a100_torch/runs/exp0106_gpu-a100-80gb-4_torch_eager_collective_loop_b16_L512_fsdp4_tp1_tc64_vc8192_fsdp4_tp1_tc64_vc8192_r0,20260616T031040Z,gpu-a100-80gb-4/torch_eager_collective_loop,0,512,b16/L512,b16_L512_fsdp4_tp1_tc64_vc8192,2026-06-16T03:10:40+00:00,64,128,1,8192,32,262144,3,PyTorch eager repeated NCCL all-reduce over chunk-sized tensors.,torch_eager_collective_loop,torch_microbench,/Users/deep-diver/Developers/TUNIX-TRY/01-CCE/data/mesh_pathology_dense_a100_torch/runs/exp0106_gpu-a100-80gb-4_torch_eager_collective_loop_b16_L512_fsdp4_tp1_tc64_vc8192_fsdp4_tp1_tc64_vc8192_r0/xla,False
A100-80GB,gpu,exp0107_gpu-a100-80gb-4_torch_eager_collective_loop_b16_L512_fsdp4_tp1_tc64_vc16384_fsdp4_tp1_tc64_vc16384_r0,,-1,64/16384,2048,4,A100:4:80GB,eager,107,4,16,primary_gpu_baseline,gpu-a100-80gb-4,320,Chansungs-MacBook-Pro-2.local,10,"fsdp=4,tp=1",collective_loop,dense-synthetic,,0,/Users/deep-diver/Developers/TUNIX-TRY/01-CCE/data/mesh_pathology_dense_a100_torch/runs/exp0107_gpu-a100-80gb-4_torch_eager_collective_loop_b16_L512_fsdp4_tp1_tc64_vc16384_fsdp4_tp1_tc64_vc16384_r0,20260616T031040Z,gpu-a100-80gb-4/torch_eager_collective_loop,0,512,b16/L512,b16_L512_fsdp4_tp1_tc64_vc16384,2026-06-16T03:10:40+00:00,64,128,1,16384,16,262144,3,PyTorch eager repeated NCCL all-reduce over chunk-sized tensors.,torch_eager_collective_loop,torch_microbench,/Users/deep-diver/Developers/TUNIX-TRY/01-CCE/data/mesh_pathology_dense_a100_torch/runs/exp0107_gpu-a100-80gb-4_torch_eager_collective_loop_b16_L512_fsdp4_tp1_tc64_vc16384_fsdp4_tp1_tc64_vc16384_r0/xla,False
A100-80GB,gpu,exp0108_gpu-a100-80gb-4_torch_eager_collective_loop_b16_L512_fsdp4_tp1_tc64_vc32768_fsdp4_tp1_tc64_vc32768_r0,,-1,64/32768,1024,4,A100:4:80GB,eager,108,4,16,primary_gpu_baseline,gpu-a100-80gb-4,320,Chansungs-MacBook-Pro-2.local,10,"fsdp=4,tp=1",collective_loop,dense-synthetic,,0,/Users/deep-diver/Developers/TUNIX-TRY/01-CCE/data/mesh_pathology_dense_a100_torch/runs/exp0108_gpu-a100-80gb-4_torch_eager_collective_loop_b16_L512_fsdp4_tp1_tc64_vc32768_fsdp4_tp1_tc64_vc32768_r0,20260616T031040Z,gpu-a100-80gb-4/torch_eager_collective_loop,0,512,b16/L512,b16_L512_fsdp4_tp1_tc64_vc32768,2026-06-16T03:10:40+00:00,64,128,1,32768,8,262144,3,PyTorch eager repeated NCCL all-reduce over chunk-sized tensors.,torch_eager_collective_loop,torch_microbench,/Users/deep-diver/Developers/TUNIX-TRY/01-CCE/data/mesh_pathology_dense_a100_torch/runs/exp0108_gpu-a100-80gb-4_torch_eager_collective_loop_b16_L512_fsdp4_tp1_tc64_vc32768_fsdp4_tp1_tc64_vc32768_r0/xla,False
A100-80GB,gpu,exp0109_gpu-a100-80gb-4_torch_eager_collective_loop_b16_L512_fsdp4_tp1_tc64_vc65536_fsdp4_tp1_tc64_vc65536_r0,,-1,64/65536,512,4,A100:4:80GB,eager,109,4,16,primary_gpu_baseline,gpu-a100-80gb-4,320,Chansungs-MacBook-Pro-2.local,10,"fsdp=4,tp=1",collective_loop,dense-synthetic,,0,/Users/deep-diver/Developers/TUNIX-TRY/01-CCE/data/mesh_pathology_dense_a100_torch/runs/exp0109_gpu-a100-80gb-4_torch_eager_collective_loop_b16_L512_fsdp4_tp1_tc64_vc65536_fsdp4_tp1_tc64_vc65536_r0,20260616T031040Z,gpu-a100-80gb-4/torch_eager_collective_loop,0,512,b16/L512,b16_L512_fsdp4_tp1_tc64_vc65536,2026-06-16T03:10:40+00:00,64,128,1,65536,4,262144,3,PyTorch eager repeated NCCL all-reduce over chunk-sized tensors.,torch_eager_collective_loop,torch_microbench,/Users/deep-diver/Developers/TUNIX-TRY/01-CCE/data/mesh_pathology_dense_a100_torch/runs/exp0109_gpu-a100-80gb-4_torch_eager_collective_loop_b16_L512_fsdp4_tp1_tc64_vc65536_fsdp4_tp1_tc64_vc65536_r0/xla,False
A100-80GB,gpu,exp0110_gpu-a100-80gb-4_torch_eager_collective_loop_b16_L512_fsdp4_tp1_tc64_vc131072_fsdp4_tp1_tc64_vc131072_r0,,-1,64/131072,256,4,A100:4:80GB,eager,110,4,16,primary_gpu_baseline,gpu-a100-80gb-4,320,Chansungs-MacBook-Pro-2.local,10,"fsdp=4,tp=1",collective_loop,dense-synthetic,,0,/Users/deep-diver/Developers/TUNIX-TRY/01-CCE/data/mesh_pathology_dense_a100_torch/runs/exp0110_gpu-a100-80gb-4_torch_eager_collective_loop_b16_L512_fsdp4_tp1_tc64_vc131072_fsdp4_tp1_tc64_vc131072_r0,20260616T031040Z,gpu-a100-80gb-4/torch_eager_collective_loop,0,512,b16/L512,b16_L512_fsdp4_tp1_tc64_vc131072,2026-06-16T03:10:40+00:00,64,128,1,131072,2,262144,3,PyTorch eager repeated NCCL all-reduce over chunk-sized tensors.,torch_eager_collective_loop,torch_microbench,/Users/deep-diver/Developers/TUNIX-TRY/01-CCE/data/mesh_pathology_dense_a100_torch/runs/exp0110_gpu-a100-80gb-4_torch_eager_collective_loop_b16_L512_fsdp4_tp1_tc64_vc131072_fsdp4_tp1_tc64_vc131072_r0/xla,False
A100-80GB,gpu,exp0111_gpu-a100-80gb-4_torch_eager_collective_loop_b16_L512_fsdp4_tp1_tc64_vc262144_fsdp4_tp1_tc64_vc262144_r0,,-1,64/262144,128,4,A100:4:80GB,eager,111,4,16,primary_gpu_baseline,gpu-a100-80gb-4,320,Chansungs-MacBook-Pro-2.local,10,"fsdp=4,tp=1",collective_loop,dense-synthetic,,0,/Users/deep-diver/Developers/TUNIX-TRY/01-CCE/data/mesh_pathology_dense_a100_torch/runs/exp0111_gpu-a100-80gb-4_torch_eager_collective_loop_b16_L512_fsdp4_tp1_tc64_vc262144_fsdp4_tp1_tc64_vc262144_r0,20260616T031040Z,gpu-a100-80gb-4/torch_eager_collective_loop,0,512,b16/L512,b16_L512_fsdp4_tp1_tc64_vc262144,2026-06-16T03:10:40+00:00,64,128,1,262144,1,262144,3,PyTorch eager repeated NCCL all-reduce over chunk-sized tensors.,torch_eager_collective_loop,torch_microbench,/Users/deep-diver/Developers/TUNIX-TRY/01-CCE/data/mesh_pathology_dense_a100_torch/runs/exp0111_gpu-a100-80gb-4_torch_eager_collective_loop_b16_L512_fsdp4_tp1_tc64_vc262144_fsdp4_tp1_tc64_vc262144_r0/xla,False
A100-80GB,gpu,exp0113_gpu-a100-80gb-4_torch_eager_collective_loop_b16_L512_fsdp4_tp1_tc128_vc8192_fsdp4_tp1_tc128_vc8192_r0,,-1,128/8192,2048,4,A100:4:80GB,eager,113,4,16,primary_gpu_baseline,gpu-a100-80gb-4,320,Chansungs-MacBook-Pro-2.local,10,"fsdp=4,tp=1",collective_loop,dense-synthetic,,0,/Users/deep-diver/Developers/TUNIX-TRY/01-CCE/data/mesh_pathology_dense_a100_torch/runs/exp0113_gpu-a100-80gb-4_torch_eager_collective_loop_b16_L512_fsdp4_tp1_tc128_vc8192_fsdp4_tp1_tc128_vc8192_r0,20260616T031040Z,gpu-a100-80gb-4/torch_eager_collective_loop,0,512,b16/L512,b16_L512_fsdp4_tp1_tc128_vc8192,2026-06-16T03:10:40+00:00,128,64,1,8192,32,262144,3,PyTorch eager repeated NCCL all-reduce over chunk-sized tensors.,torch_eager_collective_loop,torch_microbench,/Users/deep-diver/Developers/TUNIX-TRY/01-CCE/data/mesh_pathology_dense_a100_torch/runs/exp0113_gpu-a100-80gb-4_torch_eager_collective_loop_b16_L512_fsdp4_tp1_tc128_vc8192_fsdp4_tp1_tc128_vc8192_r0/xla,False
A100-80GB,gpu,exp0114_gpu-a100-80gb-4_torch_eager_collective_loop_b16_L512_fsdp4_tp1_tc128_vc16384_fsdp4_tp1_tc128_vc16384_r0,,-1,128/16384,1024,4,A100:4:80GB,eager,114,4,16,primary_gpu_baseline,gpu-a100-80gb-4,320,Chansungs-MacBook-Pro-2.local,10,"fsdp=4,tp=1",collective_loop,dense-synthetic,,0,/Users/deep-diver/Developers/TUNIX-TRY/01-CCE/data/mesh_pathology_dense_a100_torch/runs/exp0114_gpu-a100-80gb-4_torch_eager_collective_loop_b16_L512_fsdp4_tp1_tc128_vc16384_fsdp4_tp1_tc128_vc16384_r0,20260616T031040Z,gpu-a100-80gb-4/torch_eager_collective_loop,0,512,b16/L512,b16_L512_fsdp4_tp1_tc128_vc16384,2026-06-16T03:10:40+00:00,128,64,1,16384,16,262144,3,PyTorch eager repeated NCCL all-reduce over chunk-sized tensors.,torch_eager_collective_loop,torch_microbench,/Users/deep-diver/Developers/TUNIX-TRY/01-CCE/data/mesh_pathology_dense_a100_torch/runs/exp0114_gpu-a100-80gb-4_torch_eager_collective_loop_b16_L512_fsdp4_tp1_tc128_vc16384_fsdp4_tp1_tc128_vc16384_r0/xla,False
A100-80GB,gpu,exp0115_gpu-a100-80gb-4_torch_eager_collective_loop_b16_L512_fsdp4_tp1_tc128_vc32768_fsdp4_tp1_tc128_vc32768_r0,,-1,128/32768,512,4,A100:4:80GB,eager,115,4,16,primary_gpu_baseline,gpu-a100-80gb-4,320,Chansungs-MacBook-Pro-2.local,10,"fsdp=4,tp=1",collective_loop,dense-synthetic,,0,/Users/deep-diver/Developers/TUNIX-TRY/01-CCE/data/mesh_pathology_dense_a100_torch/runs/exp0115_gpu-a100-80gb-4_torch_eager_collective_loop_b16_L512_fsdp4_tp1_tc128_vc32768_fsdp4_tp1_tc128_vc32768_r0,20260616T031040Z,gpu-a100-80gb-4/torch_eager_collective_loop,0,512,b16/L512,b16_L512_fsdp4_tp1_tc128_vc32768,2026-06-16T03:10:40+00:00,128,64,1,32768,8,262144,3,PyTorch eager repeated NCCL all-reduce over chunk-sized tensors.,torch_eager_collective_loop,torch_microbench,/Users/deep-diver/Developers/TUNIX-TRY/01-CCE/data/mesh_pathology_dense_a100_torch/runs/exp0115_gpu-a100-80gb-4_torch_eager_collective_loop_b16_L512_fsdp4_tp1_tc128_vc32768_fsdp4_tp1_tc128_vc32768_r0/xla,False
A100-80GB,gpu,exp0116_gpu-a100-80gb-4_torch_eager_collective_loop_b16_L512_fsdp4_tp1_tc128_vc65536_fsdp4_tp1_tc128_vc65536_r0,,-1,128/65536,256,4,A100:4:80GB,eager,116,4,16,primary_gpu_baseline,gpu-a100-80gb-4,320,Chansungs-MacBook-Pro-2.local,10,"fsdp=4,tp=1",collective_loop,dense-synthetic,,0,/Users/deep-diver/Developers/TUNIX-TRY/01-CCE/data/mesh_pathology_dense_a100_torch/runs/exp0116_gpu-a100-80gb-4_torch_eager_collective_loop_b16_L512_fsdp4_tp1_tc128_vc65536_fsdp4_tp1_tc128_vc65536_r0,20260616T031040Z,gpu-a100-80gb-4/torch_eager_collective_loop,0,512,b16/L512,b16_L512_fsdp4_tp1_tc128_vc65536,2026-06-16T03:10:40+00:00,128,64,1,65536,4,262144,3,PyTorch eager repeated NCCL all-reduce over chunk-sized tensors.,torch_eager_collective_loop,torch_microbench,/Users/deep-diver/Developers/TUNIX-TRY/01-CCE/data/mesh_pathology_dense_a100_torch/runs/exp0116_gpu-a100-80gb-4_torch_eager_collective_loop_b16_L512_fsdp4_tp1_tc128_vc65536_fsdp4_tp1_tc128_vc65536_r0/xla,False
A100-80GB,gpu,exp0117_gpu-a100-80gb-4_torch_eager_collective_loop_b16_L512_fsdp4_tp1_tc128_vc131072_fsdp4_tp1_tc128_vc131072_r0,,-1,128/131072,128,4,A100:4:80GB,eager,117,4,16,primary_gpu_baseline,gpu-a100-80gb-4,320,Chansungs-MacBook-Pro-2.local,10,"fsdp=4,tp=1",collective_loop,dense-synthetic,,0,/Users/deep-diver/Developers/TUNIX-TRY/01-CCE/data/mesh_pathology_dense_a100_torch/runs/exp0117_gpu-a100-80gb-4_torch_eager_collective_loop_b16_L512_fsdp4_tp1_tc128_vc131072_fsdp4_tp1_tc128_vc131072_r0,20260616T031040Z,gpu-a100-80gb-4/torch_eager_collective_loop,0,512,b16/L512,b16_L512_fsdp4_tp1_tc128_vc131072,2026-06-16T03:10:40+00:00,128,64,1,131072,2,262144,3,PyTorch eager repeated NCCL all-reduce over chunk-sized tensors.,torch_eager_collective_loop,torch_microbench,/Users/deep-diver/Developers/TUNIX-TRY/01-CCE/data/mesh_pathology_dense_a100_torch/runs/exp0117_gpu-a100-80gb-4_torch_eager_collective_loop_b16_L512_fsdp4_tp1_tc128_vc131072_fsdp4_tp1_tc128_vc131072_r0/xla,False
A100-80GB,gpu,exp0118_gpu-a100-80gb-4_torch_eager_collective_loop_b16_L512_fsdp4_tp1_tc128_vc262144_fsdp4_tp1_tc128_vc262144_r0,,-1,128/262144,64,4,A100:4:80GB,eager,118,4,16,primary_gpu_baseline,gpu-a100-80gb-4,320,Chansungs-MacBook-Pro-2.local,10,"fsdp=4,tp=1",collective_loop,dense-synthetic,,0,/Users/deep-diver/Developers/TUNIX-TRY/01-CCE/data/mesh_pathology_dense_a100_torch/runs/exp0118_gpu-a100-80gb-4_torch_eager_collective_loop_b16_L512_fsdp4_tp1_tc128_vc262144_fsdp4_tp1_tc128_vc262144_r0,20260616T031040Z,gpu-a100-80gb-4/torch_eager_collective_loop,0,512,b16/L512,b16_L512_fsdp4_tp1_tc128_vc262144,2026-06-16T03:10:40+00:00,128,64,1,262144,1,262144,3,PyTorch eager repeated NCCL all-reduce over chunk-sized tensors.,torch_eager_collective_loop,torch_microbench,/Users/deep-diver/Developers/TUNIX-TRY/01-CCE/data/mesh_pathology_dense_a100_torch/runs/exp0118_gpu-a100-80gb-4_torch_eager_collective_loop_b16_L512_fsdp4_tp1_tc128_vc262144_fsdp4_tp1_tc128_vc262144_r0/xla,False
A100-80GB,gpu,exp0119_gpu-a100-80gb-4_torch_eager_collective_loop_b16_L512_fsdp4_tp1_tc256_vc4096_fsdp4_tp1_tc256_vc4096_r0,,-1,256/4096,2048,4,A100:4:80GB,eager,119,4,16,primary_gpu_baseline,gpu-a100-80gb-4,320,Chansungs-MacBook-Pro-2.local,10,"fsdp=4,tp=1",collective_loop,dense-synthetic,,0,/Users/deep-diver/Developers/TUNIX-TRY/01-CCE/data/mesh_pathology_dense_a100_torch/runs/exp0119_gpu-a100-80gb-4_torch_eager_collective_loop_b16_L512_fsdp4_tp1_tc256_vc4096_fsdp4_tp1_tc256_vc4096_r0,20260616T031040Z,gpu-a100-80gb-4/torch_eager_collective_loop,0,512,b16/L512,b16_L512_fsdp4_tp1_tc256_vc4096,2026-06-16T03:10:40+00:00,256,32,1,4096,64,262144,3,PyTorch eager repeated NCCL all-reduce over chunk-sized tensors.,torch_eager_collective_loop,torch_microbench,/Users/deep-diver/Developers/TUNIX-TRY/01-CCE/data/mesh_pathology_dense_a100_torch/runs/exp0119_gpu-a100-80gb-4_torch_eager_collective_loop_b16_L512_fsdp4_tp1_tc256_vc4096_fsdp4_tp1_tc256_vc4096_r0/xla,False
A100-80GB,gpu,exp0121_gpu-a100-80gb-4_torch_eager_collective_loop_b16_L512_fsdp4_tp1_tc256_vc16384_fsdp4_tp1_tc256_vc16384_r0,,-1,256/16384,512,4,A100:4:80GB,eager,121,4,16,primary_gpu_baseline,gpu-a100-80gb-4,320,Chansungs-MacBook-Pro-2.local,10,"fsdp=4,tp=1",collective_loop,dense-synthetic,,0,/Users/deep-diver/Developers/TUNIX-TRY/01-CCE/data/mesh_pathology_dense_a100_torch/runs/exp0121_gpu-a100-80gb-4_torch_eager_collective_loop_b16_L512_fsdp4_tp1_tc256_vc16384_fsdp4_tp1_tc256_vc16384_r0,20260616T031040Z,gpu-a100-80gb-4/torch_eager_collective_loop,0,512,b16/L512,b16_L512_fsdp4_tp1_tc256_vc16384,2026-06-16T03:10:40+00:00,256,32,1,16384,16,262144,3,PyTorch eager repeated NCCL all-reduce over chunk-sized tensors.,torch_eager_collective_loop,torch_microbench,/Users/deep-diver/Developers/TUNIX-TRY/01-CCE/data/mesh_pathology_dense_a100_torch/runs/exp0121_gpu-a100-80gb-4_torch_eager_collective_loop_b16_L512_fsdp4_tp1_tc256_vc16384_fsdp4_tp1_tc256_vc16384_r0/xla,False
A100-80GB,gpu,exp0122_gpu-a100-80gb-4_torch_eager_collective_loop_b16_L512_fsdp4_tp1_tc256_vc32768_fsdp4_tp1_tc256_vc32768_r0,,-1,256/32768,256,4,A100:4:80GB,eager,122,4,16,primary_gpu_baseline,gpu-a100-80gb-4,320,Chansungs-MacBook-Pro-2.local,10,"fsdp=4,tp=1",collective_loop,dense-synthetic,,0,/Users/deep-diver/Developers/TUNIX-TRY/01-CCE/data/mesh_pathology_dense_a100_torch/runs/exp0122_gpu-a100-80gb-4_torch_eager_collective_loop_b16_L512_fsdp4_tp1_tc256_vc32768_fsdp4_tp1_tc256_vc32768_r0,20260616T031040Z,gpu-a100-80gb-4/torch_eager_collective_loop,0,512,b16/L512,b16_L512_fsdp4_tp1_tc256_vc32768,2026-06-16T03:10:40+00:00,256,32,1,32768,8,262144,3,PyTorch eager repeated NCCL all-reduce over chunk-sized tensors.,torch_eager_collective_loop,torch_microbench,/Users/deep-diver/Developers/TUNIX-TRY/01-CCE/data/mesh_pathology_dense_a100_torch/runs/exp0122_gpu-a100-80gb-4_torch_eager_collective_loop_b16_L512_fsdp4_tp1_tc256_vc32768_fsdp4_tp1_tc256_vc32768_r0/xla,False
A100-80GB,gpu,exp0123_gpu-a100-80gb-4_torch_eager_collective_loop_b16_L512_fsdp4_tp1_tc256_vc65536_fsdp4_tp1_tc256_vc65536_r0,,-1,256/65536,128,4,A100:4:80GB,eager,123,4,16,primary_gpu_baseline,gpu-a100-80gb-4,320,Chansungs-MacBook-Pro-2.local,10,"fsdp=4,tp=1",collective_loop,dense-synthetic,,0,/Users/deep-diver/Developers/TUNIX-TRY/01-CCE/data/mesh_pathology_dense_a100_torch/runs/exp0123_gpu-a100-80gb-4_torch_eager_collective_loop_b16_L512_fsdp4_tp1_tc256_vc65536_fsdp4_tp1_tc256_vc65536_r0,20260616T031040Z,gpu-a100-80gb-4/torch_eager_collective_loop,0,512,b16/L512,b16_L512_fsdp4_tp1_tc256_vc65536,2026-06-16T03:10:40+00:00,256,32,1,65536,4,262144,3,PyTorch eager repeated NCCL all-reduce over chunk-sized tensors.,torch_eager_collective_loop,torch_microbench,/Users/deep-diver/Developers/TUNIX-TRY/01-CCE/data/mesh_pathology_dense_a100_torch/runs/exp0123_gpu-a100-80gb-4_torch_eager_collective_loop_b16_L512_fsdp4_tp1_tc256_vc65536_fsdp4_tp1_tc256_vc65536_r0/xla,False
A100-80GB,gpu,exp0124_gpu-a100-80gb-4_torch_eager_collective_loop_b16_L512_fsdp4_tp1_tc256_vc131072_fsdp4_tp1_tc256_vc131072_r0,,-1,256/131072,64,4,A100:4:80GB,eager,124,4,16,primary_gpu_baseline,gpu-a100-80gb-4,320,Chansungs-MacBook-Pro-2.local,10,"fsdp=4,tp=1",collective_loop,dense-synthetic,,0,/Users/deep-diver/Developers/TUNIX-TRY/01-CCE/data/mesh_pathology_dense_a100_torch/runs/exp0124_gpu-a100-80gb-4_torch_eager_collective_loop_b16_L512_fsdp4_tp1_tc256_vc131072_fsdp4_tp1_tc256_vc131072_r0,20260616T031040Z,gpu-a100-80gb-4/torch_eager_collective_loop,0,512,b16/L512,b16_L512_fsdp4_tp1_tc256_vc131072,2026-06-16T03:10:40+00:00,256,32,1,131072,2,262144,3,PyTorch eager repeated NCCL all-reduce over chunk-sized tensors.,torch_eager_collective_loop,torch_microbench,/Users/deep-diver/Developers/TUNIX-TRY/01-CCE/data/mesh_pathology_dense_a100_torch/runs/exp0124_gpu-a100-80gb-4_torch_eager_collective_loop_b16_L512_fsdp4_tp1_tc256_vc131072_fsdp4_tp1_tc256_vc131072_r0/xla,False
A100-80GB,gpu,exp0125_gpu-a100-80gb-4_torch_eager_collective_loop_b16_L512_fsdp4_tp1_tc256_vc262144_fsdp4_tp1_tc256_vc262144_r0,,-1,256/262144,32,4,A100:4:80GB,eager,125,4,16,primary_gpu_baseline,gpu-a100-80gb-4,320,Chansungs-MacBook-Pro-2.local,10,"fsdp=4,tp=1",collective_loop,dense-synthetic,,0,/Users/deep-diver/Developers/TUNIX-TRY/01-CCE/data/mesh_pathology_dense_a100_torch/runs/exp0125_gpu-a100-80gb-4_torch_eager_collective_loop_b16_L512_fsdp4_tp1_tc256_vc262144_fsdp4_tp1_tc256_vc262144_r0,20260616T031040Z,gpu-a100-80gb-4/torch_eager_collective_loop,0,512,b16/L512,b16_L512_fsdp4_tp1_tc256_vc262144,2026-06-16T03:10:40+00:00,256,32,1,262144,1,262144,3,PyTorch eager repeated NCCL all-reduce over chunk-sized tensors.,torch_eager_collective_loop,torch_microbench,/Users/deep-diver/Developers/TUNIX-TRY/01-CCE/data/mesh_pathology_dense_a100_torch/runs/exp0125_gpu-a100-80gb-4_torch_eager_collective_loop_b16_L512_fsdp4_tp1_tc256_vc262144_fsdp4_tp1_tc256_vc262144_r0/xla,False
A100-80GB,gpu,exp0126_gpu-a100-80gb-4_torch_eager_collective_loop_b16_L512_fsdp4_tp1_tc512_vc4096_fsdp4_tp1_tc512_vc4096_r0,,-1,512/4096,1024,4,A100:4:80GB,eager,126,4,16,primary_gpu_baseline,gpu-a100-80gb-4,320,Chansungs-MacBook-Pro-2.local,10,"fsdp=4,tp=1",collective_loop,dense-synthetic,,0,/Users/deep-diver/Developers/TUNIX-TRY/01-CCE/data/mesh_pathology_dense_a100_torch/runs/exp0126_gpu-a100-80gb-4_torch_eager_collective_loop_b16_L512_fsdp4_tp1_tc512_vc4096_fsdp4_tp1_tc512_vc4096_r0,20260616T031040Z,gpu-a100-80gb-4/torch_eager_collective_loop,0,512,b16/L512,b16_L512_fsdp4_tp1_tc512_vc4096,2026-06-16T03:10:40+00:00,512,16,1,4096,64,262144,3,PyTorch eager repeated NCCL all-reduce over chunk-sized tensors.,torch_eager_collective_loop,torch_microbench,/Users/deep-diver/Developers/TUNIX-TRY/01-CCE/data/mesh_pathology_dense_a100_torch/runs/exp0126_gpu-a100-80gb-4_torch_eager_collective_loop_b16_L512_fsdp4_tp1_tc512_vc4096_fsdp4_tp1_tc512_vc4096_r0/xla,False
A100-80GB,gpu,exp0127_gpu-a100-80gb-4_torch_eager_collective_loop_b16_L512_fsdp4_tp1_tc512_vc8192_fsdp4_tp1_tc512_vc8192_r0,,-1,512/8192,512,4,A100:4:80GB,eager,127,4,16,primary_gpu_baseline,gpu-a100-80gb-4,320,Chansungs-MacBook-Pro-2.local,10,"fsdp=4,tp=1",collective_loop,dense-synthetic,,0,/Users/deep-diver/Developers/TUNIX-TRY/01-CCE/data/mesh_pathology_dense_a100_torch/runs/exp0127_gpu-a100-80gb-4_torch_eager_collective_loop_b16_L512_fsdp4_tp1_tc512_vc8192_fsdp4_tp1_tc512_vc8192_r0,20260616T031040Z,gpu-a100-80gb-4/torch_eager_collective_loop,0,512,b16/L512,b16_L512_fsdp4_tp1_tc512_vc8192,2026-06-16T03:10:40+00:00,512,16,1,8192,32,262144,3,PyTorch eager repeated NCCL all-reduce over chunk-sized tensors.,torch_eager_collective_loop,torch_microbench,/Users/deep-diver/Developers/TUNIX-TRY/01-CCE/data/mesh_pathology_dense_a100_torch/runs/exp0127_gpu-a100-80gb-4_torch_eager_collective_loop_b16_L512_fsdp4_tp1_tc512_vc8192_fsdp4_tp1_tc512_vc8192_r0/xla,False
A100-80GB,gpu,exp0129_gpu-a100-80gb-4_torch_eager_collective_loop_b16_L512_fsdp4_tp1_tc512_vc32768_fsdp4_tp1_tc512_vc32768_r0,,-1,512/32768,128,4,A100:4:80GB,eager,129,4,16,primary_gpu_baseline,gpu-a100-80gb-4,320,Chansungs-MacBook-Pro-2.local,10,"fsdp=4,tp=1",collective_loop,dense-synthetic,,0,/Users/deep-diver/Developers/TUNIX-TRY/01-CCE/data/mesh_pathology_dense_a100_torch/runs/exp0129_gpu-a100-80gb-4_torch_eager_collective_loop_b16_L512_fsdp4_tp1_tc512_vc32768_fsdp4_tp1_tc512_vc32768_r0,20260616T031040Z,gpu-a100-80gb-4/torch_eager_collective_loop,0,512,b16/L512,b16_L512_fsdp4_tp1_tc512_vc32768,2026-06-16T03:10:40+00:00,512,16,1,32768,8,262144,3,PyTorch eager repeated NCCL all-reduce over chunk-sized tensors.,torch_eager_collective_loop,torch_microbench,/Users/deep-diver/Developers/TUNIX-TRY/01-CCE/data/mesh_pathology_dense_a100_torch/runs/exp0129_gpu-a100-80gb-4_torch_eager_collective_loop_b16_L512_fsdp4_tp1_tc512_vc32768_fsdp4_tp1_tc512_vc32768_r0/xla,False
A100-80GB,gpu,exp0130_gpu-a100-80gb-4_torch_eager_collective_loop_b16_L512_fsdp4_tp1_tc512_vc65536_fsdp4_tp1_tc512_vc65536_r0,,-1,512/65536,64,4,A100:4:80GB,eager,130,4,16,primary_gpu_baseline,gpu-a100-80gb-4,320,Chansungs-MacBook-Pro-2.local,10,"fsdp=4,tp=1",collective_loop,dense-synthetic,,0,/Users/deep-diver/Developers/TUNIX-TRY/01-CCE/data/mesh_pathology_dense_a100_torch/runs/exp0130_gpu-a100-80gb-4_torch_eager_collective_loop_b16_L512_fsdp4_tp1_tc512_vc65536_fsdp4_tp1_tc512_vc65536_r0,20260616T031040Z,gpu-a100-80gb-4/torch_eager_collective_loop,0,512,b16/L512,b16_L512_fsdp4_tp1_tc512_vc65536,2026-06-16T03:10:40+00:00,512,16,1,65536,4,262144,3,PyTorch eager repeated NCCL all-reduce over chunk-sized tensors.,torch_eager_collective_loop,torch_microbench,/Users/deep-diver/Developers/TUNIX-TRY/01-CCE/data/mesh_pathology_dense_a100_torch/runs/exp0130_gpu-a100-80gb-4_torch_eager_collective_loop_b16_L512_fsdp4_tp1_tc512_vc65536_fsdp4_tp1_tc512_vc65536_r0/xla,False
A100-80GB,gpu,exp0131_gpu-a100-80gb-4_torch_eager_collective_loop_b16_L512_fsdp4_tp1_tc512_vc131072_fsdp4_tp1_tc512_vc131072_r0,,-1,512/131072,32,4,A100:4:80GB,eager,131,4,16,primary_gpu_baseline,gpu-a100-80gb-4,320,Chansungs-MacBook-Pro-2.local,10,"fsdp=4,tp=1",collective_loop,dense-synthetic,,0,/Users/deep-diver/Developers/TUNIX-TRY/01-CCE/data/mesh_pathology_dense_a100_torch/runs/exp0131_gpu-a100-80gb-4_torch_eager_collective_loop_b16_L512_fsdp4_tp1_tc512_vc131072_fsdp4_tp1_tc512_vc131072_r0,20260616T031040Z,gpu-a100-80gb-4/torch_eager_collective_loop,0,512,b16/L512,b16_L512_fsdp4_tp1_tc512_vc131072,2026-06-16T03:10:40+00:00,512,16,1,131072,2,262144,3,PyTorch eager repeated NCCL all-reduce over chunk-sized tensors.,torch_eager_collective_loop,torch_microbench,/Users/deep-diver/Developers/TUNIX-TRY/01-CCE/data/mesh_pathology_dense_a100_torch/runs/exp0131_gpu-a100-80gb-4_torch_eager_collective_loop_b16_L512_fsdp4_tp1_tc512_vc131072_fsdp4_tp1_tc512_vc131072_r0/xla,False
A100-80GB,gpu,exp0132_gpu-a100-80gb-4_torch_eager_collective_loop_b16_L512_fsdp4_tp1_tc512_vc262144_fsdp4_tp1_tc512_vc262144_r0,,-1,512/262144,16,4,A100:4:80GB,eager,132,4,16,primary_gpu_baseline,gpu-a100-80gb-4,320,Chansungs-MacBook-Pro-2.local,10,"fsdp=4,tp=1",collective_loop,dense-synthetic,,0,/Users/deep-diver/Developers/TUNIX-TRY/01-CCE/data/mesh_pathology_dense_a100_torch/runs/exp0132_gpu-a100-80gb-4_torch_eager_collective_loop_b16_L512_fsdp4_tp1_tc512_vc262144_fsdp4_tp1_tc512_vc262144_r0,20260616T031040Z,gpu-a100-80gb-4/torch_eager_collective_loop,0,512,b16/L512,b16_L512_fsdp4_tp1_tc512_vc262144,2026-06-16T03:10:40+00:00,512,16,1,262144,1,262144,3,PyTorch eager repeated NCCL all-reduce over chunk-sized tensors.,torch_eager_collective_loop,torch_microbench,/Users/deep-diver/Developers/TUNIX-TRY/01-CCE/data/mesh_pathology_dense_a100_torch/runs/exp0132_gpu-a100-80gb-4_torch_eager_collective_loop_b16_L512_fsdp4_tp1_tc512_vc262144_fsdp4_tp1_tc512_vc262144_r0/xla,False
A100-80GB,gpu,exp0133_gpu-a100-80gb-4_torch_eager_collective_loop_b16_L512_fsdp4_tp1_tc1024_vc4096_fsdp4_tp1_tc1024_vc4096_r0,,-1,1024/4096,512,4,A100:4:80GB,eager,133,4,16,primary_gpu_baseline,gpu-a100-80gb-4,320,Chansungs-MacBook-Pro-2.local,10,"fsdp=4,tp=1",collective_loop,dense-synthetic,,0,/Users/deep-diver/Developers/TUNIX-TRY/01-CCE/data/mesh_pathology_dense_a100_torch/runs/exp0133_gpu-a100-80gb-4_torch_eager_collective_loop_b16_L512_fsdp4_tp1_tc1024_vc4096_fsdp4_tp1_tc1024_vc4096_r0,20260616T031040Z,gpu-a100-80gb-4/torch_eager_collective_loop,0,512,b16/L512,b16_L512_fsdp4_tp1_tc1024_vc4096,2026-06-16T03:10:40+00:00,1024,8,1,4096,64,262144,3,PyTorch eager repeated NCCL all-reduce over chunk-sized tensors.,torch_eager_collective_loop,torch_microbench,/Users/deep-diver/Developers/TUNIX-TRY/01-CCE/data/mesh_pathology_dense_a100_torch/runs/exp0133_gpu-a100-80gb-4_torch_eager_collective_loop_b16_L512_fsdp4_tp1_tc1024_vc4096_fsdp4_tp1_tc1024_vc4096_r0/xla,False
A100-80GB,gpu,exp0134_gpu-a100-80gb-4_torch_eager_collective_loop_b16_L512_fsdp4_tp1_tc1024_vc8192_fsdp4_tp1_tc1024_vc8192_r0,,-1,1024/8192,256,4,A100:4:80GB,eager,134,4,16,primary_gpu_baseline,gpu-a100-80gb-4,320,Chansungs-MacBook-Pro-2.local,10,"fsdp=4,tp=1",collective_loop,dense-synthetic,,0,/Users/deep-diver/Developers/TUNIX-TRY/01-CCE/data/mesh_pathology_dense_a100_torch/runs/exp0134_gpu-a100-80gb-4_torch_eager_collective_loop_b16_L512_fsdp4_tp1_tc1024_vc8192_fsdp4_tp1_tc1024_vc8192_r0,20260616T031040Z,gpu-a100-80gb-4/torch_eager_collective_loop,0,512,b16/L512,b16_L512_fsdp4_tp1_tc1024_vc8192,2026-06-16T03:10:40+00:00,1024,8,1,8192,32,262144,3,PyTorch eager repeated NCCL all-reduce over chunk-sized tensors.,torch_eager_collective_loop,torch_microbench,/Users/deep-diver/Developers/TUNIX-TRY/01-CCE/data/mesh_pathology_dense_a100_torch/runs/exp0134_gpu-a100-80gb-4_torch_eager_collective_loop_b16_L512_fsdp4_tp1_tc1024_vc8192_fsdp4_tp1_tc1024_vc8192_r0/xla,False
A100-80GB,gpu,exp0135_gpu-a100-80gb-4_torch_eager_collective_loop_b16_L512_fsdp4_tp1_tc1024_vc16384_fsdp4_tp1_tc1024_vc16384_r0,,-1,1024/16384,128,4,A100:4:80GB,eager,135,4,16,primary_gpu_baseline,gpu-a100-80gb-4,320,Chansungs-MacBook-Pro-2.local,10,"fsdp=4,tp=1",collective_loop,dense-synthetic,,0,/Users/deep-diver/Developers/TUNIX-TRY/01-CCE/data/mesh_pathology_dense_a100_torch/runs/exp0135_gpu-a100-80gb-4_torch_eager_collective_loop_b16_L512_fsdp4_tp1_tc1024_vc16384_fsdp4_tp1_tc1024_vc16384_r0,20260616T031040Z,gpu-a100-80gb-4/torch_eager_collective_loop,0,512,b16/L512,b16_L512_fsdp4_tp1_tc1024_vc16384,2026-06-16T03:10:40+00:00,1024,8,1,16384,16,262144,3,PyTorch eager repeated NCCL all-reduce over chunk-sized tensors.,torch_eager_collective_loop,torch_microbench,/Users/deep-diver/Developers/TUNIX-TRY/01-CCE/data/mesh_pathology_dense_a100_torch/runs/exp0135_gpu-a100-80gb-4_torch_eager_collective_loop_b16_L512_fsdp4_tp1_tc1024_vc16384_fsdp4_tp1_tc1024_vc16384_r0/xla,False
A100-80GB,gpu,exp0137_gpu-a100-80gb-4_torch_eager_collective_loop_b16_L512_fsdp4_tp1_tc1024_vc65536_fsdp4_tp1_tc1024_vc65536_r0,,-1,1024/65536,32,4,A100:4:80GB,eager,137,4,16,primary_gpu_baseline,gpu-a100-80gb-4,320,Chansungs-MacBook-Pro-2.local,10,"fsdp=4,tp=1",collective_loop,dense-synthetic,,0,/Users/deep-diver/Developers/TUNIX-TRY/01-CCE/data/mesh_pathology_dense_a100_torch/runs/exp0137_gpu-a100-80gb-4_torch_eager_collective_loop_b16_L512_fsdp4_tp1_tc1024_vc65536_fsdp4_tp1_tc1024_vc65536_r0,20260616T031040Z,gpu-a100-80gb-4/torch_eager_collective_loop,0,512,b16/L512,b16_L512_fsdp4_tp1_tc1024_vc65536,2026-06-16T03:10:40+00:00,1024,8,1,65536,4,262144,3,PyTorch eager repeated NCCL all-reduce over chunk-sized tensors.,torch_eager_collective_loop,torch_microbench,/Users/deep-diver/Developers/TUNIX-TRY/01-CCE/data/mesh_pathology_dense_a100_torch/runs/exp0137_gpu-a100-80gb-4_torch_eager_collective_loop_b16_L512_fsdp4_tp1_tc1024_vc65536_fsdp4_tp1_tc1024_vc65536_r0/xla,False
A100-80GB,gpu,exp0138_gpu-a100-80gb-4_torch_eager_collective_loop_b16_L512_fsdp4_tp1_tc1024_vc131072_fsdp4_tp1_tc1024_vc131072_r0,,-1,1024/131072,16,4,A100:4:80GB,eager,138,4,16,primary_gpu_baseline,gpu-a100-80gb-4,320,Chansungs-MacBook-Pro-2.local,10,"fsdp=4,tp=1",collective_loop,dense-synthetic,,0,/Users/deep-diver/Developers/TUNIX-TRY/01-CCE/data/mesh_pathology_dense_a100_torch/runs/exp0138_gpu-a100-80gb-4_torch_eager_collective_loop_b16_L512_fsdp4_tp1_tc1024_vc131072_fsdp4_tp1_tc1024_vc131072_r0,20260616T031040Z,gpu-a100-80gb-4/torch_eager_collective_loop,0,512,b16/L512,b16_L512_fsdp4_tp1_tc1024_vc131072,2026-06-16T03:10:40+00:00,1024,8,1,131072,2,262144,3,PyTorch eager repeated NCCL all-reduce over chunk-sized tensors.,torch_eager_collective_loop,torch_microbench,/Users/deep-diver/Developers/TUNIX-TRY/01-CCE/data/mesh_pathology_dense_a100_torch/runs/exp0138_gpu-a100-80gb-4_torch_eager_collective_loop_b16_L512_fsdp4_tp1_tc1024_vc131072_fsdp4_tp1_tc1024_vc131072_r0/xla,False
A100-80GB,gpu,exp0139_gpu-a100-80gb-4_torch_eager_collective_loop_b16_L512_fsdp4_tp1_tc1024_vc262144_fsdp4_tp1_tc1024_vc262144_r0,,-1,1024/262144,8,4,A100:4:80GB,eager,139,4,16,primary_gpu_baseline,gpu-a100-80gb-4,320,Chansungs-MacBook-Pro-2.local,10,"fsdp=4,tp=1",collective_loop,dense-synthetic,,0,/Users/deep-diver/Developers/TUNIX-TRY/01-CCE/data/mesh_pathology_dense_a100_torch/runs/exp0139_gpu-a100-80gb-4_torch_eager_collective_loop_b16_L512_fsdp4_tp1_tc1024_vc262144_fsdp4_tp1_tc1024_vc262144_r0,20260616T031040Z,gpu-a100-80gb-4/torch_eager_collective_loop,0,512,b16/L512,b16_L512_fsdp4_tp1_tc1024_vc262144,2026-06-16T03:10:40+00:00,1024,8,1,262144,1,262144,3,PyTorch eager repeated NCCL all-reduce over chunk-sized tensors.,torch_eager_collective_loop,torch_microbench,/Users/deep-diver/Developers/TUNIX-TRY/01-CCE/data/mesh_pathology_dense_a100_torch/runs/exp0139_gpu-a100-80gb-4_torch_eager_collective_loop_b16_L512_fsdp4_tp1_tc1024_vc262144_fsdp4_tp1_tc1024_vc262144_r0/xla,False
A100-80GB,gpu,exp0140_gpu-a100-80gb-4_torch_eager_collective_loop_b16_L512_fsdp2_tp2_tc64_vc4096_fsdp2_tp2_tc64_vc4096_r0,,-1,64/4096,8192,4,A100:4:80GB,eager,140,2,16,primary_gpu_baseline,gpu-a100-80gb-4,320,Chansungs-MacBook-Pro-2.local,10,"fsdp=2,tp=2",collective_loop,dense-synthetic,,0,/Users/deep-diver/Developers/TUNIX-TRY/01-CCE/data/mesh_pathology_dense_a100_torch/runs/exp0140_gpu-a100-80gb-4_torch_eager_collective_loop_b16_L512_fsdp2_tp2_tc64_vc4096_fsdp2_tp2_tc64_vc4096_r0,20260616T031040Z,gpu-a100-80gb-4/torch_eager_collective_loop,0,512,b16/L512,b16_L512_fsdp2_tp2_tc64_vc4096,2026-06-16T03:10:40+00:00,64,128,2,4096,64,262144,3,PyTorch eager repeated NCCL all-reduce over chunk-sized tensors.,torch_eager_collective_loop,torch_microbench,/Users/deep-diver/Developers/TUNIX-TRY/01-CCE/data/mesh_pathology_dense_a100_torch/runs/exp0140_gpu-a100-80gb-4_torch_eager_collective_loop_b16_L512_fsdp2_tp2_tc64_vc4096_fsdp2_tp2_tc64_vc4096_r0/xla,False
A100-80GB,gpu,exp0141_gpu-a100-80gb-4_torch_eager_collective_loop_b16_L512_fsdp2_tp2_tc64_vc8192_fsdp2_tp2_tc64_vc8192_r0,,-1,64/8192,4096,4,A100:4:80GB,eager,141,2,16,primary_gpu_baseline,gpu-a100-80gb-4,320,Chansungs-MacBook-Pro-2.local,10,"fsdp=2,tp=2",collective_loop,dense-synthetic,,0,/Users/deep-diver/Developers/TUNIX-TRY/01-CCE/data/mesh_pathology_dense_a100_torch/runs/exp0141_gpu-a100-80gb-4_torch_eager_collective_loop_b16_L512_fsdp2_tp2_tc64_vc8192_fsdp2_tp2_tc64_vc8192_r0,20260616T031040Z,gpu-a100-80gb-4/torch_eager_collective_loop,0,512,b16/L512,b16_L512_fsdp2_tp2_tc64_vc8192,2026-06-16T03:10:40+00:00,64,128,2,8192,32,262144,3,PyTorch eager repeated NCCL all-reduce over chunk-sized tensors.,torch_eager_collective_loop,torch_microbench,/Users/deep-diver/Developers/TUNIX-TRY/01-CCE/data/mesh_pathology_dense_a100_torch/runs/exp0141_gpu-a100-80gb-4_torch_eager_collective_loop_b16_L512_fsdp2_tp2_tc64_vc8192_fsdp2_tp2_tc64_vc8192_r0/xla,False
A100-80GB,gpu,exp0142_gpu-a100-80gb-4_torch_eager_collective_loop_b16_L512_fsdp2_tp2_tc64_vc16384_fsdp2_tp2_tc64_vc16384_r0,,-1,64/16384,2048,4,A100:4:80GB,eager,142,2,16,primary_gpu_baseline,gpu-a100-80gb-4,320,Chansungs-MacBook-Pro-2.local,10,"fsdp=2,tp=2",collective_loop,dense-synthetic,,0,/Users/deep-diver/Developers/TUNIX-TRY/01-CCE/data/mesh_pathology_dense_a100_torch/runs/exp0142_gpu-a100-80gb-4_torch_eager_collective_loop_b16_L512_fsdp2_tp2_tc64_vc16384_fsdp2_tp2_tc64_vc16384_r0,20260616T031040Z,gpu-a100-80gb-4/torch_eager_collective_loop,0,512,b16/L512,b16_L512_fsdp2_tp2_tc64_vc16384,2026-06-16T03:10:40+00:00,64,128,2,16384,16,262144,3,PyTorch eager repeated NCCL all-reduce over chunk-sized tensors.,torch_eager_collective_loop,torch_microbench,/Users/deep-diver/Developers/TUNIX-TRY/01-CCE/data/mesh_pathology_dense_a100_torch/runs/exp0142_gpu-a100-80gb-4_torch_eager_collective_loop_b16_L512_fsdp2_tp2_tc64_vc16384_fsdp2_tp2_tc64_vc16384_r0/xla,False
A100-80GB,gpu,exp0143_gpu-a100-80gb-4_torch_eager_collective_loop_b16_L512_fsdp2_tp2_tc64_vc32768_fsdp2_tp2_tc64_vc32768_r0,,-1,64/32768,1024,4,A100:4:80GB,eager,143,2,16,primary_gpu_baseline,gpu-a100-80gb-4,320,Chansungs-MacBook-Pro-2.local,10,"fsdp=2,tp=2",collective_loop,dense-synthetic,,0,/Users/deep-diver/Developers/TUNIX-TRY/01-CCE/data/mesh_pathology_dense_a100_torch/runs/exp0143_gpu-a100-80gb-4_torch_eager_collective_loop_b16_L512_fsdp2_tp2_tc64_vc32768_fsdp2_tp2_tc64_vc32768_r0,20260616T031040Z,gpu-a100-80gb-4/torch_eager_collective_loop,0,512,b16/L512,b16_L512_fsdp2_tp2_tc64_vc32768,2026-06-16T03:10:40+00:00,64,128,2,32768,8,262144,3,PyTorch eager repeated NCCL all-reduce over chunk-sized tensors.,torch_eager_collective_loop,torch_microbench,/Users/deep-diver/Developers/TUNIX-TRY/01-CCE/data/mesh_pathology_dense_a100_torch/runs/exp0143_gpu-a100-80gb-4_torch_eager_collective_loop_b16_L512_fsdp2_tp2_tc64_vc32768_fsdp2_tp2_tc64_vc32768_r0/xla,False
A100-80GB,gpu,exp0145_gpu-a100-80gb-4_torch_eager_collective_loop_b16_L512_fsdp2_tp2_tc64_vc131072_fsdp2_tp2_tc64_vc131072_r0,,-1,64/131072,256,4,A100:4:80GB,eager,145,2,16,primary_gpu_baseline,gpu-a100-80gb-4,320,Chansungs-MacBook-Pro-2.local,10,"fsdp=2,tp=2",collective_loop,dense-synthetic,,0,/Users/deep-diver/Developers/TUNIX-TRY/01-CCE/data/mesh_pathology_dense_a100_torch/runs/exp0145_gpu-a100-80gb-4_torch_eager_collective_loop_b16_L512_fsdp2_tp2_tc64_vc131072_fsdp2_tp2_tc64_vc131072_r0,20260616T031040Z,gpu-a100-80gb-4/torch_eager_collective_loop,0,512,b16/L512,b16_L512_fsdp2_tp2_tc64_vc131072,2026-06-16T03:10:40+00:00,64,128,2,131072,2,262144,3,PyTorch eager repeated NCCL all-reduce over chunk-sized tensors.,torch_eager_collective_loop,torch_microbench,/Users/deep-diver/Developers/TUNIX-TRY/01-CCE/data/mesh_pathology_dense_a100_torch/runs/exp0145_gpu-a100-80gb-4_torch_eager_collective_loop_b16_L512_fsdp2_tp2_tc64_vc131072_fsdp2_tp2_tc64_vc131072_r0/xla,False
A100-80GB,gpu,exp0146_gpu-a100-80gb-4_torch_eager_collective_loop_b16_L512_fsdp2_tp2_tc64_vc262144_fsdp2_tp2_tc64_vc262144_r0,,-1,64/262144,128,4,A100:4:80GB,eager,146,2,16,primary_gpu_baseline,gpu-a100-80gb-4,320,Chansungs-MacBook-Pro-2.local,10,"fsdp=2,tp=2",collective_loop,dense-synthetic,,0,/Users/deep-diver/Developers/TUNIX-TRY/01-CCE/data/mesh_pathology_dense_a100_torch/runs/exp0146_gpu-a100-80gb-4_torch_eager_collective_loop_b16_L512_fsdp2_tp2_tc64_vc262144_fsdp2_tp2_tc64_vc262144_r0,20260616T031040Z,gpu-a100-80gb-4/torch_eager_collective_loop,0,512,b16/L512,b16_L512_fsdp2_tp2_tc64_vc262144,2026-06-16T03:10:40+00:00,64,128,2,262144,1,262144,3,PyTorch eager repeated NCCL all-reduce over chunk-sized tensors.,torch_eager_collective_loop,torch_microbench,/Users/deep-diver/Developers/TUNIX-TRY/01-CCE/data/mesh_pathology_dense_a100_torch/runs/exp0146_gpu-a100-80gb-4_torch_eager_collective_loop_b16_L512_fsdp2_tp2_tc64_vc262144_fsdp2_tp2_tc64_vc262144_r0/xla,False
A100-80GB,gpu,exp0147_gpu-a100-80gb-4_torch_eager_collective_loop_b16_L512_fsdp2_tp2_tc128_vc4096_fsdp2_tp2_tc128_vc4096_r0,,-1,128/4096,4096,4,A100:4:80GB,eager,147,2,16,primary_gpu_baseline,gpu-a100-80gb-4,320,Chansungs-MacBook-Pro-2.local,10,"fsdp=2,tp=2",collective_loop,dense-synthetic,,0,/Users/deep-diver/Developers/TUNIX-TRY/01-CCE/data/mesh_pathology_dense_a100_torch/runs/exp0147_gpu-a100-80gb-4_torch_eager_collective_loop_b16_L512_fsdp2_tp2_tc128_vc4096_fsdp2_tp2_tc128_vc4096_r0,20260616T031040Z,gpu-a100-80gb-4/torch_eager_collective_loop,0,512,b16/L512,b16_L512_fsdp2_tp2_tc128_vc4096,2026-06-16T03:10:40+00:00,128,64,2,4096,64,262144,3,PyTorch eager repeated NCCL all-reduce over chunk-sized tensors.,torch_eager_collective_loop,torch_microbench,/Users/deep-diver/Developers/TUNIX-TRY/01-CCE/data/mesh_pathology_dense_a100_torch/runs/exp0147_gpu-a100-80gb-4_torch_eager_collective_loop_b16_L512_fsdp2_tp2_tc128_vc4096_fsdp2_tp2_tc128_vc4096_r0/xla,False
A100-80GB,gpu,exp0148_gpu-a100-80gb-4_torch_eager_collective_loop_b16_L512_fsdp2_tp2_tc128_vc8192_fsdp2_tp2_tc128_vc8192_r0,,-1,128/8192,2048,4,A100:4:80GB,eager,148,2,16,primary_gpu_baseline,gpu-a100-80gb-4,320,Chansungs-MacBook-Pro-2.local,10,"fsdp=2,tp=2",collective_loop,dense-synthetic,,0,/Users/deep-diver/Developers/TUNIX-TRY/01-CCE/data/mesh_pathology_dense_a100_torch/runs/exp0148_gpu-a100-80gb-4_torch_eager_collective_loop_b16_L512_fsdp2_tp2_tc128_vc8192_fsdp2_tp2_tc128_vc8192_r0,20260616T031040Z,gpu-a100-80gb-4/torch_eager_collective_loop,0,512,b16/L512,b16_L512_fsdp2_tp2_tc128_vc8192,2026-06-16T03:10:40+00:00,128,64,2,8192,32,262144,3,PyTorch eager repeated NCCL all-reduce over chunk-sized tensors.,torch_eager_collective_loop,torch_microbench,/Users/deep-diver/Developers/TUNIX-TRY/01-CCE/data/mesh_pathology_dense_a100_torch/runs/exp0148_gpu-a100-80gb-4_torch_eager_collective_loop_b16_L512_fsdp2_tp2_tc128_vc8192_fsdp2_tp2_tc128_vc8192_r0/xla,False
A100-80GB,gpu,exp0149_gpu-a100-80gb-4_torch_eager_collective_loop_b16_L512_fsdp2_tp2_tc128_vc16384_fsdp2_tp2_tc128_vc16384_r0,,-1,128/16384,1024,4,A100:4:80GB,eager,149,2,16,primary_gpu_baseline,gpu-a100-80gb-4,320,Chansungs-MacBook-Pro-2.local,10,"fsdp=2,tp=2",collective_loop,dense-synthetic,,0,/Users/deep-diver/Developers/TUNIX-TRY/01-CCE/data/mesh_pathology_dense_a100_torch/runs/exp0149_gpu-a100-80gb-4_torch_eager_collective_loop_b16_L512_fsdp2_tp2_tc128_vc16384_fsdp2_tp2_tc128_vc16384_r0,20260616T031040Z,gpu-a100-80gb-4/torch_eager_collective_loop,0,512,b16/L512,b16_L512_fsdp2_tp2_tc128_vc16384,2026-06-16T03:10:40+00:00,128,64,2,16384,16,262144,3,PyTorch eager repeated NCCL all-reduce over chunk-sized tensors.,torch_eager_collective_loop,torch_microbench,/Users/deep-diver/Developers/TUNIX-TRY/01-CCE/data/mesh_pathology_dense_a100_torch/runs/exp0149_gpu-a100-80gb-4_torch_eager_collective_loop_b16_L512_fsdp2_tp2_tc128_vc16384_fsdp2_tp2_tc128_vc16384_r0/xla,False
A100-80GB,gpu,exp0150_gpu-a100-80gb-4_torch_eager_collective_loop_b16_L512_fsdp2_tp2_tc128_vc32768_fsdp2_tp2_tc128_vc32768_r0,,-1,128/32768,512,4,A100:4:80GB,eager,150,2,16,primary_gpu_baseline,gpu-a100-80gb-4,320,Chansungs-MacBook-Pro-2.local,10,"fsdp=2,tp=2",collective_loop,dense-synthetic,,0,/Users/deep-diver/Developers/TUNIX-TRY/01-CCE/data/mesh_pathology_dense_a100_torch/runs/exp0150_gpu-a100-80gb-4_torch_eager_collective_loop_b16_L512_fsdp2_tp2_tc128_vc32768_fsdp2_tp2_tc128_vc32768_r0,20260616T031040Z,gpu-a100-80gb-4/torch_eager_collective_loop,0,512,b16/L512,b16_L512_fsdp2_tp2_tc128_vc32768,2026-06-16T03:10:40+00:00,128,64,2,32768,8,262144,3,PyTorch eager repeated NCCL all-reduce over chunk-sized tensors.,torch_eager_collective_loop,torch_microbench,/Users/deep-diver/Developers/TUNIX-TRY/01-CCE/data/mesh_pathology_dense_a100_torch/runs/exp0150_gpu-a100-80gb-4_torch_eager_collective_loop_b16_L512_fsdp2_tp2_tc128_vc32768_fsdp2_tp2_tc128_vc32768_r0/xla,False
A100-80GB,gpu,exp0151_gpu-a100-80gb-4_torch_eager_collective_loop_b16_L512_fsdp2_tp2_tc128_vc65536_fsdp2_tp2_tc128_vc65536_r0,,-1,128/65536,256,4,A100:4:80GB,eager,151,2,16,primary_gpu_baseline,gpu-a100-80gb-4,320,Chansungs-MacBook-Pro-2.local,10,"fsdp=2,tp=2",collective_loop,dense-synthetic,,0,/Users/deep-diver/Developers/TUNIX-TRY/01-CCE/data/mesh_pathology_dense_a100_torch/runs/exp0151_gpu-a100-80gb-4_torch_eager_collective_loop_b16_L512_fsdp2_tp2_tc128_vc65536_fsdp2_tp2_tc128_vc65536_r0,20260616T031040Z,gpu-a100-80gb-4/torch_eager_collective_loop,0,512,b16/L512,b16_L512_fsdp2_tp2_tc128_vc65536,2026-06-16T03:10:40+00:00,128,64,2,65536,4,262144,3,PyTorch eager repeated NCCL all-reduce over chunk-sized tensors.,torch_eager_collective_loop,torch_microbench,/Users/deep-diver/Developers/TUNIX-TRY/01-CCE/data/mesh_pathology_dense_a100_torch/runs/exp0151_gpu-a100-80gb-4_torch_eager_collective_loop_b16_L512_fsdp2_tp2_tc128_vc65536_fsdp2_tp2_tc128_vc65536_r0/xla,False
A100-80GB,gpu,exp0153_gpu-a100-80gb-4_torch_eager_collective_loop_b16_L512_fsdp2_tp2_tc128_vc262144_fsdp2_tp2_tc128_vc262144_r0,,-1,128/262144,64,4,A100:4:80GB,eager,153,2,16,primary_gpu_baseline,gpu-a100-80gb-4,320,Chansungs-MacBook-Pro-2.local,10,"fsdp=2,tp=2",collective_loop,dense-synthetic,,0,/Users/deep-diver/Developers/TUNIX-TRY/01-CCE/data/mesh_pathology_dense_a100_torch/runs/exp0153_gpu-a100-80gb-4_torch_eager_collective_loop_b16_L512_fsdp2_tp2_tc128_vc262144_fsdp2_tp2_tc128_vc262144_r0,20260616T031040Z,gpu-a100-80gb-4/torch_eager_collective_loop,0,512,b16/L512,b16_L512_fsdp2_tp2_tc128_vc262144,2026-06-16T03:10:40+00:00,128,64,2,262144,1,262144,3,PyTorch eager repeated NCCL all-reduce over chunk-sized tensors.,torch_eager_collective_loop,torch_microbench,/Users/deep-diver/Developers/TUNIX-TRY/01-CCE/data/mesh_pathology_dense_a100_torch/runs/exp0153_gpu-a100-80gb-4_torch_eager_collective_loop_b16_L512_fsdp2_tp2_tc128_vc262144_fsdp2_tp2_tc128_vc262144_r0/xla,False
A100-80GB,gpu,exp0154_gpu-a100-80gb-4_torch_eager_collective_loop_b16_L512_fsdp2_tp2_tc256_vc4096_fsdp2_tp2_tc256_vc4096_r0,,-1,256/4096,2048,4,A100:4:80GB,eager,154,2,16,primary_gpu_baseline,gpu-a100-80gb-4,320,Chansungs-MacBook-Pro-2.local,10,"fsdp=2,tp=2",collective_loop,dense-synthetic,,0,/Users/deep-diver/Developers/TUNIX-TRY/01-CCE/data/mesh_pathology_dense_a100_torch/runs/exp0154_gpu-a100-80gb-4_torch_eager_collective_loop_b16_L512_fsdp2_tp2_tc256_vc4096_fsdp2_tp2_tc256_vc4096_r0,20260616T031040Z,gpu-a100-80gb-4/torch_eager_collective_loop,0,512,b16/L512,b16_L512_fsdp2_tp2_tc256_vc4096,2026-06-16T03:10:40+00:00,256,32,2,4096,64,262144,3,PyTorch eager repeated NCCL all-reduce over chunk-sized tensors.,torch_eager_collective_loop,torch_microbench,/Users/deep-diver/Developers/TUNIX-TRY/01-CCE/data/mesh_pathology_dense_a100_torch/runs/exp0154_gpu-a100-80gb-4_torch_eager_collective_loop_b16_L512_fsdp2_tp2_tc256_vc4096_fsdp2_tp2_tc256_vc4096_r0/xla,False
A100-80GB,gpu,exp0155_gpu-a100-80gb-4_torch_eager_collective_loop_b16_L512_fsdp2_tp2_tc256_vc8192_fsdp2_tp2_tc256_vc8192_r0,,-1,256/8192,1024,4,A100:4:80GB,eager,155,2,16,primary_gpu_baseline,gpu-a100-80gb-4,320,Chansungs-MacBook-Pro-2.local,10,"fsdp=2,tp=2",collective_loop,dense-synthetic,,0,/Users/deep-diver/Developers/TUNIX-TRY/01-CCE/data/mesh_pathology_dense_a100_torch/runs/exp0155_gpu-a100-80gb-4_torch_eager_collective_loop_b16_L512_fsdp2_tp2_tc256_vc8192_fsdp2_tp2_tc256_vc8192_r0,20260616T031040Z,gpu-a100-80gb-4/torch_eager_collective_loop,0,512,b16/L512,b16_L512_fsdp2_tp2_tc256_vc8192,2026-06-16T03:10:40+00:00,256,32,2,8192,32,262144,3,PyTorch eager repeated NCCL all-reduce over chunk-sized tensors.,torch_eager_collective_loop,torch_microbench,/Users/deep-diver/Developers/TUNIX-TRY/01-CCE/data/mesh_pathology_dense_a100_torch/runs/exp0155_gpu-a100-80gb-4_torch_eager_collective_loop_b16_L512_fsdp2_tp2_tc256_vc8192_fsdp2_tp2_tc256_vc8192_r0/xla,False
A100-80GB,gpu,exp0156_gpu-a100-80gb-4_torch_eager_collective_loop_b16_L512_fsdp2_tp2_tc256_vc16384_fsdp2_tp2_tc256_vc16384_r0,,-1,256/16384,512,4,A100:4:80GB,eager,156,2,16,primary_gpu_baseline,gpu-a100-80gb-4,320,Chansungs-MacBook-Pro-2.local,10,"fsdp=2,tp=2",collective_loop,dense-synthetic,,0,/Users/deep-diver/Developers/TUNIX-TRY/01-CCE/data/mesh_pathology_dense_a100_torch/runs/exp0156_gpu-a100-80gb-4_torch_eager_collective_loop_b16_L512_fsdp2_tp2_tc256_vc16384_fsdp2_tp2_tc256_vc16384_r0,20260616T031040Z,gpu-a100-80gb-4/torch_eager_collective_loop,0,512,b16/L512,b16_L512_fsdp2_tp2_tc256_vc16384,2026-06-16T03:10:40+00:00,256,32,2,16384,16,262144,3,PyTorch eager repeated NCCL all-reduce over chunk-sized tensors.,torch_eager_collective_loop,torch_microbench,/Users/deep-diver/Developers/TUNIX-TRY/01-CCE/data/mesh_pathology_dense_a100_torch/runs/exp0156_gpu-a100-80gb-4_torch_eager_collective_loop_b16_L512_fsdp2_tp2_tc256_vc16384_fsdp2_tp2_tc256_vc16384_r0/xla,False
A100-80GB,gpu,exp0157_gpu-a100-80gb-4_torch_eager_collective_loop_b16_L512_fsdp2_tp2_tc256_vc32768_fsdp2_tp2_tc256_vc32768_r0,,-1,256/32768,256,4,A100:4:80GB,eager,157,2,16,primary_gpu_baseline,gpu-a100-80gb-4,320,Chansungs-MacBook-Pro-2.local,10,"fsdp=2,tp=2",collective_loop,dense-synthetic,,0,/Users/deep-diver/Developers/TUNIX-TRY/01-CCE/data/mesh_pathology_dense_a100_torch/runs/exp0157_gpu-a100-80gb-4_torch_eager_collective_loop_b16_L512_fsdp2_tp2_tc256_vc32768_fsdp2_tp2_tc256_vc32768_r0,20260616T031040Z,gpu-a100-80gb-4/torch_eager_collective_loop,0,512,b16/L512,b16_L512_fsdp2_tp2_tc256_vc32768,2026-06-16T03:10:40+00:00,256,32,2,32768,8,262144,3,PyTorch eager repeated NCCL all-reduce over chunk-sized tensors.,torch_eager_collective_loop,torch_microbench,/Users/deep-diver/Developers/TUNIX-TRY/01-CCE/data/mesh_pathology_dense_a100_torch/runs/exp0157_gpu-a100-80gb-4_torch_eager_collective_loop_b16_L512_fsdp2_tp2_tc256_vc32768_fsdp2_tp2_tc256_vc32768_r0/xla,False
A100-80GB,gpu,exp0158_gpu-a100-80gb-4_torch_eager_collective_loop_b16_L512_fsdp2_tp2_tc256_vc65536_fsdp2_tp2_tc256_vc65536_r0,,-1,256/65536,128,4,A100:4:80GB,eager,158,2,16,primary_gpu_baseline,gpu-a100-80gb-4,320,Chansungs-MacBook-Pro-2.local,10,"fsdp=2,tp=2",collective_loop,dense-synthetic,,0,/Users/deep-diver/Developers/TUNIX-TRY/01-CCE/data/mesh_pathology_dense_a100_torch/runs/exp0158_gpu-a100-80gb-4_torch_eager_collective_loop_b16_L512_fsdp2_tp2_tc256_vc65536_fsdp2_tp2_tc256_vc65536_r0,20260616T031040Z,gpu-a100-80gb-4/torch_eager_collective_loop,0,512,b16/L512,b16_L512_fsdp2_tp2_tc256_vc65536,2026-06-16T03:10:40+00:00,256,32,2,65536,4,262144,3,PyTorch eager repeated NCCL all-reduce over chunk-sized tensors.,torch_eager_collective_loop,torch_microbench,/Users/deep-diver/Developers/TUNIX-TRY/01-CCE/data/mesh_pathology_dense_a100_torch/runs/exp0158_gpu-a100-80gb-4_torch_eager_collective_loop_b16_L512_fsdp2_tp2_tc256_vc65536_fsdp2_tp2_tc256_vc65536_r0/xla,False
A100-80GB,gpu,exp0159_gpu-a100-80gb-4_torch_eager_collective_loop_b16_L512_fsdp2_tp2_tc256_vc131072_fsdp2_tp2_tc256_vc131072_r0,,-1,256/131072,64,4,A100:4:80GB,eager,159,2,16,primary_gpu_baseline,gpu-a100-80gb-4,320,Chansungs-MacBook-Pro-2.local,10,"fsdp=2,tp=2",collective_loop,dense-synthetic,,0,/Users/deep-diver/Developers/TUNIX-TRY/01-CCE/data/mesh_pathology_dense_a100_torch/runs/exp0159_gpu-a100-80gb-4_torch_eager_collective_loop_b16_L512_fsdp2_tp2_tc256_vc131072_fsdp2_tp2_tc256_vc131072_r0,20260616T031040Z,gpu-a100-80gb-4/torch_eager_collective_loop,0,512,b16/L512,b16_L512_fsdp2_tp2_tc256_vc131072,2026-06-16T03:10:40+00:00,256,32,2,131072,2,262144,3,PyTorch eager repeated NCCL all-reduce over chunk-sized tensors.,torch_eager_collective_loop,torch_microbench,/Users/deep-diver/Developers/TUNIX-TRY/01-CCE/data/mesh_pathology_dense_a100_torch/runs/exp0159_gpu-a100-80gb-4_torch_eager_collective_loop_b16_L512_fsdp2_tp2_tc256_vc131072_fsdp2_tp2_tc256_vc131072_r0/xla,False
A100-80GB,gpu,exp0161_gpu-a100-80gb-4_torch_eager_collective_loop_b16_L512_fsdp2_tp2_tc512_vc4096_fsdp2_tp2_tc512_vc4096_r0,,-1,512/4096,1024,4,A100:4:80GB,eager,161,2,16,primary_gpu_baseline,gpu-a100-80gb-4,320,Chansungs-MacBook-Pro-2.local,10,"fsdp=2,tp=2",collective_loop,dense-synthetic,,0,/Users/deep-diver/Developers/TUNIX-TRY/01-CCE/data/mesh_pathology_dense_a100_torch/runs/exp0161_gpu-a100-80gb-4_torch_eager_collective_loop_b16_L512_fsdp2_tp2_tc512_vc4096_fsdp2_tp2_tc512_vc4096_r0,20260616T031040Z,gpu-a100-80gb-4/torch_eager_collective_loop,0,512,b16/L512,b16_L512_fsdp2_tp2_tc512_vc4096,2026-06-16T03:10:40+00:00,512,16,2,4096,64,262144,3,PyTorch eager repeated NCCL all-reduce over chunk-sized tensors.,torch_eager_collective_loop,torch_microbench,/Users/deep-diver/Developers/TUNIX-TRY/01-CCE/data/mesh_pathology_dense_a100_torch/runs/exp0161_gpu-a100-80gb-4_torch_eager_collective_loop_b16_L512_fsdp2_tp2_tc512_vc4096_fsdp2_tp2_tc512_vc4096_r0/xla,False
A100-80GB,gpu,exp0162_gpu-a100-80gb-4_torch_eager_collective_loop_b16_L512_fsdp2_tp2_tc512_vc8192_fsdp2_tp2_tc512_vc8192_r0,,-1,512/8192,512,4,A100:4:80GB,eager,162,2,16,primary_gpu_baseline,gpu-a100-80gb-4,320,Chansungs-MacBook-Pro-2.local,10,"fsdp=2,tp=2",collective_loop,dense-synthetic,,0,/Users/deep-diver/Developers/TUNIX-TRY/01-CCE/data/mesh_pathology_dense_a100_torch/runs/exp0162_gpu-a100-80gb-4_torch_eager_collective_loop_b16_L512_fsdp2_tp2_tc512_vc8192_fsdp2_tp2_tc512_vc8192_r0,20260616T031040Z,gpu-a100-80gb-4/torch_eager_collective_loop,0,512,b16/L512,b16_L512_fsdp2_tp2_tc512_vc8192,2026-06-16T03:10:40+00:00,512,16,2,8192,32,262144,3,PyTorch eager repeated NCCL all-reduce over chunk-sized tensors.,torch_eager_collective_loop,torch_microbench,/Users/deep-diver/Developers/TUNIX-TRY/01-CCE/data/mesh_pathology_dense_a100_torch/runs/exp0162_gpu-a100-80gb-4_torch_eager_collective_loop_b16_L512_fsdp2_tp2_tc512_vc8192_fsdp2_tp2_tc512_vc8192_r0/xla,False
A100-80GB,gpu,exp0163_gpu-a100-80gb-4_torch_eager_collective_loop_b16_L512_fsdp2_tp2_tc512_vc16384_fsdp2_tp2_tc512_vc16384_r0,,-1,512/16384,256,4,A100:4:80GB,eager,163,2,16,primary_gpu_baseline,gpu-a100-80gb-4,320,Chansungs-MacBook-Pro-2.local,10,"fsdp=2,tp=2",collective_loop,dense-synthetic,,0,/Users/deep-diver/Developers/TUNIX-TRY/01-CCE/data/mesh_pathology_dense_a100_torch/runs/exp0163_gpu-a100-80gb-4_torch_eager_collective_loop_b16_L512_fsdp2_tp2_tc512_vc16384_fsdp2_tp2_tc512_vc16384_r0,20260616T031040Z,gpu-a100-80gb-4/torch_eager_collective_loop,0,512,b16/L512,b16_L512_fsdp2_tp2_tc512_vc16384,2026-06-16T03:10:40+00:00,512,16,2,16384,16,262144,3,PyTorch eager repeated NCCL all-reduce over chunk-sized tensors.,torch_eager_collective_loop,torch_microbench,/Users/deep-diver/Developers/TUNIX-TRY/01-CCE/data/mesh_pathology_dense_a100_torch/runs/exp0163_gpu-a100-80gb-4_torch_eager_collective_loop_b16_L512_fsdp2_tp2_tc512_vc16384_fsdp2_tp2_tc512_vc16384_r0/xla,False
A100-80GB,gpu,exp0164_gpu-a100-80gb-4_torch_eager_collective_loop_b16_L512_fsdp2_tp2_tc512_vc32768_fsdp2_tp2_tc512_vc32768_r0,,-1,512/32768,128,4,A100:4:80GB,eager,164,2,16,primary_gpu_baseline,gpu-a100-80gb-4,320,Chansungs-MacBook-Pro-2.local,10,"fsdp=2,tp=2",collective_loop,dense-synthetic,,0,/Users/deep-diver/Developers/TUNIX-TRY/01-CCE/data/mesh_pathology_dense_a100_torch/runs/exp0164_gpu-a100-80gb-4_torch_eager_collective_loop_b16_L512_fsdp2_tp2_tc512_vc32768_fsdp2_tp2_tc512_vc32768_r0,20260616T031040Z,gpu-a100-80gb-4/torch_eager_collective_loop,0,512,b16/L512,b16_L512_fsdp2_tp2_tc512_vc32768,2026-06-16T03:10:40+00:00,512,16,2,32768,8,262144,3,PyTorch eager repeated NCCL all-reduce over chunk-sized tensors.,torch_eager_collective_loop,torch_microbench,/Users/deep-diver/Developers/TUNIX-TRY/01-CCE/data/mesh_pathology_dense_a100_torch/runs/exp0164_gpu-a100-80gb-4_torch_eager_collective_loop_b16_L512_fsdp2_tp2_tc512_vc32768_fsdp2_tp2_tc512_vc32768_r0/xla,False
A100-80GB,gpu,exp0165_gpu-a100-80gb-4_torch_eager_collective_loop_b16_L512_fsdp2_tp2_tc512_vc65536_fsdp2_tp2_tc512_vc65536_r0,,-1,512/65536,64,4,A100:4:80GB,eager,165,2,16,primary_gpu_baseline,gpu-a100-80gb-4,320,Chansungs-MacBook-Pro-2.local,10,"fsdp=2,tp=2",collective_loop,dense-synthetic,,0,/Users/deep-diver/Developers/TUNIX-TRY/01-CCE/data/mesh_pathology_dense_a100_torch/runs/exp0165_gpu-a100-80gb-4_torch_eager_collective_loop_b16_L512_fsdp2_tp2_tc512_vc65536_fsdp2_tp2_tc512_vc65536_r0,20260616T031040Z,gpu-a100-80gb-4/torch_eager_collective_loop,0,512,b16/L512,b16_L512_fsdp2_tp2_tc512_vc65536,2026-06-16T03:10:40+00:00,512,16,2,65536,4,262144,3,PyTorch eager repeated NCCL all-reduce over chunk-sized tensors.,torch_eager_collective_loop,torch_microbench,/Users/deep-diver/Developers/TUNIX-TRY/01-CCE/data/mesh_pathology_dense_a100_torch/runs/exp0165_gpu-a100-80gb-4_torch_eager_collective_loop_b16_L512_fsdp2_tp2_tc512_vc65536_fsdp2_tp2_tc512_vc65536_r0/xla,False
A100-80GB,gpu,exp0166_gpu-a100-80gb-4_torch_eager_collective_loop_b16_L512_fsdp2_tp2_tc512_vc131072_fsdp2_tp2_tc512_vc131072_r0,,-1,512/131072,32,4,A100:4:80GB,eager,166,2,16,primary_gpu_baseline,gpu-a100-80gb-4,320,Chansungs-MacBook-Pro-2.local,10,"fsdp=2,tp=2",collective_loop,dense-synthetic,,0,/Users/deep-diver/Developers/TUNIX-TRY/01-CCE/data/mesh_pathology_dense_a100_torch/runs/exp0166_gpu-a100-80gb-4_torch_eager_collective_loop_b16_L512_fsdp2_tp2_tc512_vc131072_fsdp2_tp2_tc512_vc131072_r0,20260616T031040Z,gpu-a100-80gb-4/torch_eager_collective_loop,0,512,b16/L512,b16_L512_fsdp2_tp2_tc512_vc131072,2026-06-16T03:10:40+00:00,512,16,2,131072,2,262144,3,PyTorch eager repeated NCCL all-reduce over chunk-sized tensors.,torch_eager_collective_loop,torch_microbench,/Users/deep-diver/Developers/TUNIX-TRY/01-CCE/data/mesh_pathology_dense_a100_torch/runs/exp0166_gpu-a100-80gb-4_torch_eager_collective_loop_b16_L512_fsdp2_tp2_tc512_vc131072_fsdp2_tp2_tc512_vc131072_r0/xla,False
A100-80GB,gpu,exp0167_gpu-a100-80gb-4_torch_eager_collective_loop_b16_L512_fsdp2_tp2_tc512_vc262144_fsdp2_tp2_tc512_vc262144_r0,,-1,512/262144,16,4,A100:4:80GB,eager,167,2,16,primary_gpu_baseline,gpu-a100-80gb-4,320,Chansungs-MacBook-Pro-2.local,10,"fsdp=2,tp=2",collective_loop,dense-synthetic,,0,/Users/deep-diver/Developers/TUNIX-TRY/01-CCE/data/mesh_pathology_dense_a100_torch/runs/exp0167_gpu-a100-80gb-4_torch_eager_collective_loop_b16_L512_fsdp2_tp2_tc512_vc262144_fsdp2_tp2_tc512_vc262144_r0,20260616T031040Z,gpu-a100-80gb-4/torch_eager_collective_loop,0,512,b16/L512,b16_L512_fsdp2_tp2_tc512_vc262144,2026-06-16T03:10:40+00:00,512,16,2,262144,1,262144,3,PyTorch eager repeated NCCL all-reduce over chunk-sized tensors.,torch_eager_collective_loop,torch_microbench,/Users/deep-diver/Developers/TUNIX-TRY/01-CCE/data/mesh_pathology_dense_a100_torch/runs/exp0167_gpu-a100-80gb-4_torch_eager_collective_loop_b16_L512_fsdp2_tp2_tc512_vc262144_fsdp2_tp2_tc512_vc262144_r0/xla,False
A100-80GB,gpu,exp0169_gpu-a100-80gb-4_torch_eager_collective_loop_b16_L512_fsdp2_tp2_tc1024_vc8192_fsdp2_tp2_tc1024_vc8192_r0,,-1,1024/8192,256,4,A100:4:80GB,eager,169,2,16,primary_gpu_baseline,gpu-a100-80gb-4,320,Chansungs-MacBook-Pro-2.local,10,"fsdp=2,tp=2",collective_loop,dense-synthetic,,0,/Users/deep-diver/Developers/TUNIX-TRY/01-CCE/data/mesh_pathology_dense_a100_torch/runs/exp0169_gpu-a100-80gb-4_torch_eager_collective_loop_b16_L512_fsdp2_tp2_tc1024_vc8192_fsdp2_tp2_tc1024_vc8192_r0,20260616T031040Z,gpu-a100-80gb-4/torch_eager_collective_loop,0,512,b16/L512,b16_L512_fsdp2_tp2_tc1024_vc8192,2026-06-16T03:10:40+00:00,1024,8,2,8192,32,262144,3,PyTorch eager repeated NCCL all-reduce over chunk-sized tensors.,torch_eager_collective_loop,torch_microbench,/Users/deep-diver/Developers/TUNIX-TRY/01-CCE/data/mesh_pathology_dense_a100_torch/runs/exp0169_gpu-a100-80gb-4_torch_eager_collective_loop_b16_L512_fsdp2_tp2_tc1024_vc8192_fsdp2_tp2_tc1024_vc8192_r0/xla,False
A100-80GB,gpu,exp0170_gpu-a100-80gb-4_torch_eager_collective_loop_b16_L512_fsdp2_tp2_tc1024_vc16384_fsdp2_tp2_tc1024_vc16384_r0,,-1,1024/16384,128,4,A100:4:80GB,eager,170,2,16,primary_gpu_baseline,gpu-a100-80gb-4,320,Chansungs-MacBook-Pro-2.local,10,"fsdp=2,tp=2",collective_loop,dense-synthetic,,0,/Users/deep-diver/Developers/TUNIX-TRY/01-CCE/data/mesh_pathology_dense_a100_torch/runs/exp0170_gpu-a100-80gb-4_torch_eager_collective_loop_b16_L512_fsdp2_tp2_tc1024_vc16384_fsdp2_tp2_tc1024_vc16384_r0,20260616T031040Z,gpu-a100-80gb-4/torch_eager_collective_loop,0,512,b16/L512,b16_L512_fsdp2_tp2_tc1024_vc16384,2026-06-16T03:10:40+00:00,1024,8,2,16384,16,262144,3,PyTorch eager repeated NCCL all-reduce over chunk-sized tensors.,torch_eager_collective_loop,torch_microbench,/Users/deep-diver/Developers/TUNIX-TRY/01-CCE/data/mesh_pathology_dense_a100_torch/runs/exp0170_gpu-a100-80gb-4_torch_eager_collective_loop_b16_L512_fsdp2_tp2_tc1024_vc16384_fsdp2_tp2_tc1024_vc16384_r0/xla,False
A100-80GB,gpu,exp0171_gpu-a100-80gb-4_torch_eager_collective_loop_b16_L512_fsdp2_tp2_tc1024_vc32768_fsdp2_tp2_tc1024_vc32768_r0,,-1,1024/32768,64,4,A100:4:80GB,eager,171,2,16,primary_gpu_baseline,gpu-a100-80gb-4,320,Chansungs-MacBook-Pro-2.local,10,"fsdp=2,tp=2",collective_loop,dense-synthetic,,0,/Users/deep-diver/Developers/TUNIX-TRY/01-CCE/data/mesh_pathology_dense_a100_torch/runs/exp0171_gpu-a100-80gb-4_torch_eager_collective_loop_b16_L512_fsdp2_tp2_tc1024_vc32768_fsdp2_tp2_tc1024_vc32768_r0,20260616T031040Z,gpu-a100-80gb-4/torch_eager_collective_loop,0,512,b16/L512,b16_L512_fsdp2_tp2_tc1024_vc32768,2026-06-16T03:10:40+00:00,1024,8,2,32768,8,262144,3,PyTorch eager repeated NCCL all-reduce over chunk-sized tensors.,torch_eager_collective_loop,torch_microbench,/Users/deep-diver/Developers/TUNIX-TRY/01-CCE/data/mesh_pathology_dense_a100_torch/runs/exp0171_gpu-a100-80gb-4_torch_eager_collective_loop_b16_L512_fsdp2_tp2_tc1024_vc32768_fsdp2_tp2_tc1024_vc32768_r0/xla,False
A100-80GB,gpu,exp0172_gpu-a100-80gb-4_torch_eager_collective_loop_b16_L512_fsdp2_tp2_tc1024_vc65536_fsdp2_tp2_tc1024_vc65536_r0,,-1,1024/65536,32,4,A100:4:80GB,eager,172,2,16,primary_gpu_baseline,gpu-a100-80gb-4,320,Chansungs-MacBook-Pro-2.local,10,"fsdp=2,tp=2",collective_loop,dense-synthetic,,0,/Users/deep-diver/Developers/TUNIX-TRY/01-CCE/data/mesh_pathology_dense_a100_torch/runs/exp0172_gpu-a100-80gb-4_torch_eager_collective_loop_b16_L512_fsdp2_tp2_tc1024_vc65536_fsdp2_tp2_tc1024_vc65536_r0,20260616T031040Z,gpu-a100-80gb-4/torch_eager_collective_loop,0,512,b16/L512,b16_L512_fsdp2_tp2_tc1024_vc65536,2026-06-16T03:10:40+00:00,1024,8,2,65536,4,262144,3,PyTorch eager repeated NCCL all-reduce over chunk-sized tensors.,torch_eager_collective_loop,torch_microbench,/Users/deep-diver/Developers/TUNIX-TRY/01-CCE/data/mesh_pathology_dense_a100_torch/runs/exp0172_gpu-a100-80gb-4_torch_eager_collective_loop_b16_L512_fsdp2_tp2_tc1024_vc65536_fsdp2_tp2_tc1024_vc65536_r0/xla,False
A100-80GB,gpu,exp0173_gpu-a100-80gb-4_torch_eager_collective_loop_b16_L512_fsdp2_tp2_tc1024_vc131072_fsdp2_tp2_tc1024_vc131072_r0,,-1,1024/131072,16,4,A100:4:80GB,eager,173,2,16,primary_gpu_baseline,gpu-a100-80gb-4,320,Chansungs-MacBook-Pro-2.local,10,"fsdp=2,tp=2",collective_loop,dense-synthetic,,0,/Users/deep-diver/Developers/TUNIX-TRY/01-CCE/data/mesh_pathology_dense_a100_torch/runs/exp0173_gpu-a100-80gb-4_torch_eager_collective_loop_b16_L512_fsdp2_tp2_tc1024_vc131072_fsdp2_tp2_tc1024_vc131072_r0,20260616T031040Z,gpu-a100-80gb-4/torch_eager_collective_loop,0,512,b16/L512,b16_L512_fsdp2_tp2_tc1024_vc131072,2026-06-16T03:10:40+00:00,1024,8,2,131072,2,262144,3,PyTorch eager repeated NCCL all-reduce over chunk-sized tensors.,torch_eager_collective_loop,torch_microbench,/Users/deep-diver/Developers/TUNIX-TRY/01-CCE/data/mesh_pathology_dense_a100_torch/runs/exp0173_gpu-a100-80gb-4_torch_eager_collective_loop_b16_L512_fsdp2_tp2_tc1024_vc131072_fsdp2_tp2_tc1024_vc131072_r0/xla,False
A100-80GB,gpu,exp0174_gpu-a100-80gb-4_torch_eager_collective_loop_b16_L512_fsdp2_tp2_tc1024_vc262144_fsdp2_tp2_tc1024_vc262144_r0,,-1,1024/262144,8,4,A100:4:80GB,eager,174,2,16,primary_gpu_baseline,gpu-a100-80gb-4,320,Chansungs-MacBook-Pro-2.local,10,"fsdp=2,tp=2",collective_loop,dense-synthetic,,0,/Users/deep-diver/Developers/TUNIX-TRY/01-CCE/data/mesh_pathology_dense_a100_torch/runs/exp0174_gpu-a100-80gb-4_torch_eager_collective_loop_b16_L512_fsdp2_tp2_tc1024_vc262144_fsdp2_tp2_tc1024_vc262144_r0,20260616T031040Z,gpu-a100-80gb-4/torch_eager_collective_loop,0,512,b16/L512,b16_L512_fsdp2_tp2_tc1024_vc262144,2026-06-16T03:10:40+00:00,1024,8,2,262144,1,262144,3,PyTorch eager repeated NCCL all-reduce over chunk-sized tensors.,torch_eager_collective_loop,torch_microbench,/Users/deep-diver/Developers/TUNIX-TRY/01-CCE/data/mesh_pathology_dense_a100_torch/runs/exp0174_gpu-a100-80gb-4_torch_eager_collective_loop_b16_L512_fsdp2_tp2_tc1024_vc262144_fsdp2_tp2_tc1024_vc262144_r0/xla,False
A100-80GB,gpu,exp0175_gpu-a100-80gb-4_torch_eager_collective_loop_b16_L512_fsdp1_tp4_tc64_vc4096_fsdp1_tp4_tc64_vc4096_r0,,-1,64/4096,8192,4,A100:4:80GB,eager,175,1,16,primary_gpu_baseline,gpu-a100-80gb-4,320,Chansungs-MacBook-Pro-2.local,10,"fsdp=1,tp=4",collective_loop,dense-synthetic,,0,/Users/deep-diver/Developers/TUNIX-TRY/01-CCE/data/mesh_pathology_dense_a100_torch/runs/exp0175_gpu-a100-80gb-4_torch_eager_collective_loop_b16_L512_fsdp1_tp4_tc64_vc4096_fsdp1_tp4_tc64_vc4096_r0,20260616T031040Z,gpu-a100-80gb-4/torch_eager_collective_loop,0,512,b16/L512,b16_L512_fsdp1_tp4_tc64_vc4096,2026-06-16T03:10:40+00:00,64,128,4,4096,64,262144,3,PyTorch eager repeated NCCL all-reduce over chunk-sized tensors.,torch_eager_collective_loop,torch_microbench,/Users/deep-diver/Developers/TUNIX-TRY/01-CCE/data/mesh_pathology_dense_a100_torch/runs/exp0175_gpu-a100-80gb-4_torch_eager_collective_loop_b16_L512_fsdp1_tp4_tc64_vc4096_fsdp1_tp4_tc64_vc4096_r0/xla,False
A100-80GB,gpu,exp0177_gpu-a100-80gb-4_torch_eager_collective_loop_b16_L512_fsdp1_tp4_tc64_vc16384_fsdp1_tp4_tc64_vc16384_r0,,-1,64/16384,2048,4,A100:4:80GB,eager,177,1,16,primary_gpu_baseline,gpu-a100-80gb-4,320,Chansungs-MacBook-Pro-2.local,10,"fsdp=1,tp=4",collective_loop,dense-synthetic,,0,/Users/deep-diver/Developers/TUNIX-TRY/01-CCE/data/mesh_pathology_dense_a100_torch/runs/exp0177_gpu-a100-80gb-4_torch_eager_collective_loop_b16_L512_fsdp1_tp4_tc64_vc16384_fsdp1_tp4_tc64_vc16384_r0,20260616T031040Z,gpu-a100-80gb-4/torch_eager_collective_loop,0,512,b16/L512,b16_L512_fsdp1_tp4_tc64_vc16384,2026-06-16T03:10:40+00:00,64,128,4,16384,16,262144,3,PyTorch eager repeated NCCL all-reduce over chunk-sized tensors.,torch_eager_collective_loop,torch_microbench,/Users/deep-diver/Developers/TUNIX-TRY/01-CCE/data/mesh_pathology_dense_a100_torch/runs/exp0177_gpu-a100-80gb-4_torch_eager_collective_loop_b16_L512_fsdp1_tp4_tc64_vc16384_fsdp1_tp4_tc64_vc16384_r0/xla,False
A100-80GB,gpu,exp0178_gpu-a100-80gb-4_torch_eager_collective_loop_b16_L512_fsdp1_tp4_tc64_vc32768_fsdp1_tp4_tc64_vc32768_r0,,-1,64/32768,1024,4,A100:4:80GB,eager,178,1,16,primary_gpu_baseline,gpu-a100-80gb-4,320,Chansungs-MacBook-Pro-2.local,10,"fsdp=1,tp=4",collective_loop,dense-synthetic,,0,/Users/deep-diver/Developers/TUNIX-TRY/01-CCE/data/mesh_pathology_dense_a100_torch/runs/exp0178_gpu-a100-80gb-4_torch_eager_collective_loop_b16_L512_fsdp1_tp4_tc64_vc32768_fsdp1_tp4_tc64_vc32768_r0,20260616T031040Z,gpu-a100-80gb-4/torch_eager_collective_loop,0,512,b16/L512,b16_L512_fsdp1_tp4_tc64_vc32768,2026-06-16T03:10:40+00:00,64,128,4,32768,8,262144,3,PyTorch eager repeated NCCL all-reduce over chunk-sized tensors.,torch_eager_collective_loop,torch_microbench,/Users/deep-diver/Developers/TUNIX-TRY/01-CCE/data/mesh_pathology_dense_a100_torch/runs/exp0178_gpu-a100-80gb-4_torch_eager_collective_loop_b16_L512_fsdp1_tp4_tc64_vc32768_fsdp1_tp4_tc64_vc32768_r0/xla,False
A100-80GB,gpu,exp0179_gpu-a100-80gb-4_torch_eager_collective_loop_b16_L512_fsdp1_tp4_tc64_vc65536_fsdp1_tp4_tc64_vc65536_r0,,-1,64/65536,512,4,A100:4:80GB,eager,179,1,16,primary_gpu_baseline,gpu-a100-80gb-4,320,Chansungs-MacBook-Pro-2.local,10,"fsdp=1,tp=4",collective_loop,dense-synthetic,,0,/Users/deep-diver/Developers/TUNIX-TRY/01-CCE/data/mesh_pathology_dense_a100_torch/runs/exp0179_gpu-a100-80gb-4_torch_eager_collective_loop_b16_L512_fsdp1_tp4_tc64_vc65536_fsdp1_tp4_tc64_vc65536_r0,20260616T031040Z,gpu-a100-80gb-4/torch_eager_collective_loop,0,512,b16/L512,b16_L512_fsdp1_tp4_tc64_vc65536,2026-06-16T03:10:40+00:00,64,128,4,65536,4,262144,3,PyTorch eager repeated NCCL all-reduce over chunk-sized tensors.,torch_eager_collective_loop,torch_microbench,/Users/deep-diver/Developers/TUNIX-TRY/01-CCE/data/mesh_pathology_dense_a100_torch/runs/exp0179_gpu-a100-80gb-4_torch_eager_collective_loop_b16_L512_fsdp1_tp4_tc64_vc65536_fsdp1_tp4_tc64_vc65536_r0/xla,False
A100-80GB,gpu,exp0180_gpu-a100-80gb-4_torch_eager_collective_loop_b16_L512_fsdp1_tp4_tc64_vc131072_fsdp1_tp4_tc64_vc131072_r0,,-1,64/131072,256,4,A100:4:80GB,eager,180,1,16,primary_gpu_baseline,gpu-a100-80gb-4,320,Chansungs-MacBook-Pro-2.local,10,"fsdp=1,tp=4",collective_loop,dense-synthetic,,0,/Users/deep-diver/Developers/TUNIX-TRY/01-CCE/data/mesh_pathology_dense_a100_torch/runs/exp0180_gpu-a100-80gb-4_torch_eager_collective_loop_b16_L512_fsdp1_tp4_tc64_vc131072_fsdp1_tp4_tc64_vc131072_r0,20260616T031040Z,gpu-a100-80gb-4/torch_eager_collective_loop,0,512,b16/L512,b16_L512_fsdp1_tp4_tc64_vc131072,2026-06-16T03:10:40+00:00,64,128,4,131072,2,262144,3,PyTorch eager repeated NCCL all-reduce over chunk-sized tensors.,torch_eager_collective_loop,torch_microbench,/Users/deep-diver/Developers/TUNIX-TRY/01-CCE/data/mesh_pathology_dense_a100_torch/runs/exp0180_gpu-a100-80gb-4_torch_eager_collective_loop_b16_L512_fsdp1_tp4_tc64_vc131072_fsdp1_tp4_tc64_vc131072_r0/xla,False
A100-80GB,gpu,exp0181_gpu-a100-80gb-4_torch_eager_collective_loop_b16_L512_fsdp1_tp4_tc64_vc262144_fsdp1_tp4_tc64_vc262144_r0,,-1,64/262144,128,4,A100:4:80GB,eager,181,1,16,primary_gpu_baseline,gpu-a100-80gb-4,320,Chansungs-MacBook-Pro-2.local,10,"fsdp=1,tp=4",collective_loop,dense-synthetic,,0,/Users/deep-diver/Developers/TUNIX-TRY/01-CCE/data/mesh_pathology_dense_a100_torch/runs/exp0181_gpu-a100-80gb-4_torch_eager_collective_loop_b16_L512_fsdp1_tp4_tc64_vc262144_fsdp1_tp4_tc64_vc262144_r0,20260616T031040Z,gpu-a100-80gb-4/torch_eager_collective_loop,0,512,b16/L512,b16_L512_fsdp1_tp4_tc64_vc262144,2026-06-16T03:10:40+00:00,64,128,4,262144,1,262144,3,PyTorch eager repeated NCCL all-reduce over chunk-sized tensors.,torch_eager_collective_loop,torch_microbench,/Users/deep-diver/Developers/TUNIX-TRY/01-CCE/data/mesh_pathology_dense_a100_torch/runs/exp0181_gpu-a100-80gb-4_torch_eager_collective_loop_b16_L512_fsdp1_tp4_tc64_vc262144_fsdp1_tp4_tc64_vc262144_r0/xla,False
A100-80GB,gpu,exp0182_gpu-a100-80gb-4_torch_eager_collective_loop_b16_L512_fsdp1_tp4_tc128_vc4096_fsdp1_tp4_tc128_vc4096_r0,,-1,128/4096,4096,4,A100:4:80GB,eager,182,1,16,primary_gpu_baseline,gpu-a100-80gb-4,320,Chansungs-MacBook-Pro-2.local,10,"fsdp=1,tp=4",collective_loop,dense-synthetic,,0,/Users/deep-diver/Developers/TUNIX-TRY/01-CCE/data/mesh_pathology_dense_a100_torch/runs/exp0182_gpu-a100-80gb-4_torch_eager_collective_loop_b16_L512_fsdp1_tp4_tc128_vc4096_fsdp1_tp4_tc128_vc4096_r0,20260616T031040Z,gpu-a100-80gb-4/torch_eager_collective_loop,0,512,b16/L512,b16_L512_fsdp1_tp4_tc128_vc4096,2026-06-16T03:10:40+00:00,128,64,4,4096,64,262144,3,PyTorch eager repeated NCCL all-reduce over chunk-sized tensors.,torch_eager_collective_loop,torch_microbench,/Users/deep-diver/Developers/TUNIX-TRY/01-CCE/data/mesh_pathology_dense_a100_torch/runs/exp0182_gpu-a100-80gb-4_torch_eager_collective_loop_b16_L512_fsdp1_tp4_tc128_vc4096_fsdp1_tp4_tc128_vc4096_r0/xla,False
A100-80GB,gpu,exp0183_gpu-a100-80gb-4_torch_eager_collective_loop_b16_L512_fsdp1_tp4_tc128_vc8192_fsdp1_tp4_tc128_vc8192_r0,,-1,128/8192,2048,4,A100:4:80GB,eager,183,1,16,primary_gpu_baseline,gpu-a100-80gb-4,320,Chansungs-MacBook-Pro-2.local,10,"fsdp=1,tp=4",collective_loop,dense-synthetic,,0,/Users/deep-diver/Developers/TUNIX-TRY/01-CCE/data/mesh_pathology_dense_a100_torch/runs/exp0183_gpu-a100-80gb-4_torch_eager_collective_loop_b16_L512_fsdp1_tp4_tc128_vc8192_fsdp1_tp4_tc128_vc8192_r0,20260616T031040Z,gpu-a100-80gb-4/torch_eager_collective_loop,0,512,b16/L512,b16_L512_fsdp1_tp4_tc128_vc8192,2026-06-16T03:10:40+00:00,128,64,4,8192,32,262144,3,PyTorch eager repeated NCCL all-reduce over chunk-sized tensors.,torch_eager_collective_loop,torch_microbench,/Users/deep-diver/Developers/TUNIX-TRY/01-CCE/data/mesh_pathology_dense_a100_torch/runs/exp0183_gpu-a100-80gb-4_torch_eager_collective_loop_b16_L512_fsdp1_tp4_tc128_vc8192_fsdp1_tp4_tc128_vc8192_r0/xla,False
A100-80GB,gpu,exp0185_gpu-a100-80gb-4_torch_eager_collective_loop_b16_L512_fsdp1_tp4_tc128_vc32768_fsdp1_tp4_tc128_vc32768_r0,,-1,128/32768,512,4,A100:4:80GB,eager,185,1,16,primary_gpu_baseline,gpu-a100-80gb-4,320,Chansungs-MacBook-Pro-2.local,10,"fsdp=1,tp=4",collective_loop,dense-synthetic,,0,/Users/deep-diver/Developers/TUNIX-TRY/01-CCE/data/mesh_pathology_dense_a100_torch/runs/exp0185_gpu-a100-80gb-4_torch_eager_collective_loop_b16_L512_fsdp1_tp4_tc128_vc32768_fsdp1_tp4_tc128_vc32768_r0,20260616T031040Z,gpu-a100-80gb-4/torch_eager_collective_loop,0,512,b16/L512,b16_L512_fsdp1_tp4_tc128_vc32768,2026-06-16T03:10:40+00:00,128,64,4,32768,8,262144,3,PyTorch eager repeated NCCL all-reduce over chunk-sized tensors.,torch_eager_collective_loop,torch_microbench,/Users/deep-diver/Developers/TUNIX-TRY/01-CCE/data/mesh_pathology_dense_a100_torch/runs/exp0185_gpu-a100-80gb-4_torch_eager_collective_loop_b16_L512_fsdp1_tp4_tc128_vc32768_fsdp1_tp4_tc128_vc32768_r0/xla,False
A100-80GB,gpu,exp0186_gpu-a100-80gb-4_torch_eager_collective_loop_b16_L512_fsdp1_tp4_tc128_vc65536_fsdp1_tp4_tc128_vc65536_r0,,-1,128/65536,256,4,A100:4:80GB,eager,186,1,16,primary_gpu_baseline,gpu-a100-80gb-4,320,Chansungs-MacBook-Pro-2.local,10,"fsdp=1,tp=4",collective_loop,dense-synthetic,,0,/Users/deep-diver/Developers/TUNIX-TRY/01-CCE/data/mesh_pathology_dense_a100_torch/runs/exp0186_gpu-a100-80gb-4_torch_eager_collective_loop_b16_L512_fsdp1_tp4_tc128_vc65536_fsdp1_tp4_tc128_vc65536_r0,20260616T031040Z,gpu-a100-80gb-4/torch_eager_collective_loop,0,512,b16/L512,b16_L512_fsdp1_tp4_tc128_vc65536,2026-06-16T03:10:40+00:00,128,64,4,65536,4,262144,3,PyTorch eager repeated NCCL all-reduce over chunk-sized tensors.,torch_eager_collective_loop,torch_microbench,/Users/deep-diver/Developers/TUNIX-TRY/01-CCE/data/mesh_pathology_dense_a100_torch/runs/exp0186_gpu-a100-80gb-4_torch_eager_collective_loop_b16_L512_fsdp1_tp4_tc128_vc65536_fsdp1_tp4_tc128_vc65536_r0/xla,False
A100-80GB,gpu,exp0187_gpu-a100-80gb-4_torch_eager_collective_loop_b16_L512_fsdp1_tp4_tc128_vc131072_fsdp1_tp4_tc128_vc131072_r0,,-1,128/131072,128,4,A100:4:80GB,eager,187,1,16,primary_gpu_baseline,gpu-a100-80gb-4,320,Chansungs-MacBook-Pro-2.local,10,"fsdp=1,tp=4",collective_loop,dense-synthetic,,0,/Users/deep-diver/Developers/TUNIX-TRY/01-CCE/data/mesh_pathology_dense_a100_torch/runs/exp0187_gpu-a100-80gb-4_torch_eager_collective_loop_b16_L512_fsdp1_tp4_tc128_vc131072_fsdp1_tp4_tc128_vc131072_r0,20260616T031040Z,gpu-a100-80gb-4/torch_eager_collective_loop,0,512,b16/L512,b16_L512_fsdp1_tp4_tc128_vc131072,2026-06-16T03:10:40+00:00,128,64,4,131072,2,262144,3,PyTorch eager repeated NCCL all-reduce over chunk-sized tensors.,torch_eager_collective_loop,torch_microbench,/Users/deep-diver/Developers/TUNIX-TRY/01-CCE/data/mesh_pathology_dense_a100_torch/runs/exp0187_gpu-a100-80gb-4_torch_eager_collective_loop_b16_L512_fsdp1_tp4_tc128_vc131072_fsdp1_tp4_tc128_vc131072_r0/xla,False
A100-80GB,gpu,exp0188_gpu-a100-80gb-4_torch_eager_collective_loop_b16_L512_fsdp1_tp4_tc128_vc262144_fsdp1_tp4_tc128_vc262144_r0,,-1,128/262144,64,4,A100:4:80GB,eager,188,1,16,primary_gpu_baseline,gpu-a100-80gb-4,320,Chansungs-MacBook-Pro-2.local,10,"fsdp=1,tp=4",collective_loop,dense-synthetic,,0,/Users/deep-diver/Developers/TUNIX-TRY/01-CCE/data/mesh_pathology_dense_a100_torch/runs/exp0188_gpu-a100-80gb-4_torch_eager_collective_loop_b16_L512_fsdp1_tp4_tc128_vc262144_fsdp1_tp4_tc128_vc262144_r0,20260616T031040Z,gpu-a100-80gb-4/torch_eager_collective_loop,0,512,b16/L512,b16_L512_fsdp1_tp4_tc128_vc262144,2026-06-16T03:10:40+00:00,128,64,4,262144,1,262144,3,PyTorch eager repeated NCCL all-reduce over chunk-sized tensors.,torch_eager_collective_loop,torch_microbench,/Users/deep-diver/Developers/TUNIX-TRY/01-CCE/data/mesh_pathology_dense_a100_torch/runs/exp0188_gpu-a100-80gb-4_torch_eager_collective_loop_b16_L512_fsdp1_tp4_tc128_vc262144_fsdp1_tp4_tc128_vc262144_r0/xla,False
A100-80GB,gpu,exp0189_gpu-a100-80gb-4_torch_eager_collective_loop_b16_L512_fsdp1_tp4_tc256_vc4096_fsdp1_tp4_tc256_vc4096_r0,,-1,256/4096,2048,4,A100:4:80GB,eager,189,1,16,primary_gpu_baseline,gpu-a100-80gb-4,320,Chansungs-MacBook-Pro-2.local,10,"fsdp=1,tp=4",collective_loop,dense-synthetic,,0,/Users/deep-diver/Developers/TUNIX-TRY/01-CCE/data/mesh_pathology_dense_a100_torch/runs/exp0189_gpu-a100-80gb-4_torch_eager_collective_loop_b16_L512_fsdp1_tp4_tc256_vc4096_fsdp1_tp4_tc256_vc4096_r0,20260616T031040Z,gpu-a100-80gb-4/torch_eager_collective_loop,0,512,b16/L512,b16_L512_fsdp1_tp4_tc256_vc4096,2026-06-16T03:10:40+00:00,256,32,4,4096,64,262144,3,PyTorch eager repeated NCCL all-reduce over chunk-sized tensors.,torch_eager_collective_loop,torch_microbench,/Users/deep-diver/Developers/TUNIX-TRY/01-CCE/data/mesh_pathology_dense_a100_torch/runs/exp0189_gpu-a100-80gb-4_torch_eager_collective_loop_b16_L512_fsdp1_tp4_tc256_vc4096_fsdp1_tp4_tc256_vc4096_r0/xla,False
A100-80GB,gpu,exp0190_gpu-a100-80gb-4_torch_eager_collective_loop_b16_L512_fsdp1_tp4_tc256_vc8192_fsdp1_tp4_tc256_vc8192_r0,,-1,256/8192,1024,4,A100:4:80GB,eager,190,1,16,primary_gpu_baseline,gpu-a100-80gb-4,320,Chansungs-MacBook-Pro-2.local,10,"fsdp=1,tp=4",collective_loop,dense-synthetic,,0,/Users/deep-diver/Developers/TUNIX-TRY/01-CCE/data/mesh_pathology_dense_a100_torch/runs/exp0190_gpu-a100-80gb-4_torch_eager_collective_loop_b16_L512_fsdp1_tp4_tc256_vc8192_fsdp1_tp4_tc256_vc8192_r0,20260616T031040Z,gpu-a100-80gb-4/torch_eager_collective_loop,0,512,b16/L512,b16_L512_fsdp1_tp4_tc256_vc8192,2026-06-16T03:10:40+00:00,256,32,4,8192,32,262144,3,PyTorch eager repeated NCCL all-reduce over chunk-sized tensors.,torch_eager_collective_loop,torch_microbench,/Users/deep-diver/Developers/TUNIX-TRY/01-CCE/data/mesh_pathology_dense_a100_torch/runs/exp0190_gpu-a100-80gb-4_torch_eager_collective_loop_b16_L512_fsdp1_tp4_tc256_vc8192_fsdp1_tp4_tc256_vc8192_r0/xla,False
A100-80GB,gpu,exp0191_gpu-a100-80gb-4_torch_eager_collective_loop_b16_L512_fsdp1_tp4_tc256_vc16384_fsdp1_tp4_tc256_vc16384_r0,,-1,256/16384,512,4,A100:4:80GB,eager,191,1,16,primary_gpu_baseline,gpu-a100-80gb-4,320,Chansungs-MacBook-Pro-2.local,10,"fsdp=1,tp=4",collective_loop,dense-synthetic,,0,/Users/deep-diver/Developers/TUNIX-TRY/01-CCE/data/mesh_pathology_dense_a100_torch/runs/exp0191_gpu-a100-80gb-4_torch_eager_collective_loop_b16_L512_fsdp1_tp4_tc256_vc16384_fsdp1_tp4_tc256_vc16384_r0,20260616T031040Z,gpu-a100-80gb-4/torch_eager_collective_loop,0,512,b16/L512,b16_L512_fsdp1_tp4_tc256_vc16384,2026-06-16T03:10:40+00:00,256,32,4,16384,16,262144,3,PyTorch eager repeated NCCL all-reduce over chunk-sized tensors.,torch_eager_collective_loop,torch_microbench,/Users/deep-diver/Developers/TUNIX-TRY/01-CCE/data/mesh_pathology_dense_a100_torch/runs/exp0191_gpu-a100-80gb-4_torch_eager_collective_loop_b16_L512_fsdp1_tp4_tc256_vc16384_fsdp1_tp4_tc256_vc16384_r0/xla,False
A100-80GB,gpu,exp0193_gpu-a100-80gb-4_torch_eager_collective_loop_b16_L512_fsdp1_tp4_tc256_vc65536_fsdp1_tp4_tc256_vc65536_r0,,-1,256/65536,128,4,A100:4:80GB,eager,193,1,16,primary_gpu_baseline,gpu-a100-80gb-4,320,Chansungs-MacBook-Pro-2.local,10,"fsdp=1,tp=4",collective_loop,dense-synthetic,,0,/Users/deep-diver/Developers/TUNIX-TRY/01-CCE/data/mesh_pathology_dense_a100_torch/runs/exp0193_gpu-a100-80gb-4_torch_eager_collective_loop_b16_L512_fsdp1_tp4_tc256_vc65536_fsdp1_tp4_tc256_vc65536_r0,20260616T031040Z,gpu-a100-80gb-4/torch_eager_collective_loop,0,512,b16/L512,b16_L512_fsdp1_tp4_tc256_vc65536,2026-06-16T03:10:40+00:00,256,32,4,65536,4,262144,3,PyTorch eager repeated NCCL all-reduce over chunk-sized tensors.,torch_eager_collective_loop,torch_microbench,/Users/deep-diver/Developers/TUNIX-TRY/01-CCE/data/mesh_pathology_dense_a100_torch/runs/exp0193_gpu-a100-80gb-4_torch_eager_collective_loop_b16_L512_fsdp1_tp4_tc256_vc65536_fsdp1_tp4_tc256_vc65536_r0/xla,False
A100-80GB,gpu,exp0194_gpu-a100-80gb-4_torch_eager_collective_loop_b16_L512_fsdp1_tp4_tc256_vc131072_fsdp1_tp4_tc256_vc131072_r0,,-1,256/131072,64,4,A100:4:80GB,eager,194,1,16,primary_gpu_baseline,gpu-a100-80gb-4,320,Chansungs-MacBook-Pro-2.local,10,"fsdp=1,tp=4",collective_loop,dense-synthetic,,0,/Users/deep-diver/Developers/TUNIX-TRY/01-CCE/data/mesh_pathology_dense_a100_torch/runs/exp0194_gpu-a100-80gb-4_torch_eager_collective_loop_b16_L512_fsdp1_tp4_tc256_vc131072_fsdp1_tp4_tc256_vc131072_r0,20260616T031040Z,gpu-a100-80gb-4/torch_eager_collective_loop,0,512,b16/L512,b16_L512_fsdp1_tp4_tc256_vc131072,2026-06-16T03:10:40+00:00,256,32,4,131072,2,262144,3,PyTorch eager repeated NCCL all-reduce over chunk-sized tensors.,torch_eager_collective_loop,torch_microbench,/Users/deep-diver/Developers/TUNIX-TRY/01-CCE/data/mesh_pathology_dense_a100_torch/runs/exp0194_gpu-a100-80gb-4_torch_eager_collective_loop_b16_L512_fsdp1_tp4_tc256_vc131072_fsdp1_tp4_tc256_vc131072_r0/xla,False
A100-80GB,gpu,exp0195_gpu-a100-80gb-4_torch_eager_collective_loop_b16_L512_fsdp1_tp4_tc256_vc262144_fsdp1_tp4_tc256_vc262144_r0,,-1,256/262144,32,4,A100:4:80GB,eager,195,1,16,primary_gpu_baseline,gpu-a100-80gb-4,320,Chansungs-MacBook-Pro-2.local,10,"fsdp=1,tp=4",collective_loop,dense-synthetic,,0,/Users/deep-diver/Developers/TUNIX-TRY/01-CCE/data/mesh_pathology_dense_a100_torch/runs/exp0195_gpu-a100-80gb-4_torch_eager_collective_loop_b16_L512_fsdp1_tp4_tc256_vc262144_fsdp1_tp4_tc256_vc262144_r0,20260616T031040Z,gpu-a100-80gb-4/torch_eager_collective_loop,0,512,b16/L512,b16_L512_fsdp1_tp4_tc256_vc262144,2026-06-16T03:10:40+00:00,256,32,4,262144,1,262144,3,PyTorch eager repeated NCCL all-reduce over chunk-sized tensors.,torch_eager_collective_loop,torch_microbench,/Users/deep-diver/Developers/TUNIX-TRY/01-CCE/data/mesh_pathology_dense_a100_torch/runs/exp0195_gpu-a100-80gb-4_torch_eager_collective_loop_b16_L512_fsdp1_tp4_tc256_vc262144_fsdp1_tp4_tc256_vc262144_r0/xla,False
A100-80GB,gpu,exp0196_gpu-a100-80gb-4_torch_eager_collective_loop_b16_L512_fsdp1_tp4_tc512_vc4096_fsdp1_tp4_tc512_vc4096_r0,,-1,512/4096,1024,4,A100:4:80GB,eager,196,1,16,primary_gpu_baseline,gpu-a100-80gb-4,320,Chansungs-MacBook-Pro-2.local,10,"fsdp=1,tp=4",collective_loop,dense-synthetic,,0,/Users/deep-diver/Developers/TUNIX-TRY/01-CCE/data/mesh_pathology_dense_a100_torch/runs/exp0196_gpu-a100-80gb-4_torch_eager_collective_loop_b16_L512_fsdp1_tp4_tc512_vc4096_fsdp1_tp4_tc512_vc4096_r0,20260616T031040Z,gpu-a100-80gb-4/torch_eager_collective_loop,0,512,b16/L512,b16_L512_fsdp1_tp4_tc512_vc4096,2026-06-16T03:10:40+00:00,512,16,4,4096,64,262144,3,PyTorch eager repeated NCCL all-reduce over chunk-sized tensors.,torch_eager_collective_loop,torch_microbench,/Users/deep-diver/Developers/TUNIX-TRY/01-CCE/data/mesh_pathology_dense_a100_torch/runs/exp0196_gpu-a100-80gb-4_torch_eager_collective_loop_b16_L512_fsdp1_tp4_tc512_vc4096_fsdp1_tp4_tc512_vc4096_r0/xla,False
A100-80GB,gpu,exp0197_gpu-a100-80gb-4_torch_eager_collective_loop_b16_L512_fsdp1_tp4_tc512_vc8192_fsdp1_tp4_tc512_vc8192_r0,,-1,512/8192,512,4,A100:4:80GB,eager,197,1,16,primary_gpu_baseline,gpu-a100-80gb-4,320,Chansungs-MacBook-Pro-2.local,10,"fsdp=1,tp=4",collective_loop,dense-synthetic,,0,/Users/deep-diver/Developers/TUNIX-TRY/01-CCE/data/mesh_pathology_dense_a100_torch/runs/exp0197_gpu-a100-80gb-4_torch_eager_collective_loop_b16_L512_fsdp1_tp4_tc512_vc8192_fsdp1_tp4_tc512_vc8192_r0,20260616T031040Z,gpu-a100-80gb-4/torch_eager_collective_loop,0,512,b16/L512,b16_L512_fsdp1_tp4_tc512_vc8192,2026-06-16T03:10:40+00:00,512,16,4,8192,32,262144,3,PyTorch eager repeated NCCL all-reduce over chunk-sized tensors.,torch_eager_collective_loop,torch_microbench,/Users/deep-diver/Developers/TUNIX-TRY/01-CCE/data/mesh_pathology_dense_a100_torch/runs/exp0197_gpu-a100-80gb-4_torch_eager_collective_loop_b16_L512_fsdp1_tp4_tc512_vc8192_fsdp1_tp4_tc512_vc8192_r0/xla,False
A100-80GB,gpu,exp0198_gpu-a100-80gb-4_torch_eager_collective_loop_b16_L512_fsdp1_tp4_tc512_vc16384_fsdp1_tp4_tc512_vc16384_r0,,-1,512/16384,256,4,A100:4:80GB,eager,198,1,16,primary_gpu_baseline,gpu-a100-80gb-4,320,Chansungs-MacBook-Pro-2.local,10,"fsdp=1,tp=4",collective_loop,dense-synthetic,,0,/Users/deep-diver/Developers/TUNIX-TRY/01-CCE/data/mesh_pathology_dense_a100_torch/runs/exp0198_gpu-a100-80gb-4_torch_eager_collective_loop_b16_L512_fsdp1_tp4_tc512_vc16384_fsdp1_tp4_tc512_vc16384_r0,20260616T031040Z,gpu-a100-80gb-4/torch_eager_collective_loop,0,512,b16/L512,b16_L512_fsdp1_tp4_tc512_vc16384,2026-06-16T03:10:40+00:00,512,16,4,16384,16,262144,3,PyTorch eager repeated NCCL all-reduce over chunk-sized tensors.,torch_eager_collective_loop,torch_microbench,/Users/deep-diver/Developers/TUNIX-TRY/01-CCE/data/mesh_pathology_dense_a100_torch/runs/exp0198_gpu-a100-80gb-4_torch_eager_collective_loop_b16_L512_fsdp1_tp4_tc512_vc16384_fsdp1_tp4_tc512_vc16384_r0/xla,False
A100-80GB,gpu,exp0199_gpu-a100-80gb-4_torch_eager_collective_loop_b16_L512_fsdp1_tp4_tc512_vc32768_fsdp1_tp4_tc512_vc32768_r0,,-1,512/32768,128,4,A100:4:80GB,eager,199,1,16,primary_gpu_baseline,gpu-a100-80gb-4,320,Chansungs-MacBook-Pro-2.local,10,"fsdp=1,tp=4",collective_loop,dense-synthetic,,0,/Users/deep-diver/Developers/TUNIX-TRY/01-CCE/data/mesh_pathology_dense_a100_torch/runs/exp0199_gpu-a100-80gb-4_torch_eager_collective_loop_b16_L512_fsdp1_tp4_tc512_vc32768_fsdp1_tp4_tc512_vc32768_r0,20260616T031040Z,gpu-a100-80gb-4/torch_eager_collective_loop,0,512,b16/L512,b16_L512_fsdp1_tp4_tc512_vc32768,2026-06-16T03:10:40+00:00,512,16,4,32768,8,262144,3,PyTorch eager repeated NCCL all-reduce over chunk-sized tensors.,torch_eager_collective_loop,torch_microbench,/Users/deep-diver/Developers/TUNIX-TRY/01-CCE/data/mesh_pathology_dense_a100_torch/runs/exp0199_gpu-a100-80gb-4_torch_eager_collective_loop_b16_L512_fsdp1_tp4_tc512_vc32768_fsdp1_tp4_tc512_vc32768_r0/xla,False
A100-80GB,gpu,exp0201_gpu-a100-80gb-4_torch_eager_collective_loop_b16_L512_fsdp1_tp4_tc512_vc131072_fsdp1_tp4_tc512_vc131072_r0,,-1,512/131072,32,4,A100:4:80GB,eager,201,1,16,primary_gpu_baseline,gpu-a100-80gb-4,320,Chansungs-MacBook-Pro-2.local,10,"fsdp=1,tp=4",collective_loop,dense-synthetic,,0,/Users/deep-diver/Developers/TUNIX-TRY/01-CCE/data/mesh_pathology_dense_a100_torch/runs/exp0201_gpu-a100-80gb-4_torch_eager_collective_loop_b16_L512_fsdp1_tp4_tc512_vc131072_fsdp1_tp4_tc512_vc131072_r0,20260616T031040Z,gpu-a100-80gb-4/torch_eager_collective_loop,0,512,b16/L512,b16_L512_fsdp1_tp4_tc512_vc131072,2026-06-16T03:10:40+00:00,512,16,4,131072,2,262144,3,PyTorch eager repeated NCCL all-reduce over chunk-sized tensors.,torch_eager_collective_loop,torch_microbench,/Users/deep-diver/Developers/TUNIX-TRY/01-CCE/data/mesh_pathology_dense_a100_torch/runs/exp0201_gpu-a100-80gb-4_torch_eager_collective_loop_b16_L512_fsdp1_tp4_tc512_vc131072_fsdp1_tp4_tc512_vc131072_r0/xla,False
A100-80GB,gpu,exp0202_gpu-a100-80gb-4_torch_eager_collective_loop_b16_L512_fsdp1_tp4_tc512_vc262144_fsdp1_tp4_tc512_vc262144_r0,,-1,512/262144,16,4,A100:4:80GB,eager,202,1,16,primary_gpu_baseline,gpu-a100-80gb-4,320,Chansungs-MacBook-Pro-2.local,10,"fsdp=1,tp=4",collective_loop,dense-synthetic,,0,/Users/deep-diver/Developers/TUNIX-TRY/01-CCE/data/mesh_pathology_dense_a100_torch/runs/exp0202_gpu-a100-80gb-4_torch_eager_collective_loop_b16_L512_fsdp1_tp4_tc512_vc262144_fsdp1_tp4_tc512_vc262144_r0,20260616T031040Z,gpu-a100-80gb-4/torch_eager_collective_loop,0,512,b16/L512,b16_L512_fsdp1_tp4_tc512_vc262144,2026-06-16T03:10:40+00:00,512,16,4,262144,1,262144,3,PyTorch eager repeated NCCL all-reduce over chunk-sized tensors.,torch_eager_collective_loop,torch_microbench,/Users/deep-diver/Developers/TUNIX-TRY/01-CCE/data/mesh_pathology_dense_a100_torch/runs/exp0202_gpu-a100-80gb-4_torch_eager_collective_loop_b16_L512_fsdp1_tp4_tc512_vc262144_fsdp1_tp4_tc512_vc262144_r0/xla,False
A100-80GB,gpu,exp0203_gpu-a100-80gb-4_torch_eager_collective_loop_b16_L512_fsdp1_tp4_tc1024_vc4096_fsdp1_tp4_tc1024_vc4096_r0,,-1,1024/4096,512,4,A100:4:80GB,eager,203,1,16,primary_gpu_baseline,gpu-a100-80gb-4,320,Chansungs-MacBook-Pro-2.local,10,"fsdp=1,tp=4",collective_loop,dense-synthetic,,0,/Users/deep-diver/Developers/TUNIX-TRY/01-CCE/data/mesh_pathology_dense_a100_torch/runs/exp0203_gpu-a100-80gb-4_torch_eager_collective_loop_b16_L512_fsdp1_tp4_tc1024_vc4096_fsdp1_tp4_tc1024_vc4096_r0,20260616T031040Z,gpu-a100-80gb-4/torch_eager_collective_loop,0,512,b16/L512,b16_L512_fsdp1_tp4_tc1024_vc4096,2026-06-16T03:10:40+00:00,1024,8,4,4096,64,262144,3,PyTorch eager repeated NCCL all-reduce over chunk-sized tensors.,torch_eager_collective_loop,torch_microbench,/Users/deep-diver/Developers/TUNIX-TRY/01-CCE/data/mesh_pathology_dense_a100_torch/runs/exp0203_gpu-a100-80gb-4_torch_eager_collective_loop_b16_L512_fsdp1_tp4_tc1024_vc4096_fsdp1_tp4_tc1024_vc4096_r0/xla,False
A100-80GB,gpu,exp0204_gpu-a100-80gb-4_torch_eager_collective_loop_b16_L512_fsdp1_tp4_tc1024_vc8192_fsdp1_tp4_tc1024_vc8192_r0,,-1,1024/8192,256,4,A100:4:80GB,eager,204,1,16,primary_gpu_baseline,gpu-a100-80gb-4,320,Chansungs-MacBook-Pro-2.local,10,"fsdp=1,tp=4",collective_loop,dense-synthetic,,0,/Users/deep-diver/Developers/TUNIX-TRY/01-CCE/data/mesh_pathology_dense_a100_torch/runs/exp0204_gpu-a100-80gb-4_torch_eager_collective_loop_b16_L512_fsdp1_tp4_tc1024_vc8192_fsdp1_tp4_tc1024_vc8192_r0,20260616T031040Z,gpu-a100-80gb-4/torch_eager_collective_loop,0,512,b16/L512,b16_L512_fsdp1_tp4_tc1024_vc8192,2026-06-16T03:10:40+00:00,1024,8,4,8192,32,262144,3,PyTorch eager repeated NCCL all-reduce over chunk-sized tensors.,torch_eager_collective_loop,torch_microbench,/Users/deep-diver/Developers/TUNIX-TRY/01-CCE/data/mesh_pathology_dense_a100_torch/runs/exp0204_gpu-a100-80gb-4_torch_eager_collective_loop_b16_L512_fsdp1_tp4_tc1024_vc8192_fsdp1_tp4_tc1024_vc8192_r0/xla,False
A100-80GB,gpu,exp0205_gpu-a100-80gb-4_torch_eager_collective_loop_b16_L512_fsdp1_tp4_tc1024_vc16384_fsdp1_tp4_tc1024_vc16384_r0,,-1,1024/16384,128,4,A100:4:80GB,eager,205,1,16,primary_gpu_baseline,gpu-a100-80gb-4,320,Chansungs-MacBook-Pro-2.local,10,"fsdp=1,tp=4",collective_loop,dense-synthetic,,0,/Users/deep-diver/Developers/TUNIX-TRY/01-CCE/data/mesh_pathology_dense_a100_torch/runs/exp0205_gpu-a100-80gb-4_torch_eager_collective_loop_b16_L512_fsdp1_tp4_tc1024_vc16384_fsdp1_tp4_tc1024_vc16384_r0,20260616T031040Z,gpu-a100-80gb-4/torch_eager_collective_loop,0,512,b16/L512,b16_L512_fsdp1_tp4_tc1024_vc16384,2026-06-16T03:10:40+00:00,1024,8,4,16384,16,262144,3,PyTorch eager repeated NCCL all-reduce over chunk-sized tensors.,torch_eager_collective_loop,torch_microbench,/Users/deep-diver/Developers/TUNIX-TRY/01-CCE/data/mesh_pathology_dense_a100_torch/runs/exp0205_gpu-a100-80gb-4_torch_eager_collective_loop_b16_L512_fsdp1_tp4_tc1024_vc16384_fsdp1_tp4_tc1024_vc16384_r0/xla,False
A100-80GB,gpu,exp0206_gpu-a100-80gb-4_torch_eager_collective_loop_b16_L512_fsdp1_tp4_tc1024_vc32768_fsdp1_tp4_tc1024_vc32768_r0,,-1,1024/32768,64,4,A100:4:80GB,eager,206,1,16,primary_gpu_baseline,gpu-a100-80gb-4,320,Chansungs-MacBook-Pro-2.local,10,"fsdp=1,tp=4",collective_loop,dense-synthetic,,0,/Users/deep-diver/Developers/TUNIX-TRY/01-CCE/data/mesh_pathology_dense_a100_torch/runs/exp0206_gpu-a100-80gb-4_torch_eager_collective_loop_b16_L512_fsdp1_tp4_tc1024_vc32768_fsdp1_tp4_tc1024_vc32768_r0,20260616T031040Z,gpu-a100-80gb-4/torch_eager_collective_loop,0,512,b16/L512,b16_L512_fsdp1_tp4_tc1024_vc32768,2026-06-16T03:10:40+00:00,1024,8,4,32768,8,262144,3,PyTorch eager repeated NCCL all-reduce over chunk-sized tensors.,torch_eager_collective_loop,torch_microbench,/Users/deep-diver/Developers/TUNIX-TRY/01-CCE/data/mesh_pathology_dense_a100_torch/runs/exp0206_gpu-a100-80gb-4_torch_eager_collective_loop_b16_L512_fsdp1_tp4_tc1024_vc32768_fsdp1_tp4_tc1024_vc32768_r0/xla,False
A100-80GB,gpu,exp0207_gpu-a100-80gb-4_torch_eager_collective_loop_b16_L512_fsdp1_tp4_tc1024_vc65536_fsdp1_tp4_tc1024_vc65536_r0,,-1,1024/65536,32,4,A100:4:80GB,eager,207,1,16,primary_gpu_baseline,gpu-a100-80gb-4,320,Chansungs-MacBook-Pro-2.local,10,"fsdp=1,tp=4",collective_loop,dense-synthetic,,0,/Users/deep-diver/Developers/TUNIX-TRY/01-CCE/data/mesh_pathology_dense_a100_torch/runs/exp0207_gpu-a100-80gb-4_torch_eager_collective_loop_b16_L512_fsdp1_tp4_tc1024_vc65536_fsdp1_tp4_tc1024_vc65536_r0,20260616T031040Z,gpu-a100-80gb-4/torch_eager_collective_loop,0,512,b16/L512,b16_L512_fsdp1_tp4_tc1024_vc65536,2026-06-16T03:10:40+00:00,1024,8,4,65536,4,262144,3,PyTorch eager repeated NCCL all-reduce over chunk-sized tensors.,torch_eager_collective_loop,torch_microbench,/Users/deep-diver/Developers/TUNIX-TRY/01-CCE/data/mesh_pathology_dense_a100_torch/runs/exp0207_gpu-a100-80gb-4_torch_eager_collective_loop_b16_L512_fsdp1_tp4_tc1024_vc65536_fsdp1_tp4_tc1024_vc65536_r0/xla,False
A100-80GB,gpu,exp0209_gpu-a100-80gb-4_torch_eager_collective_loop_b16_L512_fsdp1_tp4_tc1024_vc262144_fsdp1_tp4_tc1024_vc262144_r0,,-1,1024/262144,8,4,A100:4:80GB,eager,209,1,16,primary_gpu_baseline,gpu-a100-80gb-4,320,Chansungs-MacBook-Pro-2.local,10,"fsdp=1,tp=4",collective_loop,dense-synthetic,,0,/Users/deep-diver/Developers/TUNIX-TRY/01-CCE/data/mesh_pathology_dense_a100_torch/runs/exp0209_gpu-a100-80gb-4_torch_eager_collective_loop_b16_L512_fsdp1_tp4_tc1024_vc262144_fsdp1_tp4_tc1024_vc262144_r0,20260616T031040Z,gpu-a100-80gb-4/torch_eager_collective_loop,0,512,b16/L512,b16_L512_fsdp1_tp4_tc1024_vc262144,2026-06-16T03:10:40+00:00,1024,8,4,262144,1,262144,3,PyTorch eager repeated NCCL all-reduce over chunk-sized tensors.,torch_eager_collective_loop,torch_microbench,/Users/deep-diver/Developers/TUNIX-TRY/01-CCE/data/mesh_pathology_dense_a100_torch/runs/exp0209_gpu-a100-80gb-4_torch_eager_collective_loop_b16_L512_fsdp1_tp4_tc1024_vc262144_fsdp1_tp4_tc1024_vc262144_r0/xla,False
A100-80GB,gpu,exp0210_gpu-a100-80gb-4_torch_eager_projection_collective_loop_b16_L512_fsdp4_tp1_tc64_vc4096_fsdp4_tp1_tc64_vc4096_r0,,-1,64/4096,8192,4,A100:4:80GB,eager,210,4,16,primary_gpu_baseline,gpu-a100-80gb-4,320,Chansungs-MacBook-Pro-2.local,10,"fsdp=4,tp=1",projection_collective_loop,dense-synthetic,,0,/Users/deep-diver/Developers/TUNIX-TRY/01-CCE/data/mesh_pathology_dense_a100_torch/runs/exp0210_gpu-a100-80gb-4_torch_eager_projection_collective_loop_b16_L512_fsdp4_tp1_tc64_vc4096_fsdp4_tp1_tc64_vc4096_r0,20260616T031040Z,gpu-a100-80gb-4/torch_eager_projection_collective_loop,0,512,b16/L512,b16_L512_fsdp4_tp1_tc64_vc4096,2026-06-16T03:10:40+00:00,64,128,1,4096,64,262144,3,PyTorch eager projection matmul plus NCCL all-reduce.,torch_eager_projection_collective_loop,torch_microbench,/Users/deep-diver/Developers/TUNIX-TRY/01-CCE/data/mesh_pathology_dense_a100_torch/runs/exp0210_gpu-a100-80gb-4_torch_eager_projection_collective_loop_b16_L512_fsdp4_tp1_tc64_vc4096_fsdp4_tp1_tc64_vc4096_r0/xla,False
A100-80GB,gpu,exp0211_gpu-a100-80gb-4_torch_eager_projection_collective_loop_b16_L512_fsdp4_tp1_tc64_vc8192_fsdp4_tp1_tc64_vc8192_r0,,-1,64/8192,4096,4,A100:4:80GB,eager,211,4,16,primary_gpu_baseline,gpu-a100-80gb-4,320,Chansungs-MacBook-Pro-2.local,10,"fsdp=4,tp=1",projection_collective_loop,dense-synthetic,,0,/Users/deep-diver/Developers/TUNIX-TRY/01-CCE/data/mesh_pathology_dense_a100_torch/runs/exp0211_gpu-a100-80gb-4_torch_eager_projection_collective_loop_b16_L512_fsdp4_tp1_tc64_vc8192_fsdp4_tp1_tc64_vc8192_r0,20260616T031040Z,gpu-a100-80gb-4/torch_eager_projection_collective_loop,0,512,b16/L512,b16_L512_fsdp4_tp1_tc64_vc8192,2026-06-16T03:10:40+00:00,64,128,1,8192,32,262144,3,PyTorch eager projection matmul plus NCCL all-reduce.,torch_eager_projection_collective_loop,torch_microbench,/Users/deep-diver/Developers/TUNIX-TRY/01-CCE/data/mesh_pathology_dense_a100_torch/runs/exp0211_gpu-a100-80gb-4_torch_eager_projection_collective_loop_b16_L512_fsdp4_tp1_tc64_vc8192_fsdp4_tp1_tc64_vc8192_r0/xla,False
A100-80GB,gpu,exp0212_gpu-a100-80gb-4_torch_eager_projection_collective_loop_b16_L512_fsdp4_tp1_tc64_vc16384_fsdp4_tp1_tc64_vc16384_r0,,-1,64/16384,2048,4,A100:4:80GB,eager,212,4,16,primary_gpu_baseline,gpu-a100-80gb-4,320,Chansungs-MacBook-Pro-2.local,10,"fsdp=4,tp=1",projection_collective_loop,dense-synthetic,,0,/Users/deep-diver/Developers/TUNIX-TRY/01-CCE/data/mesh_pathology_dense_a100_torch/runs/exp0212_gpu-a100-80gb-4_torch_eager_projection_collective_loop_b16_L512_fsdp4_tp1_tc64_vc16384_fsdp4_tp1_tc64_vc16384_r0,20260616T031040Z,gpu-a100-80gb-4/torch_eager_projection_collective_loop,0,512,b16/L512,b16_L512_fsdp4_tp1_tc64_vc16384,2026-06-16T03:10:40+00:00,64,128,1,16384,16,262144,3,PyTorch eager projection matmul plus NCCL all-reduce.,torch_eager_projection_collective_loop,torch_microbench,/Users/deep-diver/Developers/TUNIX-TRY/01-CCE/data/mesh_pathology_dense_a100_torch/runs/exp0212_gpu-a100-80gb-4_torch_eager_projection_collective_loop_b16_L512_fsdp4_tp1_tc64_vc16384_fsdp4_tp1_tc64_vc16384_r0/xla,False
A100-80GB,gpu,exp0213_gpu-a100-80gb-4_torch_eager_projection_collective_loop_b16_L512_fsdp4_tp1_tc64_vc32768_fsdp4_tp1_tc64_vc32768_r0,,-1,64/32768,1024,4,A100:4:80GB,eager,213,4,16,primary_gpu_baseline,gpu-a100-80gb-4,320,Chansungs-MacBook-Pro-2.local,10,"fsdp=4,tp=1",projection_collective_loop,dense-synthetic,,0,/Users/deep-diver/Developers/TUNIX-TRY/01-CCE/data/mesh_pathology_dense_a100_torch/runs/exp0213_gpu-a100-80gb-4_torch_eager_projection_collective_loop_b16_L512_fsdp4_tp1_tc64_vc32768_fsdp4_tp1_tc64_vc32768_r0,20260616T031040Z,gpu-a100-80gb-4/torch_eager_projection_collective_loop,0,512,b16/L512,b16_L512_fsdp4_tp1_tc64_vc32768,2026-06-16T03:10:40+00:00,64,128,1,32768,8,262144,3,PyTorch eager projection matmul plus NCCL all-reduce.,torch_eager_projection_collective_loop,torch_microbench,/Users/deep-diver/Developers/TUNIX-TRY/01-CCE/data/mesh_pathology_dense_a100_torch/runs/exp0213_gpu-a100-80gb-4_torch_eager_projection_collective_loop_b16_L512_fsdp4_tp1_tc64_vc32768_fsdp4_tp1_tc64_vc32768_r0/xla,False
A100-80GB,gpu,exp0214_gpu-a100-80gb-4_torch_eager_projection_collective_loop_b16_L512_fsdp4_tp1_tc64_vc65536_fsdp4_tp1_tc64_vc65536_r0,,-1,64/65536,512,4,A100:4:80GB,eager,214,4,16,primary_gpu_baseline,gpu-a100-80gb-4,320,Chansungs-MacBook-Pro-2.local,10,"fsdp=4,tp=1",projection_collective_loop,dense-synthetic,,0,/Users/deep-diver/Developers/TUNIX-TRY/01-CCE/data/mesh_pathology_dense_a100_torch/runs/exp0214_gpu-a100-80gb-4_torch_eager_projection_collective_loop_b16_L512_fsdp4_tp1_tc64_vc65536_fsdp4_tp1_tc64_vc65536_r0,20260616T031040Z,gpu-a100-80gb-4/torch_eager_projection_collective_loop,0,512,b16/L512,b16_L512_fsdp4_tp1_tc64_vc65536,2026-06-16T03:10:40+00:00,64,128,1,65536,4,262144,3,PyTorch eager projection matmul plus NCCL all-reduce.,torch_eager_projection_collective_loop,torch_microbench,/Users/deep-diver/Developers/TUNIX-TRY/01-CCE/data/mesh_pathology_dense_a100_torch/runs/exp0214_gpu-a100-80gb-4_torch_eager_projection_collective_loop_b16_L512_fsdp4_tp1_tc64_vc65536_fsdp4_tp1_tc64_vc65536_r0/xla,False
A100-80GB,gpu,exp0215_gpu-a100-80gb-4_torch_eager_projection_collective_loop_b16_L512_fsdp4_tp1_tc64_vc131072_fsdp4_tp1_tc64_vc131072_r0,,-1,64/131072,256,4,A100:4:80GB,eager,215,4,16,primary_gpu_baseline,gpu-a100-80gb-4,320,Chansungs-MacBook-Pro-2.local,10,"fsdp=4,tp=1",projection_collective_loop,dense-synthetic,,0,/Users/deep-diver/Developers/TUNIX-TRY/01-CCE/data/mesh_pathology_dense_a100_torch/runs/exp0215_gpu-a100-80gb-4_torch_eager_projection_collective_loop_b16_L512_fsdp4_tp1_tc64_vc131072_fsdp4_tp1_tc64_vc131072_r0,20260616T031040Z,gpu-a100-80gb-4/torch_eager_projection_collective_loop,0,512,b16/L512,b16_L512_fsdp4_tp1_tc64_vc131072,2026-06-16T03:10:40+00:00,64,128,1,131072,2,262144,3,PyTorch eager projection matmul plus NCCL all-reduce.,torch_eager_projection_collective_loop,torch_microbench,/Users/deep-diver/Developers/TUNIX-TRY/01-CCE/data/mesh_pathology_dense_a100_torch/runs/exp0215_gpu-a100-80gb-4_torch_eager_projection_collective_loop_b16_L512_fsdp4_tp1_tc64_vc131072_fsdp4_tp1_tc64_vc131072_r0/xla,False
A100-80GB,gpu,exp0217_gpu-a100-80gb-4_torch_eager_projection_collective_loop_b16_L512_fsdp4_tp1_tc128_vc4096_fsdp4_tp1_tc128_vc4096_r0,,-1,128/4096,4096,4,A100:4:80GB,eager,217,4,16,primary_gpu_baseline,gpu-a100-80gb-4,320,Chansungs-MacBook-Pro-2.local,10,"fsdp=4,tp=1",projection_collective_loop,dense-synthetic,,0,/Users/deep-diver/Developers/TUNIX-TRY/01-CCE/data/mesh_pathology_dense_a100_torch/runs/exp0217_gpu-a100-80gb-4_torch_eager_projection_collective_loop_b16_L512_fsdp4_tp1_tc128_vc4096_fsdp4_tp1_tc128_vc4096_r0,20260616T031040Z,gpu-a100-80gb-4/torch_eager_projection_collective_loop,0,512,b16/L512,b16_L512_fsdp4_tp1_tc128_vc4096,2026-06-16T03:10:40+00:00,128,64,1,4096,64,262144,3,PyTorch eager projection matmul plus NCCL all-reduce.,torch_eager_projection_collective_loop,torch_microbench,/Users/deep-diver/Developers/TUNIX-TRY/01-CCE/data/mesh_pathology_dense_a100_torch/runs/exp0217_gpu-a100-80gb-4_torch_eager_projection_collective_loop_b16_L512_fsdp4_tp1_tc128_vc4096_fsdp4_tp1_tc128_vc4096_r0/xla,False
A100-80GB,gpu,exp0218_gpu-a100-80gb-4_torch_eager_projection_collective_loop_b16_L512_fsdp4_tp1_tc128_vc8192_fsdp4_tp1_tc128_vc8192_r0,,-1,128/8192,2048,4,A100:4:80GB,eager,218,4,16,primary_gpu_baseline,gpu-a100-80gb-4,320,Chansungs-MacBook-Pro-2.local,10,"fsdp=4,tp=1",projection_collective_loop,dense-synthetic,,0,/Users/deep-diver/Developers/TUNIX-TRY/01-CCE/data/mesh_pathology_dense_a100_torch/runs/exp0218_gpu-a100-80gb-4_torch_eager_projection_collective_loop_b16_L512_fsdp4_tp1_tc128_vc8192_fsdp4_tp1_tc128_vc8192_r0,20260616T031040Z,gpu-a100-80gb-4/torch_eager_projection_collective_loop,0,512,b16/L512,b16_L512_fsdp4_tp1_tc128_vc8192,2026-06-16T03:10:40+00:00,128,64,1,8192,32,262144,3,PyTorch eager projection matmul plus NCCL all-reduce.,torch_eager_projection_collective_loop,torch_microbench,/Users/deep-diver/Developers/TUNIX-TRY/01-CCE/data/mesh_pathology_dense_a100_torch/runs/exp0218_gpu-a100-80gb-4_torch_eager_projection_collective_loop_b16_L512_fsdp4_tp1_tc128_vc8192_fsdp4_tp1_tc128_vc8192_r0/xla,False
A100-80GB,gpu,exp0219_gpu-a100-80gb-4_torch_eager_projection_collective_loop_b16_L512_fsdp4_tp1_tc128_vc16384_fsdp4_tp1_tc128_vc16384_r0,,-1,128/16384,1024,4,A100:4:80GB,eager,219,4,16,primary_gpu_baseline,gpu-a100-80gb-4,320,Chansungs-MacBook-Pro-2.local,10,"fsdp=4,tp=1",projection_collective_loop,dense-synthetic,,0,/Users/deep-diver/Developers/TUNIX-TRY/01-CCE/data/mesh_pathology_dense_a100_torch/runs/exp0219_gpu-a100-80gb-4_torch_eager_projection_collective_loop_b16_L512_fsdp4_tp1_tc128_vc16384_fsdp4_tp1_tc128_vc16384_r0,20260616T031040Z,gpu-a100-80gb-4/torch_eager_projection_collective_loop,0,512,b16/L512,b16_L512_fsdp4_tp1_tc128_vc16384,2026-06-16T03:10:40+00:00,128,64,1,16384,16,262144,3,PyTorch eager projection matmul plus NCCL all-reduce.,torch_eager_projection_collective_loop,torch_microbench,/Users/deep-diver/Developers/TUNIX-TRY/01-CCE/data/mesh_pathology_dense_a100_torch/runs/exp0219_gpu-a100-80gb-4_torch_eager_projection_collective_loop_b16_L512_fsdp4_tp1_tc128_vc16384_fsdp4_tp1_tc128_vc16384_r0/xla,False
A100-80GB,gpu,exp0220_gpu-a100-80gb-4_torch_eager_projection_collective_loop_b16_L512_fsdp4_tp1_tc128_vc32768_fsdp4_tp1_tc128_vc32768_r0,,-1,128/32768,512,4,A100:4:80GB,eager,220,4,16,primary_gpu_baseline,gpu-a100-80gb-4,320,Chansungs-MacBook-Pro-2.local,10,"fsdp=4,tp=1",projection_collective_loop,dense-synthetic,,0,/Users/deep-diver/Developers/TUNIX-TRY/01-CCE/data/mesh_pathology_dense_a100_torch/runs/exp0220_gpu-a100-80gb-4_torch_eager_projection_collective_loop_b16_L512_fsdp4_tp1_tc128_vc32768_fsdp4_tp1_tc128_vc32768_r0,20260616T031040Z,gpu-a100-80gb-4/torch_eager_projection_collective_loop,0,512,b16/L512,b16_L512_fsdp4_tp1_tc128_vc32768,2026-06-16T03:10:40+00:00,128,64,1,32768,8,262144,3,PyTorch eager projection matmul plus NCCL all-reduce.,torch_eager_projection_collective_loop,torch_microbench,/Users/deep-diver/Developers/TUNIX-TRY/01-CCE/data/mesh_pathology_dense_a100_torch/runs/exp0220_gpu-a100-80gb-4_torch_eager_projection_collective_loop_b16_L512_fsdp4_tp1_tc128_vc32768_fsdp4_tp1_tc128_vc32768_r0/xla,False
A100-80GB,gpu,exp0221_gpu-a100-80gb-4_torch_eager_projection_collective_loop_b16_L512_fsdp4_tp1_tc128_vc65536_fsdp4_tp1_tc128_vc65536_r0,,-1,128/65536,256,4,A100:4:80GB,eager,221,4,16,primary_gpu_baseline,gpu-a100-80gb-4,320,Chansungs-MacBook-Pro-2.local,10,"fsdp=4,tp=1",projection_collective_loop,dense-synthetic,,0,/Users/deep-diver/Developers/TUNIX-TRY/01-CCE/data/mesh_pathology_dense_a100_torch/runs/exp0221_gpu-a100-80gb-4_torch_eager_projection_collective_loop_b16_L512_fsdp4_tp1_tc128_vc65536_fsdp4_tp1_tc128_vc65536_r0,20260616T031040Z,gpu-a100-80gb-4/torch_eager_projection_collective_loop,0,512,b16/L512,b16_L512_fsdp4_tp1_tc128_vc65536,2026-06-16T03:10:40+00:00,128,64,1,65536,4,262144,3,PyTorch eager projection matmul plus NCCL all-reduce.,torch_eager_projection_collective_loop,torch_microbench,/Users/deep-diver/Developers/TUNIX-TRY/01-CCE/data/mesh_pathology_dense_a100_torch/runs/exp0221_gpu-a100-80gb-4_torch_eager_projection_collective_loop_b16_L512_fsdp4_tp1_tc128_vc65536_fsdp4_tp1_tc128_vc65536_r0/xla,False
A100-80GB,gpu,exp0222_gpu-a100-80gb-4_torch_eager_projection_collective_loop_b16_L512_fsdp4_tp1_tc128_vc131072_fsdp4_tp1_tc128_vc131072_r0,,-1,128/131072,128,4,A100:4:80GB,eager,222,4,16,primary_gpu_baseline,gpu-a100-80gb-4,320,Chansungs-MacBook-Pro-2.local,10,"fsdp=4,tp=1",projection_collective_loop,dense-synthetic,,0,/Users/deep-diver/Developers/TUNIX-TRY/01-CCE/data/mesh_pathology_dense_a100_torch/runs/exp0222_gpu-a100-80gb-4_torch_eager_projection_collective_loop_b16_L512_fsdp4_tp1_tc128_vc131072_fsdp4_tp1_tc128_vc131072_r0,20260616T031040Z,gpu-a100-80gb-4/torch_eager_projection_collective_loop,0,512,b16/L512,b16_L512_fsdp4_tp1_tc128_vc131072,2026-06-16T03:10:40+00:00,128,64,1,131072,2,262144,3,PyTorch eager projection matmul plus NCCL all-reduce.,torch_eager_projection_collective_loop,torch_microbench,/Users/deep-diver/Developers/TUNIX-TRY/01-CCE/data/mesh_pathology_dense_a100_torch/runs/exp0222_gpu-a100-80gb-4_torch_eager_projection_collective_loop_b16_L512_fsdp4_tp1_tc128_vc131072_fsdp4_tp1_tc128_vc131072_r0/xla,False
A100-80GB,gpu,exp0223_gpu-a100-80gb-4_torch_eager_projection_collective_loop_b16_L512_fsdp4_tp1_tc128_vc262144_fsdp4_tp1_tc128_vc262144_r0,,-1,128/262144,64,4,A100:4:80GB,eager,223,4,16,primary_gpu_baseline,gpu-a100-80gb-4,320,Chansungs-MacBook-Pro-2.local,10,"fsdp=4,tp=1",projection_collective_loop,dense-synthetic,,0,/Users/deep-diver/Developers/TUNIX-TRY/01-CCE/data/mesh_pathology_dense_a100_torch/runs/exp0223_gpu-a100-80gb-4_torch_eager_projection_collective_loop_b16_L512_fsdp4_tp1_tc128_vc262144_fsdp4_tp1_tc128_vc262144_r0,20260616T031040Z,gpu-a100-80gb-4/torch_eager_projection_collective_loop,0,512,b16/L512,b16_L512_fsdp4_tp1_tc128_vc262144,2026-06-16T03:10:40+00:00,128,64,1,262144,1,262144,3,PyTorch eager projection matmul plus NCCL all-reduce.,torch_eager_projection_collective_loop,torch_microbench,/Users/deep-diver/Developers/TUNIX-TRY/01-CCE/data/mesh_pathology_dense_a100_torch/runs/exp0223_gpu-a100-80gb-4_torch_eager_projection_collective_loop_b16_L512_fsdp4_tp1_tc128_vc262144_fsdp4_tp1_tc128_vc262144_r0/xla,False
A100-80GB,gpu,exp0225_gpu-a100-80gb-4_torch_eager_projection_collective_loop_b16_L512_fsdp4_tp1_tc256_vc8192_fsdp4_tp1_tc256_vc8192_r0,,-1,256/8192,1024,4,A100:4:80GB,eager,225,4,16,primary_gpu_baseline,gpu-a100-80gb-4,320,Chansungs-MacBook-Pro-2.local,10,"fsdp=4,tp=1",projection_collective_loop,dense-synthetic,,0,/Users/deep-diver/Developers/TUNIX-TRY/01-CCE/data/mesh_pathology_dense_a100_torch/runs/exp0225_gpu-a100-80gb-4_torch_eager_projection_collective_loop_b16_L512_fsdp4_tp1_tc256_vc8192_fsdp4_tp1_tc256_vc8192_r0,20260616T031040Z,gpu-a100-80gb-4/torch_eager_projection_collective_loop,0,512,b16/L512,b16_L512_fsdp4_tp1_tc256_vc8192,2026-06-16T03:10:40+00:00,256,32,1,8192,32,262144,3,PyTorch eager projection matmul plus NCCL all-reduce.,torch_eager_projection_collective_loop,torch_microbench,/Users/deep-diver/Developers/TUNIX-TRY/01-CCE/data/mesh_pathology_dense_a100_torch/runs/exp0225_gpu-a100-80gb-4_torch_eager_projection_collective_loop_b16_L512_fsdp4_tp1_tc256_vc8192_fsdp4_tp1_tc256_vc8192_r0/xla,False
A100-80GB,gpu,exp0226_gpu-a100-80gb-4_torch_eager_projection_collective_loop_b16_L512_fsdp4_tp1_tc256_vc16384_fsdp4_tp1_tc256_vc16384_r0,,-1,256/16384,512,4,A100:4:80GB,eager,226,4,16,primary_gpu_baseline,gpu-a100-80gb-4,320,Chansungs-MacBook-Pro-2.local,10,"fsdp=4,tp=1",projection_collective_loop,dense-synthetic,,0,/Users/deep-diver/Developers/TUNIX-TRY/01-CCE/data/mesh_pathology_dense_a100_torch/runs/exp0226_gpu-a100-80gb-4_torch_eager_projection_collective_loop_b16_L512_fsdp4_tp1_tc256_vc16384_fsdp4_tp1_tc256_vc16384_r0,20260616T031040Z,gpu-a100-80gb-4/torch_eager_projection_collective_loop,0,512,b16/L512,b16_L512_fsdp4_tp1_tc256_vc16384,2026-06-16T03:10:40+00:00,256,32,1,16384,16,262144,3,PyTorch eager projection matmul plus NCCL all-reduce.,torch_eager_projection_collective_loop,torch_microbench,/Users/deep-diver/Developers/TUNIX-TRY/01-CCE/data/mesh_pathology_dense_a100_torch/runs/exp0226_gpu-a100-80gb-4_torch_eager_projection_collective_loop_b16_L512_fsdp4_tp1_tc256_vc16384_fsdp4_tp1_tc256_vc16384_r0/xla,False
A100-80GB,gpu,exp0227_gpu-a100-80gb-4_torch_eager_projection_collective_loop_b16_L512_fsdp4_tp1_tc256_vc32768_fsdp4_tp1_tc256_vc32768_r0,,-1,256/32768,256,4,A100:4:80GB,eager,227,4,16,primary_gpu_baseline,gpu-a100-80gb-4,320,Chansungs-MacBook-Pro-2.local,10,"fsdp=4,tp=1",projection_collective_loop,dense-synthetic,,0,/Users/deep-diver/Developers/TUNIX-TRY/01-CCE/data/mesh_pathology_dense_a100_torch/runs/exp0227_gpu-a100-80gb-4_torch_eager_projection_collective_loop_b16_L512_fsdp4_tp1_tc256_vc32768_fsdp4_tp1_tc256_vc32768_r0,20260616T031040Z,gpu-a100-80gb-4/torch_eager_projection_collective_loop,0,512,b16/L512,b16_L512_fsdp4_tp1_tc256_vc32768,2026-06-16T03:10:40+00:00,256,32,1,32768,8,262144,3,PyTorch eager projection matmul plus NCCL all-reduce.,torch_eager_projection_collective_loop,torch_microbench,/Users/deep-diver/Developers/TUNIX-TRY/01-CCE/data/mesh_pathology_dense_a100_torch/runs/exp0227_gpu-a100-80gb-4_torch_eager_projection_collective_loop_b16_L512_fsdp4_tp1_tc256_vc32768_fsdp4_tp1_tc256_vc32768_r0/xla,False
A100-80GB,gpu,exp0228_gpu-a100-80gb-4_torch_eager_projection_collective_loop_b16_L512_fsdp4_tp1_tc256_vc65536_fsdp4_tp1_tc256_vc65536_r0,,-1,256/65536,128,4,A100:4:80GB,eager,228,4,16,primary_gpu_baseline,gpu-a100-80gb-4,320,Chansungs-MacBook-Pro-2.local,10,"fsdp=4,tp=1",projection_collective_loop,dense-synthetic,,0,/Users/deep-diver/Developers/TUNIX-TRY/01-CCE/data/mesh_pathology_dense_a100_torch/runs/exp0228_gpu-a100-80gb-4_torch_eager_projection_collective_loop_b16_L512_fsdp4_tp1_tc256_vc65536_fsdp4_tp1_tc256_vc65536_r0,20260616T031040Z,gpu-a100-80gb-4/torch_eager_projection_collective_loop,0,512,b16/L512,b16_L512_fsdp4_tp1_tc256_vc65536,2026-06-16T03:10:40+00:00,256,32,1,65536,4,262144,3,PyTorch eager projection matmul plus NCCL all-reduce.,torch_eager_projection_collective_loop,torch_microbench,/Users/deep-diver/Developers/TUNIX-TRY/01-CCE/data/mesh_pathology_dense_a100_torch/runs/exp0228_gpu-a100-80gb-4_torch_eager_projection_collective_loop_b16_L512_fsdp4_tp1_tc256_vc65536_fsdp4_tp1_tc256_vc65536_r0/xla,False
A100-80GB,gpu,exp0229_gpu-a100-80gb-4_torch_eager_projection_collective_loop_b16_L512_fsdp4_tp1_tc256_vc131072_fsdp4_tp1_tc256_vc131072_r0,,-1,256/131072,64,4,A100:4:80GB,eager,229,4,16,primary_gpu_baseline,gpu-a100-80gb-4,320,Chansungs-MacBook-Pro-2.local,10,"fsdp=4,tp=1",projection_collective_loop,dense-synthetic,,0,/Users/deep-diver/Developers/TUNIX-TRY/01-CCE/data/mesh_pathology_dense_a100_torch/runs/exp0229_gpu-a100-80gb-4_torch_eager_projection_collective_loop_b16_L512_fsdp4_tp1_tc256_vc131072_fsdp4_tp1_tc256_vc131072_r0,20260616T031040Z,gpu-a100-80gb-4/torch_eager_projection_collective_loop,0,512,b16/L512,b16_L512_fsdp4_tp1_tc256_vc131072,2026-06-16T03:10:40+00:00,256,32,1,131072,2,262144,3,PyTorch eager projection matmul plus NCCL all-reduce.,torch_eager_projection_collective_loop,torch_microbench,/Users/deep-diver/Developers/TUNIX-TRY/01-CCE/data/mesh_pathology_dense_a100_torch/runs/exp0229_gpu-a100-80gb-4_torch_eager_projection_collective_loop_b16_L512_fsdp4_tp1_tc256_vc131072_fsdp4_tp1_tc256_vc131072_r0/xla,False
A100-80GB,gpu,exp0230_gpu-a100-80gb-4_torch_eager_projection_collective_loop_b16_L512_fsdp4_tp1_tc256_vc262144_fsdp4_tp1_tc256_vc262144_r0,,-1,256/262144,32,4,A100:4:80GB,eager,230,4,16,primary_gpu_baseline,gpu-a100-80gb-4,320,Chansungs-MacBook-Pro-2.local,10,"fsdp=4,tp=1",projection_collective_loop,dense-synthetic,,0,/Users/deep-diver/Developers/TUNIX-TRY/01-CCE/data/mesh_pathology_dense_a100_torch/runs/exp0230_gpu-a100-80gb-4_torch_eager_projection_collective_loop_b16_L512_fsdp4_tp1_tc256_vc262144_fsdp4_tp1_tc256_vc262144_r0,20260616T031040Z,gpu-a100-80gb-4/torch_eager_projection_collective_loop,0,512,b16/L512,b16_L512_fsdp4_tp1_tc256_vc262144,2026-06-16T03:10:40+00:00,256,32,1,262144,1,262144,3,PyTorch eager projection matmul plus NCCL all-reduce.,torch_eager_projection_collective_loop,torch_microbench,/Users/deep-diver/Developers/TUNIX-TRY/01-CCE/data/mesh_pathology_dense_a100_torch/runs/exp0230_gpu-a100-80gb-4_torch_eager_projection_collective_loop_b16_L512_fsdp4_tp1_tc256_vc262144_fsdp4_tp1_tc256_vc262144_r0/xla,False
A100-80GB,gpu,exp0231_gpu-a100-80gb-4_torch_eager_projection_collective_loop_b16_L512_fsdp4_tp1_tc512_vc4096_fsdp4_tp1_tc512_vc4096_r0,,-1,512/4096,1024,4,A100:4:80GB,eager,231,4,16,primary_gpu_baseline,gpu-a100-80gb-4,320,Chansungs-MacBook-Pro-2.local,10,"fsdp=4,tp=1",projection_collective_loop,dense-synthetic,,0,/Users/deep-diver/Developers/TUNIX-TRY/01-CCE/data/mesh_pathology_dense_a100_torch/runs/exp0231_gpu-a100-80gb-4_torch_eager_projection_collective_loop_b16_L512_fsdp4_tp1_tc512_vc4096_fsdp4_tp1_tc512_vc4096_r0,20260616T031040Z,gpu-a100-80gb-4/torch_eager_projection_collective_loop,0,512,b16/L512,b16_L512_fsdp4_tp1_tc512_vc4096,2026-06-16T03:10:40+00:00,512,16,1,4096,64,262144,3,PyTorch eager projection matmul plus NCCL all-reduce.,torch_eager_projection_collective_loop,torch_microbench,/Users/deep-diver/Developers/TUNIX-TRY/01-CCE/data/mesh_pathology_dense_a100_torch/runs/exp0231_gpu-a100-80gb-4_torch_eager_projection_collective_loop_b16_L512_fsdp4_tp1_tc512_vc4096_fsdp4_tp1_tc512_vc4096_r0/xla,False
A100-80GB,gpu,exp0233_gpu-a100-80gb-4_torch_eager_projection_collective_loop_b16_L512_fsdp4_tp1_tc512_vc16384_fsdp4_tp1_tc512_vc16384_r0,,-1,512/16384,256,4,A100:4:80GB,eager,233,4,16,primary_gpu_baseline,gpu-a100-80gb-4,320,Chansungs-MacBook-Pro-2.local,10,"fsdp=4,tp=1",projection_collective_loop,dense-synthetic,,0,/Users/deep-diver/Developers/TUNIX-TRY/01-CCE/data/mesh_pathology_dense_a100_torch/runs/exp0233_gpu-a100-80gb-4_torch_eager_projection_collective_loop_b16_L512_fsdp4_tp1_tc512_vc16384_fsdp4_tp1_tc512_vc16384_r0,20260616T031040Z,gpu-a100-80gb-4/torch_eager_projection_collective_loop,0,512,b16/L512,b16_L512_fsdp4_tp1_tc512_vc16384,2026-06-16T03:10:40+00:00,512,16,1,16384,16,262144,3,PyTorch eager projection matmul plus NCCL all-reduce.,torch_eager_projection_collective_loop,torch_microbench,/Users/deep-diver/Developers/TUNIX-TRY/01-CCE/data/mesh_pathology_dense_a100_torch/runs/exp0233_gpu-a100-80gb-4_torch_eager_projection_collective_loop_b16_L512_fsdp4_tp1_tc512_vc16384_fsdp4_tp1_tc512_vc16384_r0/xla,False
A100-80GB,gpu,exp0234_gpu-a100-80gb-4_torch_eager_projection_collective_loop_b16_L512_fsdp4_tp1_tc512_vc32768_fsdp4_tp1_tc512_vc32768_r0,,-1,512/32768,128,4,A100:4:80GB,eager,234,4,16,primary_gpu_baseline,gpu-a100-80gb-4,320,Chansungs-MacBook-Pro-2.local,10,"fsdp=4,tp=1",projection_collective_loop,dense-synthetic,,0,/Users/deep-diver/Developers/TUNIX-TRY/01-CCE/data/mesh_pathology_dense_a100_torch/runs/exp0234_gpu-a100-80gb-4_torch_eager_projection_collective_loop_b16_L512_fsdp4_tp1_tc512_vc32768_fsdp4_tp1_tc512_vc32768_r0,20260616T031040Z,gpu-a100-80gb-4/torch_eager_projection_collective_loop,0,512,b16/L512,b16_L512_fsdp4_tp1_tc512_vc32768,2026-06-16T03:10:40+00:00,512,16,1,32768,8,262144,3,PyTorch eager projection matmul plus NCCL all-reduce.,torch_eager_projection_collective_loop,torch_microbench,/Users/deep-diver/Developers/TUNIX-TRY/01-CCE/data/mesh_pathology_dense_a100_torch/runs/exp0234_gpu-a100-80gb-4_torch_eager_projection_collective_loop_b16_L512_fsdp4_tp1_tc512_vc32768_fsdp4_tp1_tc512_vc32768_r0/xla,False
A100-80GB,gpu,exp0235_gpu-a100-80gb-4_torch_eager_projection_collective_loop_b16_L512_fsdp4_tp1_tc512_vc65536_fsdp4_tp1_tc512_vc65536_r0,,-1,512/65536,64,4,A100:4:80GB,eager,235,4,16,primary_gpu_baseline,gpu-a100-80gb-4,320,Chansungs-MacBook-Pro-2.local,10,"fsdp=4,tp=1",projection_collective_loop,dense-synthetic,,0,/Users/deep-diver/Developers/TUNIX-TRY/01-CCE/data/mesh_pathology_dense_a100_torch/runs/exp0235_gpu-a100-80gb-4_torch_eager_projection_collective_loop_b16_L512_fsdp4_tp1_tc512_vc65536_fsdp4_tp1_tc512_vc65536_r0,20260616T031040Z,gpu-a100-80gb-4/torch_eager_projection_collective_loop,0,512,b16/L512,b16_L512_fsdp4_tp1_tc512_vc65536,2026-06-16T03:10:40+00:00,512,16,1,65536,4,262144,3,PyTorch eager projection matmul plus NCCL all-reduce.,torch_eager_projection_collective_loop,torch_microbench,/Users/deep-diver/Developers/TUNIX-TRY/01-CCE/data/mesh_pathology_dense_a100_torch/runs/exp0235_gpu-a100-80gb-4_torch_eager_projection_collective_loop_b16_L512_fsdp4_tp1_tc512_vc65536_fsdp4_tp1_tc512_vc65536_r0/xla,False
A100-80GB,gpu,exp0236_gpu-a100-80gb-4_torch_eager_projection_collective_loop_b16_L512_fsdp4_tp1_tc512_vc131072_fsdp4_tp1_tc512_vc131072_r0,,-1,512/131072,32,4,A100:4:80GB,eager,236,4,16,primary_gpu_baseline,gpu-a100-80gb-4,320,Chansungs-MacBook-Pro-2.local,10,"fsdp=4,tp=1",projection_collective_loop,dense-synthetic,,0,/Users/deep-diver/Developers/TUNIX-TRY/01-CCE/data/mesh_pathology_dense_a100_torch/runs/exp0236_gpu-a100-80gb-4_torch_eager_projection_collective_loop_b16_L512_fsdp4_tp1_tc512_vc131072_fsdp4_tp1_tc512_vc131072_r0,20260616T031040Z,gpu-a100-80gb-4/torch_eager_projection_collective_loop,0,512,b16/L512,b16_L512_fsdp4_tp1_tc512_vc131072,2026-06-16T03:10:40+00:00,512,16,1,131072,2,262144,3,PyTorch eager projection matmul plus NCCL all-reduce.,torch_eager_projection_collective_loop,torch_microbench,/Users/deep-diver/Developers/TUNIX-TRY/01-CCE/data/mesh_pathology_dense_a100_torch/runs/exp0236_gpu-a100-80gb-4_torch_eager_projection_collective_loop_b16_L512_fsdp4_tp1_tc512_vc131072_fsdp4_tp1_tc512_vc131072_r0/xla,False
A100-80GB,gpu,exp0237_gpu-a100-80gb-4_torch_eager_projection_collective_loop_b16_L512_fsdp4_tp1_tc512_vc262144_fsdp4_tp1_tc512_vc262144_r0,,-1,512/262144,16,4,A100:4:80GB,eager,237,4,16,primary_gpu_baseline,gpu-a100-80gb-4,320,Chansungs-MacBook-Pro-2.local,10,"fsdp=4,tp=1",projection_collective_loop,dense-synthetic,,0,/Users/deep-diver/Developers/TUNIX-TRY/01-CCE/data/mesh_pathology_dense_a100_torch/runs/exp0237_gpu-a100-80gb-4_torch_eager_projection_collective_loop_b16_L512_fsdp4_tp1_tc512_vc262144_fsdp4_tp1_tc512_vc262144_r0,20260616T031040Z,gpu-a100-80gb-4/torch_eager_projection_collective_loop,0,512,b16/L512,b16_L512_fsdp4_tp1_tc512_vc262144,2026-06-16T03:10:40+00:00,512,16,1,262144,1,262144,3,PyTorch eager projection matmul plus NCCL all-reduce.,torch_eager_projection_collective_loop,torch_microbench,/Users/deep-diver/Developers/TUNIX-TRY/01-CCE/data/mesh_pathology_dense_a100_torch/runs/exp0237_gpu-a100-80gb-4_torch_eager_projection_collective_loop_b16_L512_fsdp4_tp1_tc512_vc262144_fsdp4_tp1_tc512_vc262144_r0/xla,False
A100-80GB,gpu,exp0238_gpu-a100-80gb-4_torch_eager_projection_collective_loop_b16_L512_fsdp4_tp1_tc1024_vc4096_fsdp4_tp1_tc1024_vc4096_r0,,-1,1024/4096,512,4,A100:4:80GB,eager,238,4,16,primary_gpu_baseline,gpu-a100-80gb-4,320,Chansungs-MacBook-Pro-2.local,10,"fsdp=4,tp=1",projection_collective_loop,dense-synthetic,,0,/Users/deep-diver/Developers/TUNIX-TRY/01-CCE/data/mesh_pathology_dense_a100_torch/runs/exp0238_gpu-a100-80gb-4_torch_eager_projection_collective_loop_b16_L512_fsdp4_tp1_tc1024_vc4096_fsdp4_tp1_tc1024_vc4096_r0,20260616T031040Z,gpu-a100-80gb-4/torch_eager_projection_collective_loop,0,512,b16/L512,b16_L512_fsdp4_tp1_tc1024_vc4096,2026-06-16T03:10:40+00:00,1024,8,1,4096,64,262144,3,PyTorch eager projection matmul plus NCCL all-reduce.,torch_eager_projection_collective_loop,torch_microbench,/Users/deep-diver/Developers/TUNIX-TRY/01-CCE/data/mesh_pathology_dense_a100_torch/runs/exp0238_gpu-a100-80gb-4_torch_eager_projection_collective_loop_b16_L512_fsdp4_tp1_tc1024_vc4096_fsdp4_tp1_tc1024_vc4096_r0/xla,False
A100-80GB,gpu,exp0239_gpu-a100-80gb-4_torch_eager_projection_collective_loop_b16_L512_fsdp4_tp1_tc1024_vc8192_fsdp4_tp1_tc1024_vc8192_r0,,-1,1024/8192,256,4,A100:4:80GB,eager,239,4,16,primary_gpu_baseline,gpu-a100-80gb-4,320,Chansungs-MacBook-Pro-2.local,10,"fsdp=4,tp=1",projection_collective_loop,dense-synthetic,,0,/Users/deep-diver/Developers/TUNIX-TRY/01-CCE/data/mesh_pathology_dense_a100_torch/runs/exp0239_gpu-a100-80gb-4_torch_eager_projection_collective_loop_b16_L512_fsdp4_tp1_tc1024_vc8192_fsdp4_tp1_tc1024_vc8192_r0,20260616T031040Z,gpu-a100-80gb-4/torch_eager_projection_collective_loop,0,512,b16/L512,b16_L512_fsdp4_tp1_tc1024_vc8192,2026-06-16T03:10:40+00:00,1024,8,1,8192,32,262144,3,PyTorch eager projection matmul plus NCCL all-reduce.,torch_eager_projection_collective_loop,torch_microbench,/Users/deep-diver/Developers/TUNIX-TRY/01-CCE/data/mesh_pathology_dense_a100_torch/runs/exp0239_gpu-a100-80gb-4_torch_eager_projection_collective_loop_b16_L512_fsdp4_tp1_tc1024_vc8192_fsdp4_tp1_tc1024_vc8192_r0/xla,False
A100-80GB,gpu,exp0241_gpu-a100-80gb-4_torch_eager_projection_collective_loop_b16_L512_fsdp4_tp1_tc1024_vc32768_fsdp4_tp1_tc1024_vc32768_r0,,-1,1024/32768,64,4,A100:4:80GB,eager,241,4,16,primary_gpu_baseline,gpu-a100-80gb-4,320,Chansungs-MacBook-Pro-2.local,10,"fsdp=4,tp=1",projection_collective_loop,dense-synthetic,,0,/Users/deep-diver/Developers/TUNIX-TRY/01-CCE/data/mesh_pathology_dense_a100_torch/runs/exp0241_gpu-a100-80gb-4_torch_eager_projection_collective_loop_b16_L512_fsdp4_tp1_tc1024_vc32768_fsdp4_tp1_tc1024_vc32768_r0,20260616T031040Z,gpu-a100-80gb-4/torch_eager_projection_collective_loop,0,512,b16/L512,b16_L512_fsdp4_tp1_tc1024_vc32768,2026-06-16T03:10:40+00:00,1024,8,1,32768,8,262144,3,PyTorch eager projection matmul plus NCCL all-reduce.,torch_eager_projection_collective_loop,torch_microbench,/Users/deep-diver/Developers/TUNIX-TRY/01-CCE/data/mesh_pathology_dense_a100_torch/runs/exp0241_gpu-a100-80gb-4_torch_eager_projection_collective_loop_b16_L512_fsdp4_tp1_tc1024_vc32768_fsdp4_tp1_tc1024_vc32768_r0/xla,False
A100-80GB,gpu,exp0242_gpu-a100-80gb-4_torch_eager_projection_collective_loop_b16_L512_fsdp4_tp1_tc1024_vc65536_fsdp4_tp1_tc1024_vc65536_r0,,-1,1024/65536,32,4,A100:4:80GB,eager,242,4,16,primary_gpu_baseline,gpu-a100-80gb-4,320,Chansungs-MacBook-Pro-2.local,10,"fsdp=4,tp=1",projection_collective_loop,dense-synthetic,,0,/Users/deep-diver/Developers/TUNIX-TRY/01-CCE/data/mesh_pathology_dense_a100_torch/runs/exp0242_gpu-a100-80gb-4_torch_eager_projection_collective_loop_b16_L512_fsdp4_tp1_tc1024_vc65536_fsdp4_tp1_tc1024_vc65536_r0,20260616T031040Z,gpu-a100-80gb-4/torch_eager_projection_collective_loop,0,512,b16/L512,b16_L512_fsdp4_tp1_tc1024_vc65536,2026-06-16T03:10:40+00:00,1024,8,1,65536,4,262144,3,PyTorch eager projection matmul plus NCCL all-reduce.,torch_eager_projection_collective_loop,torch_microbench,/Users/deep-diver/Developers/TUNIX-TRY/01-CCE/data/mesh_pathology_dense_a100_torch/runs/exp0242_gpu-a100-80gb-4_torch_eager_projection_collective_loop_b16_L512_fsdp4_tp1_tc1024_vc65536_fsdp4_tp1_tc1024_vc65536_r0/xla,False
A100-80GB,gpu,exp0243_gpu-a100-80gb-4_torch_eager_projection_collective_loop_b16_L512_fsdp4_tp1_tc1024_vc131072_fsdp4_tp1_tc1024_vc131072_r0,,-1,1024/131072,16,4,A100:4:80GB,eager,243,4,16,primary_gpu_baseline,gpu-a100-80gb-4,320,Chansungs-MacBook-Pro-2.local,10,"fsdp=4,tp=1",projection_collective_loop,dense-synthetic,,0,/Users/deep-diver/Developers/TUNIX-TRY/01-CCE/data/mesh_pathology_dense_a100_torch/runs/exp0243_gpu-a100-80gb-4_torch_eager_projection_collective_loop_b16_L512_fsdp4_tp1_tc1024_vc131072_fsdp4_tp1_tc1024_vc131072_r0,20260616T031040Z,gpu-a100-80gb-4/torch_eager_projection_collective_loop,0,512,b16/L512,b16_L512_fsdp4_tp1_tc1024_vc131072,2026-06-16T03:10:40+00:00,1024,8,1,131072,2,262144,3,PyTorch eager projection matmul plus NCCL all-reduce.,torch_eager_projection_collective_loop,torch_microbench,/Users/deep-diver/Developers/TUNIX-TRY/01-CCE/data/mesh_pathology_dense_a100_torch/runs/exp0243_gpu-a100-80gb-4_torch_eager_projection_collective_loop_b16_L512_fsdp4_tp1_tc1024_vc131072_fsdp4_tp1_tc1024_vc131072_r0/xla,False
A100-80GB,gpu,exp0244_gpu-a100-80gb-4_torch_eager_projection_collective_loop_b16_L512_fsdp4_tp1_tc1024_vc262144_fsdp4_tp1_tc1024_vc262144_r0,,-1,1024/262144,8,4,A100:4:80GB,eager,244,4,16,primary_gpu_baseline,gpu-a100-80gb-4,320,Chansungs-MacBook-Pro-2.local,10,"fsdp=4,tp=1",projection_collective_loop,dense-synthetic,,0,/Users/deep-diver/Developers/TUNIX-TRY/01-CCE/data/mesh_pathology_dense_a100_torch/runs/exp0244_gpu-a100-80gb-4_torch_eager_projection_collective_loop_b16_L512_fsdp4_tp1_tc1024_vc262144_fsdp4_tp1_tc1024_vc262144_r0,20260616T031040Z,gpu-a100-80gb-4/torch_eager_projection_collective_loop,0,512,b16/L512,b16_L512_fsdp4_tp1_tc1024_vc262144,2026-06-16T03:10:40+00:00,1024,8,1,262144,1,262144,3,PyTorch eager projection matmul plus NCCL all-reduce.,torch_eager_projection_collective_loop,torch_microbench,/Users/deep-diver/Developers/TUNIX-TRY/01-CCE/data/mesh_pathology_dense_a100_torch/runs/exp0244_gpu-a100-80gb-4_torch_eager_projection_collective_loop_b16_L512_fsdp4_tp1_tc1024_vc262144_fsdp4_tp1_tc1024_vc262144_r0/xla,False
A100-80GB,gpu,exp0245_gpu-a100-80gb-4_torch_eager_projection_collective_loop_b16_L512_fsdp2_tp2_tc64_vc4096_fsdp2_tp2_tc64_vc4096_r0,,-1,64/4096,8192,4,A100:4:80GB,eager,245,2,16,primary_gpu_baseline,gpu-a100-80gb-4,320,Chansungs-MacBook-Pro-2.local,10,"fsdp=2,tp=2",projection_collective_loop,dense-synthetic,,0,/Users/deep-diver/Developers/TUNIX-TRY/01-CCE/data/mesh_pathology_dense_a100_torch/runs/exp0245_gpu-a100-80gb-4_torch_eager_projection_collective_loop_b16_L512_fsdp2_tp2_tc64_vc4096_fsdp2_tp2_tc64_vc4096_r0,20260616T031040Z,gpu-a100-80gb-4/torch_eager_projection_collective_loop,0,512,b16/L512,b16_L512_fsdp2_tp2_tc64_vc4096,2026-06-16T03:10:40+00:00,64,128,2,4096,64,262144,3,PyTorch eager projection matmul plus NCCL all-reduce.,torch_eager_projection_collective_loop,torch_microbench,/Users/deep-diver/Developers/TUNIX-TRY/01-CCE/data/mesh_pathology_dense_a100_torch/runs/exp0245_gpu-a100-80gb-4_torch_eager_projection_collective_loop_b16_L512_fsdp2_tp2_tc64_vc4096_fsdp2_tp2_tc64_vc4096_r0/xla,False
A100-80GB,gpu,exp0246_gpu-a100-80gb-4_torch_eager_projection_collective_loop_b16_L512_fsdp2_tp2_tc64_vc8192_fsdp2_tp2_tc64_vc8192_r0,,-1,64/8192,4096,4,A100:4:80GB,eager,246,2,16,primary_gpu_baseline,gpu-a100-80gb-4,320,Chansungs-MacBook-Pro-2.local,10,"fsdp=2,tp=2",projection_collective_loop,dense-synthetic,,0,/Users/deep-diver/Developers/TUNIX-TRY/01-CCE/data/mesh_pathology_dense_a100_torch/runs/exp0246_gpu-a100-80gb-4_torch_eager_projection_collective_loop_b16_L512_fsdp2_tp2_tc64_vc8192_fsdp2_tp2_tc64_vc8192_r0,20260616T031040Z,gpu-a100-80gb-4/torch_eager_projection_collective_loop,0,512,b16/L512,b16_L512_fsdp2_tp2_tc64_vc8192,2026-06-16T03:10:40+00:00,64,128,2,8192,32,262144,3,PyTorch eager projection matmul plus NCCL all-reduce.,torch_eager_projection_collective_loop,torch_microbench,/Users/deep-diver/Developers/TUNIX-TRY/01-CCE/data/mesh_pathology_dense_a100_torch/runs/exp0246_gpu-a100-80gb-4_torch_eager_projection_collective_loop_b16_L512_fsdp2_tp2_tc64_vc8192_fsdp2_tp2_tc64_vc8192_r0/xla,False
A100-80GB,gpu,exp0247_gpu-a100-80gb-4_torch_eager_projection_collective_loop_b16_L512_fsdp2_tp2_tc64_vc16384_fsdp2_tp2_tc64_vc16384_r0,,-1,64/16384,2048,4,A100:4:80GB,eager,247,2,16,primary_gpu_baseline,gpu-a100-80gb-4,320,Chansungs-MacBook-Pro-2.local,10,"fsdp=2,tp=2",projection_collective_loop,dense-synthetic,,0,/Users/deep-diver/Developers/TUNIX-TRY/01-CCE/data/mesh_pathology_dense_a100_torch/runs/exp0247_gpu-a100-80gb-4_torch_eager_projection_collective_loop_b16_L512_fsdp2_tp2_tc64_vc16384_fsdp2_tp2_tc64_vc16384_r0,20260616T031040Z,gpu-a100-80gb-4/torch_eager_projection_collective_loop,0,512,b16/L512,b16_L512_fsdp2_tp2_tc64_vc16384,2026-06-16T03:10:40+00:00,64,128,2,16384,16,262144,3,PyTorch eager projection matmul plus NCCL all-reduce.,torch_eager_projection_collective_loop,torch_microbench,/Users/deep-diver/Developers/TUNIX-TRY/01-CCE/data/mesh_pathology_dense_a100_torch/runs/exp0247_gpu-a100-80gb-4_torch_eager_projection_collective_loop_b16_L512_fsdp2_tp2_tc64_vc16384_fsdp2_tp2_tc64_vc16384_r0/xla,False
A100-80GB,gpu,exp0249_gpu-a100-80gb-4_torch_eager_projection_collective_loop_b16_L512_fsdp2_tp2_tc64_vc65536_fsdp2_tp2_tc64_vc65536_r0,,-1,64/65536,512,4,A100:4:80GB,eager,249,2,16,primary_gpu_baseline,gpu-a100-80gb-4,320,Chansungs-MacBook-Pro-2.local,10,"fsdp=2,tp=2",projection_collective_loop,dense-synthetic,,0,/Users/deep-diver/Developers/TUNIX-TRY/01-CCE/data/mesh_pathology_dense_a100_torch/runs/exp0249_gpu-a100-80gb-4_torch_eager_projection_collective_loop_b16_L512_fsdp2_tp2_tc64_vc65536_fsdp2_tp2_tc64_vc65536_r0,20260616T031040Z,gpu-a100-80gb-4/torch_eager_projection_collective_loop,0,512,b16/L512,b16_L512_fsdp2_tp2_tc64_vc65536,2026-06-16T03:10:40+00:00,64,128,2,65536,4,262144,3,PyTorch eager projection matmul plus NCCL all-reduce.,torch_eager_projection_collective_loop,torch_microbench,/Users/deep-diver/Developers/TUNIX-TRY/01-CCE/data/mesh_pathology_dense_a100_torch/runs/exp0249_gpu-a100-80gb-4_torch_eager_projection_collective_loop_b16_L512_fsdp2_tp2_tc64_vc65536_fsdp2_tp2_tc64_vc65536_r0/xla,False
A100-80GB,gpu,exp0250_gpu-a100-80gb-4_torch_eager_projection_collective_loop_b16_L512_fsdp2_tp2_tc64_vc131072_fsdp2_tp2_tc64_vc131072_r0,,-1,64/131072,256,4,A100:4:80GB,eager,250,2,16,primary_gpu_baseline,gpu-a100-80gb-4,320,Chansungs-MacBook-Pro-2.local,10,"fsdp=2,tp=2",projection_collective_loop,dense-synthetic,,0,/Users/deep-diver/Developers/TUNIX-TRY/01-CCE/data/mesh_pathology_dense_a100_torch/runs/exp0250_gpu-a100-80gb-4_torch_eager_projection_collective_loop_b16_L512_fsdp2_tp2_tc64_vc131072_fsdp2_tp2_tc64_vc131072_r0,20260616T031040Z,gpu-a100-80gb-4/torch_eager_projection_collective_loop,0,512,b16/L512,b16_L512_fsdp2_tp2_tc64_vc131072,2026-06-16T03:10:40+00:00,64,128,2,131072,2,262144,3,PyTorch eager projection matmul plus NCCL all-reduce.,torch_eager_projection_collective_loop,torch_microbench,/Users/deep-diver/Developers/TUNIX-TRY/01-CCE/data/mesh_pathology_dense_a100_torch/runs/exp0250_gpu-a100-80gb-4_torch_eager_projection_collective_loop_b16_L512_fsdp2_tp2_tc64_vc131072_fsdp2_tp2_tc64_vc131072_r0/xla,False
A100-80GB,gpu,exp0251_gpu-a100-80gb-4_torch_eager_projection_collective_loop_b16_L512_fsdp2_tp2_tc64_vc262144_fsdp2_tp2_tc64_vc262144_r0,,-1,64/262144,128,4,A100:4:80GB,eager,251,2,16,primary_gpu_baseline,gpu-a100-80gb-4,320,Chansungs-MacBook-Pro-2.local,10,"fsdp=2,tp=2",projection_collective_loop,dense-synthetic,,0,/Users/deep-diver/Developers/TUNIX-TRY/01-CCE/data/mesh_pathology_dense_a100_torch/runs/exp0251_gpu-a100-80gb-4_torch_eager_projection_collective_loop_b16_L512_fsdp2_tp2_tc64_vc262144_fsdp2_tp2_tc64_vc262144_r0,20260616T031040Z,gpu-a100-80gb-4/torch_eager_projection_collective_loop,0,512,b16/L512,b16_L512_fsdp2_tp2_tc64_vc262144,2026-06-16T03:10:40+00:00,64,128,2,262144,1,262144,3,PyTorch eager projection matmul plus NCCL all-reduce.,torch_eager_projection_collective_loop,torch_microbench,/Users/deep-diver/Developers/TUNIX-TRY/01-CCE/data/mesh_pathology_dense_a100_torch/runs/exp0251_gpu-a100-80gb-4_torch_eager_projection_collective_loop_b16_L512_fsdp2_tp2_tc64_vc262144_fsdp2_tp2_tc64_vc262144_r0/xla,False
A100-80GB,gpu,exp0252_gpu-a100-80gb-4_torch_eager_projection_collective_loop_b16_L512_fsdp2_tp2_tc128_vc4096_fsdp2_tp2_tc128_vc4096_r0,,-1,128/4096,4096,4,A100:4:80GB,eager,252,2,16,primary_gpu_baseline,gpu-a100-80gb-4,320,Chansungs-MacBook-Pro-2.local,10,"fsdp=2,tp=2",projection_collective_loop,dense-synthetic,,0,/Users/deep-diver/Developers/TUNIX-TRY/01-CCE/data/mesh_pathology_dense_a100_torch/runs/exp0252_gpu-a100-80gb-4_torch_eager_projection_collective_loop_b16_L512_fsdp2_tp2_tc128_vc4096_fsdp2_tp2_tc128_vc4096_r0,20260616T031040Z,gpu-a100-80gb-4/torch_eager_projection_collective_loop,0,512,b16/L512,b16_L512_fsdp2_tp2_tc128_vc4096,2026-06-16T03:10:40+00:00,128,64,2,4096,64,262144,3,PyTorch eager projection matmul plus NCCL all-reduce.,torch_eager_projection_collective_loop,torch_microbench,/Users/deep-diver/Developers/TUNIX-TRY/01-CCE/data/mesh_pathology_dense_a100_torch/runs/exp0252_gpu-a100-80gb-4_torch_eager_projection_collective_loop_b16_L512_fsdp2_tp2_tc128_vc4096_fsdp2_tp2_tc128_vc4096_r0/xla,False
A100-80GB,gpu,exp0253_gpu-a100-80gb-4_torch_eager_projection_collective_loop_b16_L512_fsdp2_tp2_tc128_vc8192_fsdp2_tp2_tc128_vc8192_r0,,-1,128/8192,2048,4,A100:4:80GB,eager,253,2,16,primary_gpu_baseline,gpu-a100-80gb-4,320,Chansungs-MacBook-Pro-2.local,10,"fsdp=2,tp=2",projection_collective_loop,dense-synthetic,,0,/Users/deep-diver/Developers/TUNIX-TRY/01-CCE/data/mesh_pathology_dense_a100_torch/runs/exp0253_gpu-a100-80gb-4_torch_eager_projection_collective_loop_b16_L512_fsdp2_tp2_tc128_vc8192_fsdp2_tp2_tc128_vc8192_r0,20260616T031040Z,gpu-a100-80gb-4/torch_eager_projection_collective_loop,0,512,b16/L512,b16_L512_fsdp2_tp2_tc128_vc8192,2026-06-16T03:10:40+00:00,128,64,2,8192,32,262144,3,PyTorch eager projection matmul plus NCCL all-reduce.,torch_eager_projection_collective_loop,torch_microbench,/Users/deep-diver/Developers/TUNIX-TRY/01-CCE/data/mesh_pathology_dense_a100_torch/runs/exp0253_gpu-a100-80gb-4_torch_eager_projection_collective_loop_b16_L512_fsdp2_tp2_tc128_vc8192_fsdp2_tp2_tc128_vc8192_r0/xla,False
A100-80GB,gpu,exp0254_gpu-a100-80gb-4_torch_eager_projection_collective_loop_b16_L512_fsdp2_tp2_tc128_vc16384_fsdp2_tp2_tc128_vc16384_r0,,-1,128/16384,1024,4,A100:4:80GB,eager,254,2,16,primary_gpu_baseline,gpu-a100-80gb-4,320,Chansungs-MacBook-Pro-2.local,10,"fsdp=2,tp=2",projection_collective_loop,dense-synthetic,,0,/Users/deep-diver/Developers/TUNIX-TRY/01-CCE/data/mesh_pathology_dense_a100_torch/runs/exp0254_gpu-a100-80gb-4_torch_eager_projection_collective_loop_b16_L512_fsdp2_tp2_tc128_vc16384_fsdp2_tp2_tc128_vc16384_r0,20260616T031040Z,gpu-a100-80gb-4/torch_eager_projection_collective_loop,0,512,b16/L512,b16_L512_fsdp2_tp2_tc128_vc16384,2026-06-16T03:10:40+00:00,128,64,2,16384,16,262144,3,PyTorch eager projection matmul plus NCCL all-reduce.,torch_eager_projection_collective_loop,torch_microbench,/Users/deep-diver/Developers/TUNIX-TRY/01-CCE/data/mesh_pathology_dense_a100_torch/runs/exp0254_gpu-a100-80gb-4_torch_eager_projection_collective_loop_b16_L512_fsdp2_tp2_tc128_vc16384_fsdp2_tp2_tc128_vc16384_r0/xla,False
A100-80GB,gpu,exp0255_gpu-a100-80gb-4_torch_eager_projection_collective_loop_b16_L512_fsdp2_tp2_tc128_vc32768_fsdp2_tp2_tc128_vc32768_r0,,-1,128/32768,512,4,A100:4:80GB,eager,255,2,16,primary_gpu_baseline,gpu-a100-80gb-4,320,Chansungs-MacBook-Pro-2.local,10,"fsdp=2,tp=2",projection_collective_loop,dense-synthetic,,0,/Users/deep-diver/Developers/TUNIX-TRY/01-CCE/data/mesh_pathology_dense_a100_torch/runs/exp0255_gpu-a100-80gb-4_torch_eager_projection_collective_loop_b16_L512_fsdp2_tp2_tc128_vc32768_fsdp2_tp2_tc128_vc32768_r0,20260616T031040Z,gpu-a100-80gb-4/torch_eager_projection_collective_loop,0,512,b16/L512,b16_L512_fsdp2_tp2_tc128_vc32768,2026-06-16T03:10:40+00:00,128,64,2,32768,8,262144,3,PyTorch eager projection matmul plus NCCL all-reduce.,torch_eager_projection_collective_loop,torch_microbench,/Users/deep-diver/Developers/TUNIX-TRY/01-CCE/data/mesh_pathology_dense_a100_torch/runs/exp0255_gpu-a100-80gb-4_torch_eager_projection_collective_loop_b16_L512_fsdp2_tp2_tc128_vc32768_fsdp2_tp2_tc128_vc32768_r0/xla,False
A100-80GB,gpu,exp0257_gpu-a100-80gb-4_torch_eager_projection_collective_loop_b16_L512_fsdp2_tp2_tc128_vc131072_fsdp2_tp2_tc128_vc131072_r0,,-1,128/131072,128,4,A100:4:80GB,eager,257,2,16,primary_gpu_baseline,gpu-a100-80gb-4,320,Chansungs-MacBook-Pro-2.local,10,"fsdp=2,tp=2",projection_collective_loop,dense-synthetic,,0,/Users/deep-diver/Developers/TUNIX-TRY/01-CCE/data/mesh_pathology_dense_a100_torch/runs/exp0257_gpu-a100-80gb-4_torch_eager_projection_collective_loop_b16_L512_fsdp2_tp2_tc128_vc131072_fsdp2_tp2_tc128_vc131072_r0,20260616T031040Z,gpu-a100-80gb-4/torch_eager_projection_collective_loop,0,512,b16/L512,b16_L512_fsdp2_tp2_tc128_vc131072,2026-06-16T03:10:40+00:00,128,64,2,131072,2,262144,3,PyTorch eager projection matmul plus NCCL all-reduce.,torch_eager_projection_collective_loop,torch_microbench,/Users/deep-diver/Developers/TUNIX-TRY/01-CCE/data/mesh_pathology_dense_a100_torch/runs/exp0257_gpu-a100-80gb-4_torch_eager_projection_collective_loop_b16_L512_fsdp2_tp2_tc128_vc131072_fsdp2_tp2_tc128_vc131072_r0/xla,False
A100-80GB,gpu,exp0258_gpu-a100-80gb-4_torch_eager_projection_collective_loop_b16_L512_fsdp2_tp2_tc128_vc262144_fsdp2_tp2_tc128_vc262144_r0,,-1,128/262144,64,4,A100:4:80GB,eager,258,2,16,primary_gpu_baseline,gpu-a100-80gb-4,320,Chansungs-MacBook-Pro-2.local,10,"fsdp=2,tp=2",projection_collective_loop,dense-synthetic,,0,/Users/deep-diver/Developers/TUNIX-TRY/01-CCE/data/mesh_pathology_dense_a100_torch/runs/exp0258_gpu-a100-80gb-4_torch_eager_projection_collective_loop_b16_L512_fsdp2_tp2_tc128_vc262144_fsdp2_tp2_tc128_vc262144_r0,20260616T031040Z,gpu-a100-80gb-4/torch_eager_projection_collective_loop,0,512,b16/L512,b16_L512_fsdp2_tp2_tc128_vc262144,2026-06-16T03:10:40+00:00,128,64,2,262144,1,262144,3,PyTorch eager projection matmul plus NCCL all-reduce.,torch_eager_projection_collective_loop,torch_microbench,/Users/deep-diver/Developers/TUNIX-TRY/01-CCE/data/mesh_pathology_dense_a100_torch/runs/exp0258_gpu-a100-80gb-4_torch_eager_projection_collective_loop_b16_L512_fsdp2_tp2_tc128_vc262144_fsdp2_tp2_tc128_vc262144_r0/xla,False
A100-80GB,gpu,exp0259_gpu-a100-80gb-4_torch_eager_projection_collective_loop_b16_L512_fsdp2_tp2_tc256_vc4096_fsdp2_tp2_tc256_vc4096_r0,,-1,256/4096,2048,4,A100:4:80GB,eager,259,2,16,primary_gpu_baseline,gpu-a100-80gb-4,320,Chansungs-MacBook-Pro-2.local,10,"fsdp=2,tp=2",projection_collective_loop,dense-synthetic,,0,/Users/deep-diver/Developers/TUNIX-TRY/01-CCE/data/mesh_pathology_dense_a100_torch/runs/exp0259_gpu-a100-80gb-4_torch_eager_projection_collective_loop_b16_L512_fsdp2_tp2_tc256_vc4096_fsdp2_tp2_tc256_vc4096_r0,20260616T031040Z,gpu-a100-80gb-4/torch_eager_projection_collective_loop,0,512,b16/L512,b16_L512_fsdp2_tp2_tc256_vc4096,2026-06-16T03:10:40+00:00,256,32,2,4096,64,262144,3,PyTorch eager projection matmul plus NCCL all-reduce.,torch_eager_projection_collective_loop,torch_microbench,/Users/deep-diver/Developers/TUNIX-TRY/01-CCE/data/mesh_pathology_dense_a100_torch/runs/exp0259_gpu-a100-80gb-4_torch_eager_projection_collective_loop_b16_L512_fsdp2_tp2_tc256_vc4096_fsdp2_tp2_tc256_vc4096_r0/xla,False
A100-80GB,gpu,exp0260_gpu-a100-80gb-4_torch_eager_projection_collective_loop_b16_L512_fsdp2_tp2_tc256_vc8192_fsdp2_tp2_tc256_vc8192_r0,,-1,256/8192,1024,4,A100:4:80GB,eager,260,2,16,primary_gpu_baseline,gpu-a100-80gb-4,320,Chansungs-MacBook-Pro-2.local,10,"fsdp=2,tp=2",projection_collective_loop,dense-synthetic,,0,/Users/deep-diver/Developers/TUNIX-TRY/01-CCE/data/mesh_pathology_dense_a100_torch/runs/exp0260_gpu-a100-80gb-4_torch_eager_projection_collective_loop_b16_L512_fsdp2_tp2_tc256_vc8192_fsdp2_tp2_tc256_vc8192_r0,20260616T031040Z,gpu-a100-80gb-4/torch_eager_projection_collective_loop,0,512,b16/L512,b16_L512_fsdp2_tp2_tc256_vc8192,2026-06-16T03:10:40+00:00,256,32,2,8192,32,262144,3,PyTorch eager projection matmul plus NCCL all-reduce.,torch_eager_projection_collective_loop,torch_microbench,/Users/deep-diver/Developers/TUNIX-TRY/01-CCE/data/mesh_pathology_dense_a100_torch/runs/exp0260_gpu-a100-80gb-4_torch_eager_projection_collective_loop_b16_L512_fsdp2_tp2_tc256_vc8192_fsdp2_tp2_tc256_vc8192_r0/xla,False
A100-80GB,gpu,exp0261_gpu-a100-80gb-4_torch_eager_projection_collective_loop_b16_L512_fsdp2_tp2_tc256_vc16384_fsdp2_tp2_tc256_vc16384_r0,,-1,256/16384,512,4,A100:4:80GB,eager,261,2,16,primary_gpu_baseline,gpu-a100-80gb-4,320,Chansungs-MacBook-Pro-2.local,10,"fsdp=2,tp=2",projection_collective_loop,dense-synthetic,,0,/Users/deep-diver/Developers/TUNIX-TRY/01-CCE/data/mesh_pathology_dense_a100_torch/runs/exp0261_gpu-a100-80gb-4_torch_eager_projection_collective_loop_b16_L512_fsdp2_tp2_tc256_vc16384_fsdp2_tp2_tc256_vc16384_r0,20260616T031040Z,gpu-a100-80gb-4/torch_eager_projection_collective_loop,0,512,b16/L512,b16_L512_fsdp2_tp2_tc256_vc16384,2026-06-16T03:10:40+00:00,256,32,2,16384,16,262144,3,PyTorch eager projection matmul plus NCCL all-reduce.,torch_eager_projection_collective_loop,torch_microbench,/Users/deep-diver/Developers/TUNIX-TRY/01-CCE/data/mesh_pathology_dense_a100_torch/runs/exp0261_gpu-a100-80gb-4_torch_eager_projection_collective_loop_b16_L512_fsdp2_tp2_tc256_vc16384_fsdp2_tp2_tc256_vc16384_r0/xla,False
A100-80GB,gpu,exp0262_gpu-a100-80gb-4_torch_eager_projection_collective_loop_b16_L512_fsdp2_tp2_tc256_vc32768_fsdp2_tp2_tc256_vc32768_r0,,-1,256/32768,256,4,A100:4:80GB,eager,262,2,16,primary_gpu_baseline,gpu-a100-80gb-4,320,Chansungs-MacBook-Pro-2.local,10,"fsdp=2,tp=2",projection_collective_loop,dense-synthetic,,0,/Users/deep-diver/Developers/TUNIX-TRY/01-CCE/data/mesh_pathology_dense_a100_torch/runs/exp0262_gpu-a100-80gb-4_torch_eager_projection_collective_loop_b16_L512_fsdp2_tp2_tc256_vc32768_fsdp2_tp2_tc256_vc32768_r0,20260616T031040Z,gpu-a100-80gb-4/torch_eager_projection_collective_loop,0,512,b16/L512,b16_L512_fsdp2_tp2_tc256_vc32768,2026-06-16T03:10:40+00:00,256,32,2,32768,8,262144,3,PyTorch eager projection matmul plus NCCL all-reduce.,torch_eager_projection_collective_loop,torch_microbench,/Users/deep-diver/Developers/TUNIX-TRY/01-CCE/data/mesh_pathology_dense_a100_torch/runs/exp0262_gpu-a100-80gb-4_torch_eager_projection_collective_loop_b16_L512_fsdp2_tp2_tc256_vc32768_fsdp2_tp2_tc256_vc32768_r0/xla,False
A100-80GB,gpu,exp0263_gpu-a100-80gb-4_torch_eager_projection_collective_loop_b16_L512_fsdp2_tp2_tc256_vc65536_fsdp2_tp2_tc256_vc65536_r0,,-1,256/65536,128,4,A100:4:80GB,eager,263,2,16,primary_gpu_baseline,gpu-a100-80gb-4,320,Chansungs-MacBook-Pro-2.local,10,"fsdp=2,tp=2",projection_collective_loop,dense-synthetic,,0,/Users/deep-diver/Developers/TUNIX-TRY/01-CCE/data/mesh_pathology_dense_a100_torch/runs/exp0263_gpu-a100-80gb-4_torch_eager_projection_collective_loop_b16_L512_fsdp2_tp2_tc256_vc65536_fsdp2_tp2_tc256_vc65536_r0,20260616T031040Z,gpu-a100-80gb-4/torch_eager_projection_collective_loop,0,512,b16/L512,b16_L512_fsdp2_tp2_tc256_vc65536,2026-06-16T03:10:40+00:00,256,32,2,65536,4,262144,3,PyTorch eager projection matmul plus NCCL all-reduce.,torch_eager_projection_collective_loop,torch_microbench,/Users/deep-diver/Developers/TUNIX-TRY/01-CCE/data/mesh_pathology_dense_a100_torch/runs/exp0263_gpu-a100-80gb-4_torch_eager_projection_collective_loop_b16_L512_fsdp2_tp2_tc256_vc65536_fsdp2_tp2_tc256_vc65536_r0/xla,False
A100-80GB,gpu,exp0265_gpu-a100-80gb-4_torch_eager_projection_collective_loop_b16_L512_fsdp2_tp2_tc256_vc262144_fsdp2_tp2_tc256_vc262144_r0,,-1,256/262144,32,4,A100:4:80GB,eager,265,2,16,primary_gpu_baseline,gpu-a100-80gb-4,320,Chansungs-MacBook-Pro-2.local,10,"fsdp=2,tp=2",projection_collective_loop,dense-synthetic,,0,/Users/deep-diver/Developers/TUNIX-TRY/01-CCE/data/mesh_pathology_dense_a100_torch/runs/exp0265_gpu-a100-80gb-4_torch_eager_projection_collective_loop_b16_L512_fsdp2_tp2_tc256_vc262144_fsdp2_tp2_tc256_vc262144_r0,20260616T031040Z,gpu-a100-80gb-4/torch_eager_projection_collective_loop,0,512,b16/L512,b16_L512_fsdp2_tp2_tc256_vc262144,2026-06-16T03:10:40+00:00,256,32,2,262144,1,262144,3,PyTorch eager projection matmul plus NCCL all-reduce.,torch_eager_projection_collective_loop,torch_microbench,/Users/deep-diver/Developers/TUNIX-TRY/01-CCE/data/mesh_pathology_dense_a100_torch/runs/exp0265_gpu-a100-80gb-4_torch_eager_projection_collective_loop_b16_L512_fsdp2_tp2_tc256_vc262144_fsdp2_tp2_tc256_vc262144_r0/xla,False
A100-80GB,gpu,exp0266_gpu-a100-80gb-4_torch_eager_projection_collective_loop_b16_L512_fsdp2_tp2_tc512_vc4096_fsdp2_tp2_tc512_vc4096_r0,,-1,512/4096,1024,4,A100:4:80GB,eager,266,2,16,primary_gpu_baseline,gpu-a100-80gb-4,320,Chansungs-MacBook-Pro-2.local,10,"fsdp=2,tp=2",projection_collective_loop,dense-synthetic,,0,/Users/deep-diver/Developers/TUNIX-TRY/01-CCE/data/mesh_pathology_dense_a100_torch/runs/exp0266_gpu-a100-80gb-4_torch_eager_projection_collective_loop_b16_L512_fsdp2_tp2_tc512_vc4096_fsdp2_tp2_tc512_vc4096_r0,20260616T031040Z,gpu-a100-80gb-4/torch_eager_projection_collective_loop,0,512,b16/L512,b16_L512_fsdp2_tp2_tc512_vc4096,2026-06-16T03:10:40+00:00,512,16,2,4096,64,262144,3,PyTorch eager projection matmul plus NCCL all-reduce.,torch_eager_projection_collective_loop,torch_microbench,/Users/deep-diver/Developers/TUNIX-TRY/01-CCE/data/mesh_pathology_dense_a100_torch/runs/exp0266_gpu-a100-80gb-4_torch_eager_projection_collective_loop_b16_L512_fsdp2_tp2_tc512_vc4096_fsdp2_tp2_tc512_vc4096_r0/xla,False
A100-80GB,gpu,exp0267_gpu-a100-80gb-4_torch_eager_projection_collective_loop_b16_L512_fsdp2_tp2_tc512_vc8192_fsdp2_tp2_tc512_vc8192_r0,,-1,512/8192,512,4,A100:4:80GB,eager,267,2,16,primary_gpu_baseline,gpu-a100-80gb-4,320,Chansungs-MacBook-Pro-2.local,10,"fsdp=2,tp=2",projection_collective_loop,dense-synthetic,,0,/Users/deep-diver/Developers/TUNIX-TRY/01-CCE/data/mesh_pathology_dense_a100_torch/runs/exp0267_gpu-a100-80gb-4_torch_eager_projection_collective_loop_b16_L512_fsdp2_tp2_tc512_vc8192_fsdp2_tp2_tc512_vc8192_r0,20260616T031040Z,gpu-a100-80gb-4/torch_eager_projection_collective_loop,0,512,b16/L512,b16_L512_fsdp2_tp2_tc512_vc8192,2026-06-16T03:10:40+00:00,512,16,2,8192,32,262144,3,PyTorch eager projection matmul plus NCCL all-reduce.,torch_eager_projection_collective_loop,torch_microbench,/Users/deep-diver/Developers/TUNIX-TRY/01-CCE/data/mesh_pathology_dense_a100_torch/runs/exp0267_gpu-a100-80gb-4_torch_eager_projection_collective_loop_b16_L512_fsdp2_tp2_tc512_vc8192_fsdp2_tp2_tc512_vc8192_r0/xla,False
A100-80GB,gpu,exp0268_gpu-a100-80gb-4_torch_eager_projection_collective_loop_b16_L512_fsdp2_tp2_tc512_vc16384_fsdp2_tp2_tc512_vc16384_r0,,-1,512/16384,256,4,A100:4:80GB,eager,268,2,16,primary_gpu_baseline,gpu-a100-80gb-4,320,Chansungs-MacBook-Pro-2.local,10,"fsdp=2,tp=2",projection_collective_loop,dense-synthetic,,0,/Users/deep-diver/Developers/TUNIX-TRY/01-CCE/data/mesh_pathology_dense_a100_torch/runs/exp0268_gpu-a100-80gb-4_torch_eager_projection_collective_loop_b16_L512_fsdp2_tp2_tc512_vc16384_fsdp2_tp2_tc512_vc16384_r0,20260616T031040Z,gpu-a100-80gb-4/torch_eager_projection_collective_loop,0,512,b16/L512,b16_L512_fsdp2_tp2_tc512_vc16384,2026-06-16T03:10:40+00:00,512,16,2,16384,16,262144,3,PyTorch eager projection matmul plus NCCL all-reduce.,torch_eager_projection_collective_loop,torch_microbench,/Users/deep-diver/Developers/TUNIX-TRY/01-CCE/data/mesh_pathology_dense_a100_torch/runs/exp0268_gpu-a100-80gb-4_torch_eager_projection_collective_loop_b16_L512_fsdp2_tp2_tc512_vc16384_fsdp2_tp2_tc512_vc16384_r0/xla,False
A100-80GB,gpu,exp0269_gpu-a100-80gb-4_torch_eager_projection_collective_loop_b16_L512_fsdp2_tp2_tc512_vc32768_fsdp2_tp2_tc512_vc32768_r0,,-1,512/32768,128,4,A100:4:80GB,eager,269,2,16,primary_gpu_baseline,gpu-a100-80gb-4,320,Chansungs-MacBook-Pro-2.local,10,"fsdp=2,tp=2",projection_collective_loop,dense-synthetic,,0,/Users/deep-diver/Developers/TUNIX-TRY/01-CCE/data/mesh_pathology_dense_a100_torch/runs/exp0269_gpu-a100-80gb-4_torch_eager_projection_collective_loop_b16_L512_fsdp2_tp2_tc512_vc32768_fsdp2_tp2_tc512_vc32768_r0,20260616T031040Z,gpu-a100-80gb-4/torch_eager_projection_collective_loop,0,512,b16/L512,b16_L512_fsdp2_tp2_tc512_vc32768,2026-06-16T03:10:40+00:00,512,16,2,32768,8,262144,3,PyTorch eager projection matmul plus NCCL all-reduce.,torch_eager_projection_collective_loop,torch_microbench,/Users/deep-diver/Developers/TUNIX-TRY/01-CCE/data/mesh_pathology_dense_a100_torch/runs/exp0269_gpu-a100-80gb-4_torch_eager_projection_collective_loop_b16_L512_fsdp2_tp2_tc512_vc32768_fsdp2_tp2_tc512_vc32768_r0/xla,False
A100-80GB,gpu,exp0270_gpu-a100-80gb-4_torch_eager_projection_collective_loop_b16_L512_fsdp2_tp2_tc512_vc65536_fsdp2_tp2_tc512_vc65536_r0,,-1,512/65536,64,4,A100:4:80GB,eager,270,2,16,primary_gpu_baseline,gpu-a100-80gb-4,320,Chansungs-MacBook-Pro-2.local,10,"fsdp=2,tp=2",projection_collective_loop,dense-synthetic,,0,/Users/deep-diver/Developers/TUNIX-TRY/01-CCE/data/mesh_pathology_dense_a100_torch/runs/exp0270_gpu-a100-80gb-4_torch_eager_projection_collective_loop_b16_L512_fsdp2_tp2_tc512_vc65536_fsdp2_tp2_tc512_vc65536_r0,20260616T031040Z,gpu-a100-80gb-4/torch_eager_projection_collective_loop,0,512,b16/L512,b16_L512_fsdp2_tp2_tc512_vc65536,2026-06-16T03:10:40+00:00,512,16,2,65536,4,262144,3,PyTorch eager projection matmul plus NCCL all-reduce.,torch_eager_projection_collective_loop,torch_microbench,/Users/deep-diver/Developers/TUNIX-TRY/01-CCE/data/mesh_pathology_dense_a100_torch/runs/exp0270_gpu-a100-80gb-4_torch_eager_projection_collective_loop_b16_L512_fsdp2_tp2_tc512_vc65536_fsdp2_tp2_tc512_vc65536_r0/xla,False
A100-80GB,gpu,exp0271_gpu-a100-80gb-4_torch_eager_projection_collective_loop_b16_L512_fsdp2_tp2_tc512_vc131072_fsdp2_tp2_tc512_vc131072_r0,,-1,512/131072,32,4,A100:4:80GB,eager,271,2,16,primary_gpu_baseline,gpu-a100-80gb-4,320,Chansungs-MacBook-Pro-2.local,10,"fsdp=2,tp=2",projection_collective_loop,dense-synthetic,,0,/Users/deep-diver/Developers/TUNIX-TRY/01-CCE/data/mesh_pathology_dense_a100_torch/runs/exp0271_gpu-a100-80gb-4_torch_eager_projection_collective_loop_b16_L512_fsdp2_tp2_tc512_vc131072_fsdp2_tp2_tc512_vc131072_r0,20260616T031040Z,gpu-a100-80gb-4/torch_eager_projection_collective_loop,0,512,b16/L512,b16_L512_fsdp2_tp2_tc512_vc131072,2026-06-16T03:10:40+00:00,512,16,2,131072,2,262144,3,PyTorch eager projection matmul plus NCCL all-reduce.,torch_eager_projection_collective_loop,torch_microbench,/Users/deep-diver/Developers/TUNIX-TRY/01-CCE/data/mesh_pathology_dense_a100_torch/runs/exp0271_gpu-a100-80gb-4_torch_eager_projection_collective_loop_b16_L512_fsdp2_tp2_tc512_vc131072_fsdp2_tp2_tc512_vc131072_r0/xla,False
A100-80GB,gpu,exp0273_gpu-a100-80gb-4_torch_eager_projection_collective_loop_b16_L512_fsdp2_tp2_tc1024_vc4096_fsdp2_tp2_tc1024_vc4096_r0,,-1,1024/4096,512,4,A100:4:80GB,eager,273,2,16,primary_gpu_baseline,gpu-a100-80gb-4,320,Chansungs-MacBook-Pro-2.local,10,"fsdp=2,tp=2",projection_collective_loop,dense-synthetic,,0,/Users/deep-diver/Developers/TUNIX-TRY/01-CCE/data/mesh_pathology_dense_a100_torch/runs/exp0273_gpu-a100-80gb-4_torch_eager_projection_collective_loop_b16_L512_fsdp2_tp2_tc1024_vc4096_fsdp2_tp2_tc1024_vc4096_r0,20260616T031040Z,gpu-a100-80gb-4/torch_eager_projection_collective_loop,0,512,b16/L512,b16_L512_fsdp2_tp2_tc1024_vc4096,2026-06-16T03:10:40+00:00,1024,8,2,4096,64,262144,3,PyTorch eager projection matmul plus NCCL all-reduce.,torch_eager_projection_collective_loop,torch_microbench,/Users/deep-diver/Developers/TUNIX-TRY/01-CCE/data/mesh_pathology_dense_a100_torch/runs/exp0273_gpu-a100-80gb-4_torch_eager_projection_collective_loop_b16_L512_fsdp2_tp2_tc1024_vc4096_fsdp2_tp2_tc1024_vc4096_r0/xla,False
A100-80GB,gpu,exp0274_gpu-a100-80gb-4_torch_eager_projection_collective_loop_b16_L512_fsdp2_tp2_tc1024_vc8192_fsdp2_tp2_tc1024_vc8192_r0,,-1,1024/8192,256,4,A100:4:80GB,eager,274,2,16,primary_gpu_baseline,gpu-a100-80gb-4,320,Chansungs-MacBook-Pro-2.local,10,"fsdp=2,tp=2",projection_collective_loop,dense-synthetic,,0,/Users/deep-diver/Developers/TUNIX-TRY/01-CCE/data/mesh_pathology_dense_a100_torch/runs/exp0274_gpu-a100-80gb-4_torch_eager_projection_collective_loop_b16_L512_fsdp2_tp2_tc1024_vc8192_fsdp2_tp2_tc1024_vc8192_r0,20260616T031040Z,gpu-a100-80gb-4/torch_eager_projection_collective_loop,0,512,b16/L512,b16_L512_fsdp2_tp2_tc1024_vc8192,2026-06-16T03:10:40+00:00,1024,8,2,8192,32,262144,3,PyTorch eager projection matmul plus NCCL all-reduce.,torch_eager_projection_collective_loop,torch_microbench,/Users/deep-diver/Developers/TUNIX-TRY/01-CCE/data/mesh_pathology_dense_a100_torch/runs/exp0274_gpu-a100-80gb-4_torch_eager_projection_collective_loop_b16_L512_fsdp2_tp2_tc1024_vc8192_fsdp2_tp2_tc1024_vc8192_r0/xla,False
A100-80GB,gpu,exp0275_gpu-a100-80gb-4_torch_eager_projection_collective_loop_b16_L512_fsdp2_tp2_tc1024_vc16384_fsdp2_tp2_tc1024_vc16384_r0,,-1,1024/16384,128,4,A100:4:80GB,eager,275,2,16,primary_gpu_baseline,gpu-a100-80gb-4,320,Chansungs-MacBook-Pro-2.local,10,"fsdp=2,tp=2",projection_collective_loop,dense-synthetic,,0,/Users/deep-diver/Developers/TUNIX-TRY/01-CCE/data/mesh_pathology_dense_a100_torch/runs/exp0275_gpu-a100-80gb-4_torch_eager_projection_collective_loop_b16_L512_fsdp2_tp2_tc1024_vc16384_fsdp2_tp2_tc1024_vc16384_r0,20260616T031040Z,gpu-a100-80gb-4/torch_eager_projection_collective_loop,0,512,b16/L512,b16_L512_fsdp2_tp2_tc1024_vc16384,2026-06-16T03:10:40+00:00,1024,8,2,16384,16,262144,3,PyTorch eager projection matmul plus NCCL all-reduce.,torch_eager_projection_collective_loop,torch_microbench,/Users/deep-diver/Developers/TUNIX-TRY/01-CCE/data/mesh_pathology_dense_a100_torch/runs/exp0275_gpu-a100-80gb-4_torch_eager_projection_collective_loop_b16_L512_fsdp2_tp2_tc1024_vc16384_fsdp2_tp2_tc1024_vc16384_r0/xla,False
A100-80GB,gpu,exp0276_gpu-a100-80gb-4_torch_eager_projection_collective_loop_b16_L512_fsdp2_tp2_tc1024_vc32768_fsdp2_tp2_tc1024_vc32768_r0,,-1,1024/32768,64,4,A100:4:80GB,eager,276,2,16,primary_gpu_baseline,gpu-a100-80gb-4,320,Chansungs-MacBook-Pro-2.local,10,"fsdp=2,tp=2",projection_collective_loop,dense-synthetic,,0,/Users/deep-diver/Developers/TUNIX-TRY/01-CCE/data/mesh_pathology_dense_a100_torch/runs/exp0276_gpu-a100-80gb-4_torch_eager_projection_collective_loop_b16_L512_fsdp2_tp2_tc1024_vc32768_fsdp2_tp2_tc1024_vc32768_r0,20260616T031040Z,gpu-a100-80gb-4/torch_eager_projection_collective_loop,0,512,b16/L512,b16_L512_fsdp2_tp2_tc1024_vc32768,2026-06-16T03:10:40+00:00,1024,8,2,32768,8,262144,3,PyTorch eager projection matmul plus NCCL all-reduce.,torch_eager_projection_collective_loop,torch_microbench,/Users/deep-diver/Developers/TUNIX-TRY/01-CCE/data/mesh_pathology_dense_a100_torch/runs/exp0276_gpu-a100-80gb-4_torch_eager_projection_collective_loop_b16_L512_fsdp2_tp2_tc1024_vc32768_fsdp2_tp2_tc1024_vc32768_r0/xla,False
A100-80GB,gpu,exp0277_gpu-a100-80gb-4_torch_eager_projection_collective_loop_b16_L512_fsdp2_tp2_tc1024_vc65536_fsdp2_tp2_tc1024_vc65536_r0,,-1,1024/65536,32,4,A100:4:80GB,eager,277,2,16,primary_gpu_baseline,gpu-a100-80gb-4,320,Chansungs-MacBook-Pro-2.local,10,"fsdp=2,tp=2",projection_collective_loop,dense-synthetic,,0,/Users/deep-diver/Developers/TUNIX-TRY/01-CCE/data/mesh_pathology_dense_a100_torch/runs/exp0277_gpu-a100-80gb-4_torch_eager_projection_collective_loop_b16_L512_fsdp2_tp2_tc1024_vc65536_fsdp2_tp2_tc1024_vc65536_r0,20260616T031040Z,gpu-a100-80gb-4/torch_eager_projection_collective_loop,0,512,b16/L512,b16_L512_fsdp2_tp2_tc1024_vc65536,2026-06-16T03:10:40+00:00,1024,8,2,65536,4,262144,3,PyTorch eager projection matmul plus NCCL all-reduce.,torch_eager_projection_collective_loop,torch_microbench,/Users/deep-diver/Developers/TUNIX-TRY/01-CCE/data/mesh_pathology_dense_a100_torch/runs/exp0277_gpu-a100-80gb-4_torch_eager_projection_collective_loop_b16_L512_fsdp2_tp2_tc1024_vc65536_fsdp2_tp2_tc1024_vc65536_r0/xla,False
A100-80GB,gpu,exp0278_gpu-a100-80gb-4_torch_eager_projection_collective_loop_b16_L512_fsdp2_tp2_tc1024_vc131072_fsdp2_tp2_tc1024_vc131072_r0,,-1,1024/131072,16,4,A100:4:80GB,eager,278,2,16,primary_gpu_baseline,gpu-a100-80gb-4,320,Chansungs-MacBook-Pro-2.local,10,"fsdp=2,tp=2",projection_collective_loop,dense-synthetic,,0,/Users/deep-diver/Developers/TUNIX-TRY/01-CCE/data/mesh_pathology_dense_a100_torch/runs/exp0278_gpu-a100-80gb-4_torch_eager_projection_collective_loop_b16_L512_fsdp2_tp2_tc1024_vc131072_fsdp2_tp2_tc1024_vc131072_r0,20260616T031040Z,gpu-a100-80gb-4/torch_eager_projection_collective_loop,0,512,b16/L512,b16_L512_fsdp2_tp2_tc1024_vc131072,2026-06-16T03:10:40+00:00,1024,8,2,131072,2,262144,3,PyTorch eager projection matmul plus NCCL all-reduce.,torch_eager_projection_collective_loop,torch_microbench,/Users/deep-diver/Developers/TUNIX-TRY/01-CCE/data/mesh_pathology_dense_a100_torch/runs/exp0278_gpu-a100-80gb-4_torch_eager_projection_collective_loop_b16_L512_fsdp2_tp2_tc1024_vc131072_fsdp2_tp2_tc1024_vc131072_r0/xla,False
A100-80GB,gpu,exp0279_gpu-a100-80gb-4_torch_eager_projection_collective_loop_b16_L512_fsdp2_tp2_tc1024_vc262144_fsdp2_tp2_tc1024_vc262144_r0,,-1,1024/262144,8,4,A100:4:80GB,eager,279,2,16,primary_gpu_baseline,gpu-a100-80gb-4,320,Chansungs-MacBook-Pro-2.local,10,"fsdp=2,tp=2",projection_collective_loop,dense-synthetic,,0,/Users/deep-diver/Developers/TUNIX-TRY/01-CCE/data/mesh_pathology_dense_a100_torch/runs/exp0279_gpu-a100-80gb-4_torch_eager_projection_collective_loop_b16_L512_fsdp2_tp2_tc1024_vc262144_fsdp2_tp2_tc1024_vc262144_r0,20260616T031040Z,gpu-a100-80gb-4/torch_eager_projection_collective_loop,0,512,b16/L512,b16_L512_fsdp2_tp2_tc1024_vc262144,2026-06-16T03:10:40+00:00,1024,8,2,262144,1,262144,3,PyTorch eager projection matmul plus NCCL all-reduce.,torch_eager_projection_collective_loop,torch_microbench,/Users/deep-diver/Developers/TUNIX-TRY/01-CCE/data/mesh_pathology_dense_a100_torch/runs/exp0279_gpu-a100-80gb-4_torch_eager_projection_collective_loop_b16_L512_fsdp2_tp2_tc1024_vc262144_fsdp2_tp2_tc1024_vc262144_r0/xla,False
A100-80GB,gpu,exp0281_gpu-a100-80gb-4_torch_eager_projection_collective_loop_b16_L512_fsdp1_tp4_tc64_vc8192_fsdp1_tp4_tc64_vc8192_r0,,-1,64/8192,4096,4,A100:4:80GB,eager,281,1,16,primary_gpu_baseline,gpu-a100-80gb-4,320,Chansungs-MacBook-Pro-2.local,10,"fsdp=1,tp=4",projection_collective_loop,dense-synthetic,,0,/Users/deep-diver/Developers/TUNIX-TRY/01-CCE/data/mesh_pathology_dense_a100_torch/runs/exp0281_gpu-a100-80gb-4_torch_eager_projection_collective_loop_b16_L512_fsdp1_tp4_tc64_vc8192_fsdp1_tp4_tc64_vc8192_r0,20260616T031040Z,gpu-a100-80gb-4/torch_eager_projection_collective_loop,0,512,b16/L512,b16_L512_fsdp1_tp4_tc64_vc8192,2026-06-16T03:10:40+00:00,64,128,4,8192,32,262144,3,PyTorch eager projection matmul plus NCCL all-reduce.,torch_eager_projection_collective_loop,torch_microbench,/Users/deep-diver/Developers/TUNIX-TRY/01-CCE/data/mesh_pathology_dense_a100_torch/runs/exp0281_gpu-a100-80gb-4_torch_eager_projection_collective_loop_b16_L512_fsdp1_tp4_tc64_vc8192_fsdp1_tp4_tc64_vc8192_r0/xla,False
A100-80GB,gpu,exp0282_gpu-a100-80gb-4_torch_eager_projection_collective_loop_b16_L512_fsdp1_tp4_tc64_vc16384_fsdp1_tp4_tc64_vc16384_r0,,-1,64/16384,2048,4,A100:4:80GB,eager,282,1,16,primary_gpu_baseline,gpu-a100-80gb-4,320,Chansungs-MacBook-Pro-2.local,10,"fsdp=1,tp=4",projection_collective_loop,dense-synthetic,,0,/Users/deep-diver/Developers/TUNIX-TRY/01-CCE/data/mesh_pathology_dense_a100_torch/runs/exp0282_gpu-a100-80gb-4_torch_eager_projection_collective_loop_b16_L512_fsdp1_tp4_tc64_vc16384_fsdp1_tp4_tc64_vc16384_r0,20260616T031040Z,gpu-a100-80gb-4/torch_eager_projection_collective_loop,0,512,b16/L512,b16_L512_fsdp1_tp4_tc64_vc16384,2026-06-16T03:10:40+00:00,64,128,4,16384,16,262144,3,PyTorch eager projection matmul plus NCCL all-reduce.,torch_eager_projection_collective_loop,torch_microbench,/Users/deep-diver/Developers/TUNIX-TRY/01-CCE/data/mesh_pathology_dense_a100_torch/runs/exp0282_gpu-a100-80gb-4_torch_eager_projection_collective_loop_b16_L512_fsdp1_tp4_tc64_vc16384_fsdp1_tp4_tc64_vc16384_r0/xla,False
A100-80GB,gpu,exp0283_gpu-a100-80gb-4_torch_eager_projection_collective_loop_b16_L512_fsdp1_tp4_tc64_vc32768_fsdp1_tp4_tc64_vc32768_r0,,-1,64/32768,1024,4,A100:4:80GB,eager,283,1,16,primary_gpu_baseline,gpu-a100-80gb-4,320,Chansungs-MacBook-Pro-2.local,10,"fsdp=1,tp=4",projection_collective_loop,dense-synthetic,,0,/Users/deep-diver/Developers/TUNIX-TRY/01-CCE/data/mesh_pathology_dense_a100_torch/runs/exp0283_gpu-a100-80gb-4_torch_eager_projection_collective_loop_b16_L512_fsdp1_tp4_tc64_vc32768_fsdp1_tp4_tc64_vc32768_r0,20260616T031040Z,gpu-a100-80gb-4/torch_eager_projection_collective_loop,0,512,b16/L512,b16_L512_fsdp1_tp4_tc64_vc32768,2026-06-16T03:10:40+00:00,64,128,4,32768,8,262144,3,PyTorch eager projection matmul plus NCCL all-reduce.,torch_eager_projection_collective_loop,torch_microbench,/Users/deep-diver/Developers/TUNIX-TRY/01-CCE/data/mesh_pathology_dense_a100_torch/runs/exp0283_gpu-a100-80gb-4_torch_eager_projection_collective_loop_b16_L512_fsdp1_tp4_tc64_vc32768_fsdp1_tp4_tc64_vc32768_r0/xla,False
A100-80GB,gpu,exp0284_gpu-a100-80gb-4_torch_eager_projection_collective_loop_b16_L512_fsdp1_tp4_tc64_vc65536_fsdp1_tp4_tc64_vc65536_r0,,-1,64/65536,512,4,A100:4:80GB,eager,284,1,16,primary_gpu_baseline,gpu-a100-80gb-4,320,Chansungs-MacBook-Pro-2.local,10,"fsdp=1,tp=4",projection_collective_loop,dense-synthetic,,0,/Users/deep-diver/Developers/TUNIX-TRY/01-CCE/data/mesh_pathology_dense_a100_torch/runs/exp0284_gpu-a100-80gb-4_torch_eager_projection_collective_loop_b16_L512_fsdp1_tp4_tc64_vc65536_fsdp1_tp4_tc64_vc65536_r0,20260616T031040Z,gpu-a100-80gb-4/torch_eager_projection_collective_loop,0,512,b16/L512,b16_L512_fsdp1_tp4_tc64_vc65536,2026-06-16T03:10:40+00:00,64,128,4,65536,4,262144,3,PyTorch eager projection matmul plus NCCL all-reduce.,torch_eager_projection_collective_loop,torch_microbench,/Users/deep-diver/Developers/TUNIX-TRY/01-CCE/data/mesh_pathology_dense_a100_torch/runs/exp0284_gpu-a100-80gb-4_torch_eager_projection_collective_loop_b16_L512_fsdp1_tp4_tc64_vc65536_fsdp1_tp4_tc64_vc65536_r0/xla,False
A100-80GB,gpu,exp0285_gpu-a100-80gb-4_torch_eager_projection_collective_loop_b16_L512_fsdp1_tp4_tc64_vc131072_fsdp1_tp4_tc64_vc131072_r0,,-1,64/131072,256,4,A100:4:80GB,eager,285,1,16,primary_gpu_baseline,gpu-a100-80gb-4,320,Chansungs-MacBook-Pro-2.local,10,"fsdp=1,tp=4",projection_collective_loop,dense-synthetic,,0,/Users/deep-diver/Developers/TUNIX-TRY/01-CCE/data/mesh_pathology_dense_a100_torch/runs/exp0285_gpu-a100-80gb-4_torch_eager_projection_collective_loop_b16_L512_fsdp1_tp4_tc64_vc131072_fsdp1_tp4_tc64_vc131072_r0,20260616T031040Z,gpu-a100-80gb-4/torch_eager_projection_collective_loop,0,512,b16/L512,b16_L512_fsdp1_tp4_tc64_vc131072,2026-06-16T03:10:40+00:00,64,128,4,131072,2,262144,3,PyTorch eager projection matmul plus NCCL all-reduce.,torch_eager_projection_collective_loop,torch_microbench,/Users/deep-diver/Developers/TUNIX-TRY/01-CCE/data/mesh_pathology_dense_a100_torch/runs/exp0285_gpu-a100-80gb-4_torch_eager_projection_collective_loop_b16_L512_fsdp1_tp4_tc64_vc131072_fsdp1_tp4_tc64_vc131072_r0/xla,False
A100-80GB,gpu,exp0286_gpu-a100-80gb-4_torch_eager_projection_collective_loop_b16_L512_fsdp1_tp4_tc64_vc262144_fsdp1_tp4_tc64_vc262144_r0,,-1,64/262144,128,4,A100:4:80GB,eager,286,1,16,primary_gpu_baseline,gpu-a100-80gb-4,320,Chansungs-MacBook-Pro-2.local,10,"fsdp=1,tp=4",projection_collective_loop,dense-synthetic,,0,/Users/deep-diver/Developers/TUNIX-TRY/01-CCE/data/mesh_pathology_dense_a100_torch/runs/exp0286_gpu-a100-80gb-4_torch_eager_projection_collective_loop_b16_L512_fsdp1_tp4_tc64_vc262144_fsdp1_tp4_tc64_vc262144_r0,20260616T031040Z,gpu-a100-80gb-4/torch_eager_projection_collective_loop,0,512,b16/L512,b16_L512_fsdp1_tp4_tc64_vc262144,2026-06-16T03:10:40+00:00,64,128,4,262144,1,262144,3,PyTorch eager projection matmul plus NCCL all-reduce.,torch_eager_projection_collective_loop,torch_microbench,/Users/deep-diver/Developers/TUNIX-TRY/01-CCE/data/mesh_pathology_dense_a100_torch/runs/exp0286_gpu-a100-80gb-4_torch_eager_projection_collective_loop_b16_L512_fsdp1_tp4_tc64_vc262144_fsdp1_tp4_tc64_vc262144_r0/xla,False
A100-80GB,gpu,exp0287_gpu-a100-80gb-4_torch_eager_projection_collective_loop_b16_L512_fsdp1_tp4_tc128_vc4096_fsdp1_tp4_tc128_vc4096_r0,,-1,128/4096,4096,4,A100:4:80GB,eager,287,1,16,primary_gpu_baseline,gpu-a100-80gb-4,320,Chansungs-MacBook-Pro-2.local,10,"fsdp=1,tp=4",projection_collective_loop,dense-synthetic,,0,/Users/deep-diver/Developers/TUNIX-TRY/01-CCE/data/mesh_pathology_dense_a100_torch/runs/exp0287_gpu-a100-80gb-4_torch_eager_projection_collective_loop_b16_L512_fsdp1_tp4_tc128_vc4096_fsdp1_tp4_tc128_vc4096_r0,20260616T031040Z,gpu-a100-80gb-4/torch_eager_projection_collective_loop,0,512,b16/L512,b16_L512_fsdp1_tp4_tc128_vc4096,2026-06-16T03:10:40+00:00,128,64,4,4096,64,262144,3,PyTorch eager projection matmul plus NCCL all-reduce.,torch_eager_projection_collective_loop,torch_microbench,/Users/deep-diver/Developers/TUNIX-TRY/01-CCE/data/mesh_pathology_dense_a100_torch/runs/exp0287_gpu-a100-80gb-4_torch_eager_projection_collective_loop_b16_L512_fsdp1_tp4_tc128_vc4096_fsdp1_tp4_tc128_vc4096_r0/xla,False
A100-80GB,gpu,exp0289_gpu-a100-80gb-4_torch_eager_projection_collective_loop_b16_L512_fsdp1_tp4_tc128_vc16384_fsdp1_tp4_tc128_vc16384_r0,,-1,128/16384,1024,4,A100:4:80GB,eager,289,1,16,primary_gpu_baseline,gpu-a100-80gb-4,320,Chansungs-MacBook-Pro-2.local,10,"fsdp=1,tp=4",projection_collective_loop,dense-synthetic,,0,/Users/deep-diver/Developers/TUNIX-TRY/01-CCE/data/mesh_pathology_dense_a100_torch/runs/exp0289_gpu-a100-80gb-4_torch_eager_projection_collective_loop_b16_L512_fsdp1_tp4_tc128_vc16384_fsdp1_tp4_tc128_vc16384_r0,20260616T031040Z,gpu-a100-80gb-4/torch_eager_projection_collective_loop,0,512,b16/L512,b16_L512_fsdp1_tp4_tc128_vc16384,2026-06-16T03:10:40+00:00,128,64,4,16384,16,262144,3,PyTorch eager projection matmul plus NCCL all-reduce.,torch_eager_projection_collective_loop,torch_microbench,/Users/deep-diver/Developers/TUNIX-TRY/01-CCE/data/mesh_pathology_dense_a100_torch/runs/exp0289_gpu-a100-80gb-4_torch_eager_projection_collective_loop_b16_L512_fsdp1_tp4_tc128_vc16384_fsdp1_tp4_tc128_vc16384_r0/xla,False
A100-80GB,gpu,exp0290_gpu-a100-80gb-4_torch_eager_projection_collective_loop_b16_L512_fsdp1_tp4_tc128_vc32768_fsdp1_tp4_tc128_vc32768_r0,,-1,128/32768,512,4,A100:4:80GB,eager,290,1,16,primary_gpu_baseline,gpu-a100-80gb-4,320,Chansungs-MacBook-Pro-2.local,10,"fsdp=1,tp=4",projection_collective_loop,dense-synthetic,,0,/Users/deep-diver/Developers/TUNIX-TRY/01-CCE/data/mesh_pathology_dense_a100_torch/runs/exp0290_gpu-a100-80gb-4_torch_eager_projection_collective_loop_b16_L512_fsdp1_tp4_tc128_vc32768_fsdp1_tp4_tc128_vc32768_r0,20260616T031040Z,gpu-a100-80gb-4/torch_eager_projection_collective_loop,0,512,b16/L512,b16_L512_fsdp1_tp4_tc128_vc32768,2026-06-16T03:10:40+00:00,128,64,4,32768,8,262144,3,PyTorch eager projection matmul plus NCCL all-reduce.,torch_eager_projection_collective_loop,torch_microbench,/Users/deep-diver/Developers/TUNIX-TRY/01-CCE/data/mesh_pathology_dense_a100_torch/runs/exp0290_gpu-a100-80gb-4_torch_eager_projection_collective_loop_b16_L512_fsdp1_tp4_tc128_vc32768_fsdp1_tp4_tc128_vc32768_r0/xla,False
A100-80GB,gpu,exp0291_gpu-a100-80gb-4_torch_eager_projection_collective_loop_b16_L512_fsdp1_tp4_tc128_vc65536_fsdp1_tp4_tc128_vc65536_r0,,-1,128/65536,256,4,A100:4:80GB,eager,291,1,16,primary_gpu_baseline,gpu-a100-80gb-4,320,Chansungs-MacBook-Pro-2.local,10,"fsdp=1,tp=4",projection_collective_loop,dense-synthetic,,0,/Users/deep-diver/Developers/TUNIX-TRY/01-CCE/data/mesh_pathology_dense_a100_torch/runs/exp0291_gpu-a100-80gb-4_torch_eager_projection_collective_loop_b16_L512_fsdp1_tp4_tc128_vc65536_fsdp1_tp4_tc128_vc65536_r0,20260616T031040Z,gpu-a100-80gb-4/torch_eager_projection_collective_loop,0,512,b16/L512,b16_L512_fsdp1_tp4_tc128_vc65536,2026-06-16T03:10:40+00:00,128,64,4,65536,4,262144,3,PyTorch eager projection matmul plus NCCL all-reduce.,torch_eager_projection_collective_loop,torch_microbench,/Users/deep-diver/Developers/TUNIX-TRY/01-CCE/data/mesh_pathology_dense_a100_torch/runs/exp0291_gpu-a100-80gb-4_torch_eager_projection_collective_loop_b16_L512_fsdp1_tp4_tc128_vc65536_fsdp1_tp4_tc128_vc65536_r0/xla,False
A100-80GB,gpu,exp0292_gpu-a100-80gb-4_torch_eager_projection_collective_loop_b16_L512_fsdp1_tp4_tc128_vc131072_fsdp1_tp4_tc128_vc131072_r0,,-1,128/131072,128,4,A100:4:80GB,eager,292,1,16,primary_gpu_baseline,gpu-a100-80gb-4,320,Chansungs-MacBook-Pro-2.local,10,"fsdp=1,tp=4",projection_collective_loop,dense-synthetic,,0,/Users/deep-diver/Developers/TUNIX-TRY/01-CCE/data/mesh_pathology_dense_a100_torch/runs/exp0292_gpu-a100-80gb-4_torch_eager_projection_collective_loop_b16_L512_fsdp1_tp4_tc128_vc131072_fsdp1_tp4_tc128_vc131072_r0,20260616T031040Z,gpu-a100-80gb-4/torch_eager_projection_collective_loop,0,512,b16/L512,b16_L512_fsdp1_tp4_tc128_vc131072,2026-06-16T03:10:40+00:00,128,64,4,131072,2,262144,3,PyTorch eager projection matmul plus NCCL all-reduce.,torch_eager_projection_collective_loop,torch_microbench,/Users/deep-diver/Developers/TUNIX-TRY/01-CCE/data/mesh_pathology_dense_a100_torch/runs/exp0292_gpu-a100-80gb-4_torch_eager_projection_collective_loop_b16_L512_fsdp1_tp4_tc128_vc131072_fsdp1_tp4_tc128_vc131072_r0/xla,False
A100-80GB,gpu,exp0293_gpu-a100-80gb-4_torch_eager_projection_collective_loop_b16_L512_fsdp1_tp4_tc128_vc262144_fsdp1_tp4_tc128_vc262144_r0,,-1,128/262144,64,4,A100:4:80GB,eager,293,1,16,primary_gpu_baseline,gpu-a100-80gb-4,320,Chansungs-MacBook-Pro-2.local,10,"fsdp=1,tp=4",projection_collective_loop,dense-synthetic,,0,/Users/deep-diver/Developers/TUNIX-TRY/01-CCE/data/mesh_pathology_dense_a100_torch/runs/exp0293_gpu-a100-80gb-4_torch_eager_projection_collective_loop_b16_L512_fsdp1_tp4_tc128_vc262144_fsdp1_tp4_tc128_vc262144_r0,20260616T031040Z,gpu-a100-80gb-4/torch_eager_projection_collective_loop,0,512,b16/L512,b16_L512_fsdp1_tp4_tc128_vc262144,2026-06-16T03:10:40+00:00,128,64,4,262144,1,262144,3,PyTorch eager projection matmul plus NCCL all-reduce.,torch_eager_projection_collective_loop,torch_microbench,/Users/deep-diver/Developers/TUNIX-TRY/01-CCE/data/mesh_pathology_dense_a100_torch/runs/exp0293_gpu-a100-80gb-4_torch_eager_projection_collective_loop_b16_L512_fsdp1_tp4_tc128_vc262144_fsdp1_tp4_tc128_vc262144_r0/xla,False
A100-80GB,gpu,exp0294_gpu-a100-80gb-4_torch_eager_projection_collective_loop_b16_L512_fsdp1_tp4_tc256_vc4096_fsdp1_tp4_tc256_vc4096_r0,,-1,256/4096,2048,4,A100:4:80GB,eager,294,1,16,primary_gpu_baseline,gpu-a100-80gb-4,320,Chansungs-MacBook-Pro-2.local,10,"fsdp=1,tp=4",projection_collective_loop,dense-synthetic,,0,/Users/deep-diver/Developers/TUNIX-TRY/01-CCE/data/mesh_pathology_dense_a100_torch/runs/exp0294_gpu-a100-80gb-4_torch_eager_projection_collective_loop_b16_L512_fsdp1_tp4_tc256_vc4096_fsdp1_tp4_tc256_vc4096_r0,20260616T031040Z,gpu-a100-80gb-4/torch_eager_projection_collective_loop,0,512,b16/L512,b16_L512_fsdp1_tp4_tc256_vc4096,2026-06-16T03:10:40+00:00,256,32,4,4096,64,262144,3,PyTorch eager projection matmul plus NCCL all-reduce.,torch_eager_projection_collective_loop,torch_microbench,/Users/deep-diver/Developers/TUNIX-TRY/01-CCE/data/mesh_pathology_dense_a100_torch/runs/exp0294_gpu-a100-80gb-4_torch_eager_projection_collective_loop_b16_L512_fsdp1_tp4_tc256_vc4096_fsdp1_tp4_tc256_vc4096_r0/xla,False
A100-80GB,gpu,exp0295_gpu-a100-80gb-4_torch_eager_projection_collective_loop_b16_L512_fsdp1_tp4_tc256_vc8192_fsdp1_tp4_tc256_vc8192_r0,,-1,256/8192,1024,4,A100:4:80GB,eager,295,1,16,primary_gpu_baseline,gpu-a100-80gb-4,320,Chansungs-MacBook-Pro-2.local,10,"fsdp=1,tp=4",projection_collective_loop,dense-synthetic,,0,/Users/deep-diver/Developers/TUNIX-TRY/01-CCE/data/mesh_pathology_dense_a100_torch/runs/exp0295_gpu-a100-80gb-4_torch_eager_projection_collective_loop_b16_L512_fsdp1_tp4_tc256_vc8192_fsdp1_tp4_tc256_vc8192_r0,20260616T031040Z,gpu-a100-80gb-4/torch_eager_projection_collective_loop,0,512,b16/L512,b16_L512_fsdp1_tp4_tc256_vc8192,2026-06-16T03:10:40+00:00,256,32,4,8192,32,262144,3,PyTorch eager projection matmul plus NCCL all-reduce.,torch_eager_projection_collective_loop,torch_microbench,/Users/deep-diver/Developers/TUNIX-TRY/01-CCE/data/mesh_pathology_dense_a100_torch/runs/exp0295_gpu-a100-80gb-4_torch_eager_projection_collective_loop_b16_L512_fsdp1_tp4_tc256_vc8192_fsdp1_tp4_tc256_vc8192_r0/xla,False
A100-80GB,gpu,exp0297_gpu-a100-80gb-4_torch_eager_projection_collective_loop_b16_L512_fsdp1_tp4_tc256_vc32768_fsdp1_tp4_tc256_vc32768_r0,,-1,256/32768,256,4,A100:4:80GB,eager,297,1,16,primary_gpu_baseline,gpu-a100-80gb-4,320,Chansungs-MacBook-Pro-2.local,10,"fsdp=1,tp=4",projection_collective_loop,dense-synthetic,,0,/Users/deep-diver/Developers/TUNIX-TRY/01-CCE/data/mesh_pathology_dense_a100_torch/runs/exp0297_gpu-a100-80gb-4_torch_eager_projection_collective_loop_b16_L512_fsdp1_tp4_tc256_vc32768_fsdp1_tp4_tc256_vc32768_r0,20260616T031040Z,gpu-a100-80gb-4/torch_eager_projection_collective_loop,0,512,b16/L512,b16_L512_fsdp1_tp4_tc256_vc32768,2026-06-16T03:10:40+00:00,256,32,4,32768,8,262144,3,PyTorch eager projection matmul plus NCCL all-reduce.,torch_eager_projection_collective_loop,torch_microbench,/Users/deep-diver/Developers/TUNIX-TRY/01-CCE/data/mesh_pathology_dense_a100_torch/runs/exp0297_gpu-a100-80gb-4_torch_eager_projection_collective_loop_b16_L512_fsdp1_tp4_tc256_vc32768_fsdp1_tp4_tc256_vc32768_r0/xla,False
A100-80GB,gpu,exp0298_gpu-a100-80gb-4_torch_eager_projection_collective_loop_b16_L512_fsdp1_tp4_tc256_vc65536_fsdp1_tp4_tc256_vc65536_r0,,-1,256/65536,128,4,A100:4:80GB,eager,298,1,16,primary_gpu_baseline,gpu-a100-80gb-4,320,Chansungs-MacBook-Pro-2.local,10,"fsdp=1,tp=4",projection_collective_loop,dense-synthetic,,0,/Users/deep-diver/Developers/TUNIX-TRY/01-CCE/data/mesh_pathology_dense_a100_torch/runs/exp0298_gpu-a100-80gb-4_torch_eager_projection_collective_loop_b16_L512_fsdp1_tp4_tc256_vc65536_fsdp1_tp4_tc256_vc65536_r0,20260616T031040Z,gpu-a100-80gb-4/torch_eager_projection_collective_loop,0,512,b16/L512,b16_L512_fsdp1_tp4_tc256_vc65536,2026-06-16T03:10:40+00:00,256,32,4,65536,4,262144,3,PyTorch eager projection matmul plus NCCL all-reduce.,torch_eager_projection_collective_loop,torch_microbench,/Users/deep-diver/Developers/TUNIX-TRY/01-CCE/data/mesh_pathology_dense_a100_torch/runs/exp0298_gpu-a100-80gb-4_torch_eager_projection_collective_loop_b16_L512_fsdp1_tp4_tc256_vc65536_fsdp1_tp4_tc256_vc65536_r0/xla,False
A100-80GB,gpu,exp0299_gpu-a100-80gb-4_torch_eager_projection_collective_loop_b16_L512_fsdp1_tp4_tc256_vc131072_fsdp1_tp4_tc256_vc131072_r0,,-1,256/131072,64,4,A100:4:80GB,eager,299,1,16,primary_gpu_baseline,gpu-a100-80gb-4,320,Chansungs-MacBook-Pro-2.local,10,"fsdp=1,tp=4",projection_collective_loop,dense-synthetic,,0,/Users/deep-diver/Developers/TUNIX-TRY/01-CCE/data/mesh_pathology_dense_a100_torch/runs/exp0299_gpu-a100-80gb-4_torch_eager_projection_collective_loop_b16_L512_fsdp1_tp4_tc256_vc131072_fsdp1_tp4_tc256_vc131072_r0,20260616T031040Z,gpu-a100-80gb-4/torch_eager_projection_collective_loop,0,512,b16/L512,b16_L512_fsdp1_tp4_tc256_vc131072,2026-06-16T03:10:40+00:00,256,32,4,131072,2,262144,3,PyTorch eager projection matmul plus NCCL all-reduce.,torch_eager_projection_collective_loop,torch_microbench,/Users/deep-diver/Developers/TUNIX-TRY/01-CCE/data/mesh_pathology_dense_a100_torch/runs/exp0299_gpu-a100-80gb-4_torch_eager_projection_collective_loop_b16_L512_fsdp1_tp4_tc256_vc131072_fsdp1_tp4_tc256_vc131072_r0/xla,False
A100-80GB,gpu,exp0300_gpu-a100-80gb-4_torch_eager_projection_collective_loop_b16_L512_fsdp1_tp4_tc256_vc262144_fsdp1_tp4_tc256_vc262144_r0,,-1,256/262144,32,4,A100:4:80GB,eager,300,1,16,primary_gpu_baseline,gpu-a100-80gb-4,320,Chansungs-MacBook-Pro-2.local,10,"fsdp=1,tp=4",projection_collective_loop,dense-synthetic,,0,/Users/deep-diver/Developers/TUNIX-TRY/01-CCE/data/mesh_pathology_dense_a100_torch/runs/exp0300_gpu-a100-80gb-4_torch_eager_projection_collective_loop_b16_L512_fsdp1_tp4_tc256_vc262144_fsdp1_tp4_tc256_vc262144_r0,20260616T031040Z,gpu-a100-80gb-4/torch_eager_projection_collective_loop,0,512,b16/L512,b16_L512_fsdp1_tp4_tc256_vc262144,2026-06-16T03:10:40+00:00,256,32,4,262144,1,262144,3,PyTorch eager projection matmul plus NCCL all-reduce.,torch_eager_projection_collective_loop,torch_microbench,/Users/deep-diver/Developers/TUNIX-TRY/01-CCE/data/mesh_pathology_dense_a100_torch/runs/exp0300_gpu-a100-80gb-4_torch_eager_projection_collective_loop_b16_L512_fsdp1_tp4_tc256_vc262144_fsdp1_tp4_tc256_vc262144_r0/xla,False
A100-80GB,gpu,exp0301_gpu-a100-80gb-4_torch_eager_projection_collective_loop_b16_L512_fsdp1_tp4_tc512_vc4096_fsdp1_tp4_tc512_vc4096_r0,,-1,512/4096,1024,4,A100:4:80GB,eager,301,1,16,primary_gpu_baseline,gpu-a100-80gb-4,320,Chansungs-MacBook-Pro-2.local,10,"fsdp=1,tp=4",projection_collective_loop,dense-synthetic,,0,/Users/deep-diver/Developers/TUNIX-TRY/01-CCE/data/mesh_pathology_dense_a100_torch/runs/exp0301_gpu-a100-80gb-4_torch_eager_projection_collective_loop_b16_L512_fsdp1_tp4_tc512_vc4096_fsdp1_tp4_tc512_vc4096_r0,20260616T031040Z,gpu-a100-80gb-4/torch_eager_projection_collective_loop,0,512,b16/L512,b16_L512_fsdp1_tp4_tc512_vc4096,2026-06-16T03:10:40+00:00,512,16,4,4096,64,262144,3,PyTorch eager projection matmul plus NCCL all-reduce.,torch_eager_projection_collective_loop,torch_microbench,/Users/deep-diver/Developers/TUNIX-TRY/01-CCE/data/mesh_pathology_dense_a100_torch/runs/exp0301_gpu-a100-80gb-4_torch_eager_projection_collective_loop_b16_L512_fsdp1_tp4_tc512_vc4096_fsdp1_tp4_tc512_vc4096_r0/xla,False
A100-80GB,gpu,exp0302_gpu-a100-80gb-4_torch_eager_projection_collective_loop_b16_L512_fsdp1_tp4_tc512_vc8192_fsdp1_tp4_tc512_vc8192_r0,,-1,512/8192,512,4,A100:4:80GB,eager,302,1,16,primary_gpu_baseline,gpu-a100-80gb-4,320,Chansungs-MacBook-Pro-2.local,10,"fsdp=1,tp=4",projection_collective_loop,dense-synthetic,,0,/Users/deep-diver/Developers/TUNIX-TRY/01-CCE/data/mesh_pathology_dense_a100_torch/runs/exp0302_gpu-a100-80gb-4_torch_eager_projection_collective_loop_b16_L512_fsdp1_tp4_tc512_vc8192_fsdp1_tp4_tc512_vc8192_r0,20260616T031040Z,gpu-a100-80gb-4/torch_eager_projection_collective_loop,0,512,b16/L512,b16_L512_fsdp1_tp4_tc512_vc8192,2026-06-16T03:10:40+00:00,512,16,4,8192,32,262144,3,PyTorch eager projection matmul plus NCCL all-reduce.,torch_eager_projection_collective_loop,torch_microbench,/Users/deep-diver/Developers/TUNIX-TRY/01-CCE/data/mesh_pathology_dense_a100_torch/runs/exp0302_gpu-a100-80gb-4_torch_eager_projection_collective_loop_b16_L512_fsdp1_tp4_tc512_vc8192_fsdp1_tp4_tc512_vc8192_r0/xla,False
A100-80GB,gpu,exp0303_gpu-a100-80gb-4_torch_eager_projection_collective_loop_b16_L512_fsdp1_tp4_tc512_vc16384_fsdp1_tp4_tc512_vc16384_r0,,-1,512/16384,256,4,A100:4:80GB,eager,303,1,16,primary_gpu_baseline,gpu-a100-80gb-4,320,Chansungs-MacBook-Pro-2.local,10,"fsdp=1,tp=4",projection_collective_loop,dense-synthetic,,0,/Users/deep-diver/Developers/TUNIX-TRY/01-CCE/data/mesh_pathology_dense_a100_torch/runs/exp0303_gpu-a100-80gb-4_torch_eager_projection_collective_loop_b16_L512_fsdp1_tp4_tc512_vc16384_fsdp1_tp4_tc512_vc16384_r0,20260616T031040Z,gpu-a100-80gb-4/torch_eager_projection_collective_loop,0,512,b16/L512,b16_L512_fsdp1_tp4_tc512_vc16384,2026-06-16T03:10:40+00:00,512,16,4,16384,16,262144,3,PyTorch eager projection matmul plus NCCL all-reduce.,torch_eager_projection_collective_loop,torch_microbench,/Users/deep-diver/Developers/TUNIX-TRY/01-CCE/data/mesh_pathology_dense_a100_torch/runs/exp0303_gpu-a100-80gb-4_torch_eager_projection_collective_loop_b16_L512_fsdp1_tp4_tc512_vc16384_fsdp1_tp4_tc512_vc16384_r0/xla,False
A100-80GB,gpu,exp0305_gpu-a100-80gb-4_torch_eager_projection_collective_loop_b16_L512_fsdp1_tp4_tc512_vc65536_fsdp1_tp4_tc512_vc65536_r0,,-1,512/65536,64,4,A100:4:80GB,eager,305,1,16,primary_gpu_baseline,gpu-a100-80gb-4,320,Chansungs-MacBook-Pro-2.local,10,"fsdp=1,tp=4",projection_collective_loop,dense-synthetic,,0,/Users/deep-diver/Developers/TUNIX-TRY/01-CCE/data/mesh_pathology_dense_a100_torch/runs/exp0305_gpu-a100-80gb-4_torch_eager_projection_collective_loop_b16_L512_fsdp1_tp4_tc512_vc65536_fsdp1_tp4_tc512_vc65536_r0,20260616T031040Z,gpu-a100-80gb-4/torch_eager_projection_collective_loop,0,512,b16/L512,b16_L512_fsdp1_tp4_tc512_vc65536,2026-06-16T03:10:40+00:00,512,16,4,65536,4,262144,3,PyTorch eager projection matmul plus NCCL all-reduce.,torch_eager_projection_collective_loop,torch_microbench,/Users/deep-diver/Developers/TUNIX-TRY/01-CCE/data/mesh_pathology_dense_a100_torch/runs/exp0305_gpu-a100-80gb-4_torch_eager_projection_collective_loop_b16_L512_fsdp1_tp4_tc512_vc65536_fsdp1_tp4_tc512_vc65536_r0/xla,False
A100-80GB,gpu,exp0306_gpu-a100-80gb-4_torch_eager_projection_collective_loop_b16_L512_fsdp1_tp4_tc512_vc131072_fsdp1_tp4_tc512_vc131072_r0,,-1,512/131072,32,4,A100:4:80GB,eager,306,1,16,primary_gpu_baseline,gpu-a100-80gb-4,320,Chansungs-MacBook-Pro-2.local,10,"fsdp=1,tp=4",projection_collective_loop,dense-synthetic,,0,/Users/deep-diver/Developers/TUNIX-TRY/01-CCE/data/mesh_pathology_dense_a100_torch/runs/exp0306_gpu-a100-80gb-4_torch_eager_projection_collective_loop_b16_L512_fsdp1_tp4_tc512_vc131072_fsdp1_tp4_tc512_vc131072_r0,20260616T031040Z,gpu-a100-80gb-4/torch_eager_projection_collective_loop,0,512,b16/L512,b16_L512_fsdp1_tp4_tc512_vc131072,2026-06-16T03:10:40+00:00,512,16,4,131072,2,262144,3,PyTorch eager projection matmul plus NCCL all-reduce.,torch_eager_projection_collective_loop,torch_microbench,/Users/deep-diver/Developers/TUNIX-TRY/01-CCE/data/mesh_pathology_dense_a100_torch/runs/exp0306_gpu-a100-80gb-4_torch_eager_projection_collective_loop_b16_L512_fsdp1_tp4_tc512_vc131072_fsdp1_tp4_tc512_vc131072_r0/xla,False
A100-80GB,gpu,exp0307_gpu-a100-80gb-4_torch_eager_projection_collective_loop_b16_L512_fsdp1_tp4_tc512_vc262144_fsdp1_tp4_tc512_vc262144_r0,,-1,512/262144,16,4,A100:4:80GB,eager,307,1,16,primary_gpu_baseline,gpu-a100-80gb-4,320,Chansungs-MacBook-Pro-2.local,10,"fsdp=1,tp=4",projection_collective_loop,dense-synthetic,,0,/Users/deep-diver/Developers/TUNIX-TRY/01-CCE/data/mesh_pathology_dense_a100_torch/runs/exp0307_gpu-a100-80gb-4_torch_eager_projection_collective_loop_b16_L512_fsdp1_tp4_tc512_vc262144_fsdp1_tp4_tc512_vc262144_r0,20260616T031040Z,gpu-a100-80gb-4/torch_eager_projection_collective_loop,0,512,b16/L512,b16_L512_fsdp1_tp4_tc512_vc262144,2026-06-16T03:10:40+00:00,512,16,4,262144,1,262144,3,PyTorch eager projection matmul plus NCCL all-reduce.,torch_eager_projection_collective_loop,torch_microbench,/Users/deep-diver/Developers/TUNIX-TRY/01-CCE/data/mesh_pathology_dense_a100_torch/runs/exp0307_gpu-a100-80gb-4_torch_eager_projection_collective_loop_b16_L512_fsdp1_tp4_tc512_vc262144_fsdp1_tp4_tc512_vc262144_r0/xla,False
A100-80GB,gpu,exp0308_gpu-a100-80gb-4_torch_eager_projection_collective_loop_b16_L512_fsdp1_tp4_tc1024_vc4096_fsdp1_tp4_tc1024_vc4096_r0,,-1,1024/4096,512,4,A100:4:80GB,eager,308,1,16,primary_gpu_baseline,gpu-a100-80gb-4,320,Chansungs-MacBook-Pro-2.local,10,"fsdp=1,tp=4",projection_collective_loop,dense-synthetic,,0,/Users/deep-diver/Developers/TUNIX-TRY/01-CCE/data/mesh_pathology_dense_a100_torch/runs/exp0308_gpu-a100-80gb-4_torch_eager_projection_collective_loop_b16_L512_fsdp1_tp4_tc1024_vc4096_fsdp1_tp4_tc1024_vc4096_r0,20260616T031040Z,gpu-a100-80gb-4/torch_eager_projection_collective_loop,0,512,b16/L512,b16_L512_fsdp1_tp4_tc1024_vc4096,2026-06-16T03:10:40+00:00,1024,8,4,4096,64,262144,3,PyTorch eager projection matmul plus NCCL all-reduce.,torch_eager_projection_collective_loop,torch_microbench,/Users/deep-diver/Developers/TUNIX-TRY/01-CCE/data/mesh_pathology_dense_a100_torch/runs/exp0308_gpu-a100-80gb-4_torch_eager_projection_collective_loop_b16_L512_fsdp1_tp4_tc1024_vc4096_fsdp1_tp4_tc1024_vc4096_r0/xla,False
A100-80GB,gpu,exp0309_gpu-a100-80gb-4_torch_eager_projection_collective_loop_b16_L512_fsdp1_tp4_tc1024_vc8192_fsdp1_tp4_tc1024_vc8192_r0,,-1,1024/8192,256,4,A100:4:80GB,eager,309,1,16,primary_gpu_baseline,gpu-a100-80gb-4,320,Chansungs-MacBook-Pro-2.local,10,"fsdp=1,tp=4",projection_collective_loop,dense-synthetic,,0,/Users/deep-diver/Developers/TUNIX-TRY/01-CCE/data/mesh_pathology_dense_a100_torch/runs/exp0309_gpu-a100-80gb-4_torch_eager_projection_collective_loop_b16_L512_fsdp1_tp4_tc1024_vc8192_fsdp1_tp4_tc1024_vc8192_r0,20260616T031040Z,gpu-a100-80gb-4/torch_eager_projection_collective_loop,0,512,b16/L512,b16_L512_fsdp1_tp4_tc1024_vc8192,2026-06-16T03:10:40+00:00,1024,8,4,8192,32,262144,3,PyTorch eager projection matmul plus NCCL all-reduce.,torch_eager_projection_collective_loop,torch_microbench,/Users/deep-diver/Developers/TUNIX-TRY/01-CCE/data/mesh_pathology_dense_a100_torch/runs/exp0309_gpu-a100-80gb-4_torch_eager_projection_collective_loop_b16_L512_fsdp1_tp4_tc1024_vc8192_fsdp1_tp4_tc1024_vc8192_r0/xla,False
A100-80GB,gpu,exp0310_gpu-a100-80gb-4_torch_eager_projection_collective_loop_b16_L512_fsdp1_tp4_tc1024_vc16384_fsdp1_tp4_tc1024_vc16384_r0,,-1,1024/16384,128,4,A100:4:80GB,eager,310,1,16,primary_gpu_baseline,gpu-a100-80gb-4,320,Chansungs-MacBook-Pro-2.local,10,"fsdp=1,tp=4",projection_collective_loop,dense-synthetic,,0,/Users/deep-diver/Developers/TUNIX-TRY/01-CCE/data/mesh_pathology_dense_a100_torch/runs/exp0310_gpu-a100-80gb-4_torch_eager_projection_collective_loop_b16_L512_fsdp1_tp4_tc1024_vc16384_fsdp1_tp4_tc1024_vc16384_r0,20260616T031040Z,gpu-a100-80gb-4/torch_eager_projection_collective_loop,0,512,b16/L512,b16_L512_fsdp1_tp4_tc1024_vc16384,2026-06-16T03:10:40+00:00,1024,8,4,16384,16,262144,3,PyTorch eager projection matmul plus NCCL all-reduce.,torch_eager_projection_collective_loop,torch_microbench,/Users/deep-diver/Developers/TUNIX-TRY/01-CCE/data/mesh_pathology_dense_a100_torch/runs/exp0310_gpu-a100-80gb-4_torch_eager_projection_collective_loop_b16_L512_fsdp1_tp4_tc1024_vc16384_fsdp1_tp4_tc1024_vc16384_r0/xla,False
A100-80GB,gpu,exp0311_gpu-a100-80gb-4_torch_eager_projection_collective_loop_b16_L512_fsdp1_tp4_tc1024_vc32768_fsdp1_tp4_tc1024_vc32768_r0,,-1,1024/32768,64,4,A100:4:80GB,eager,311,1,16,primary_gpu_baseline,gpu-a100-80gb-4,320,Chansungs-MacBook-Pro-2.local,10,"fsdp=1,tp=4",projection_collective_loop,dense-synthetic,,0,/Users/deep-diver/Developers/TUNIX-TRY/01-CCE/data/mesh_pathology_dense_a100_torch/runs/exp0311_gpu-a100-80gb-4_torch_eager_projection_collective_loop_b16_L512_fsdp1_tp4_tc1024_vc32768_fsdp1_tp4_tc1024_vc32768_r0,20260616T031040Z,gpu-a100-80gb-4/torch_eager_projection_collective_loop,0,512,b16/L512,b16_L512_fsdp1_tp4_tc1024_vc32768,2026-06-16T03:10:40+00:00,1024,8,4,32768,8,262144,3,PyTorch eager projection matmul plus NCCL all-reduce.,torch_eager_projection_collective_loop,torch_microbench,/Users/deep-diver/Developers/TUNIX-TRY/01-CCE/data/mesh_pathology_dense_a100_torch/runs/exp0311_gpu-a100-80gb-4_torch_eager_projection_collective_loop_b16_L512_fsdp1_tp4_tc1024_vc32768_fsdp1_tp4_tc1024_vc32768_r0/xla,False
A100-80GB,gpu,exp0313_gpu-a100-80gb-4_torch_eager_projection_collective_loop_b16_L512_fsdp1_tp4_tc1024_vc131072_fsdp1_tp4_tc1024_vc131072_r0,,-1,1024/131072,16,4,A100:4:80GB,eager,313,1,16,primary_gpu_baseline,gpu-a100-80gb-4,320,Chansungs-MacBook-Pro-2.local,10,"fsdp=1,tp=4",projection_collective_loop,dense-synthetic,,0,/Users/deep-diver/Developers/TUNIX-TRY/01-CCE/data/mesh_pathology_dense_a100_torch/runs/exp0313_gpu-a100-80gb-4_torch_eager_projection_collective_loop_b16_L512_fsdp1_tp4_tc1024_vc131072_fsdp1_tp4_tc1024_vc131072_r0,20260616T031040Z,gpu-a100-80gb-4/torch_eager_projection_collective_loop,0,512,b16/L512,b16_L512_fsdp1_tp4_tc1024_vc131072,2026-06-16T03:10:40+00:00,1024,8,4,131072,2,262144,3,PyTorch eager projection matmul plus NCCL all-reduce.,torch_eager_projection_collective_loop,torch_microbench,/Users/deep-diver/Developers/TUNIX-TRY/01-CCE/data/mesh_pathology_dense_a100_torch/runs/exp0313_gpu-a100-80gb-4_torch_eager_projection_collective_loop_b16_L512_fsdp1_tp4_tc1024_vc131072_fsdp1_tp4_tc1024_vc131072_r0/xla,False
A100-80GB,gpu,exp0314_gpu-a100-80gb-4_torch_eager_projection_collective_loop_b16_L512_fsdp1_tp4_tc1024_vc262144_fsdp1_tp4_tc1024_vc262144_r0,,-1,1024/262144,8,4,A100:4:80GB,eager,314,1,16,primary_gpu_baseline,gpu-a100-80gb-4,320,Chansungs-MacBook-Pro-2.local,10,"fsdp=1,tp=4",projection_collective_loop,dense-synthetic,,0,/Users/deep-diver/Developers/TUNIX-TRY/01-CCE/data/mesh_pathology_dense_a100_torch/runs/exp0314_gpu-a100-80gb-4_torch_eager_projection_collective_loop_b16_L512_fsdp1_tp4_tc1024_vc262144_fsdp1_tp4_tc1024_vc262144_r0,20260616T031040Z,gpu-a100-80gb-4/torch_eager_projection_collective_loop,0,512,b16/L512,b16_L512_fsdp1_tp4_tc1024_vc262144,2026-06-16T03:10:40+00:00,1024,8,4,262144,1,262144,3,PyTorch eager projection matmul plus NCCL all-reduce.,torch_eager_projection_collective_loop,torch_microbench,/Users/deep-diver/Developers/TUNIX-TRY/01-CCE/data/mesh_pathology_dense_a100_torch/runs/exp0314_gpu-a100-80gb-4_torch_eager_projection_collective_loop_b16_L512_fsdp1_tp4_tc1024_vc262144_fsdp1_tp4_tc1024_vc262144_r0/xla,False
