 Project          deep-diver-main                              
 User             deep-diver                                   
 Type             task (nodes=1)                               
 Resources        cpu=2.. mem=8GB.. disk=100GB gpu=A100:80GB:4 
 Spot policy      spot                                         
 Max price        off                                          
 Retry policy     off                                          
 Creation policy  reuse                                        
 Idle duration    5m                                           
 Max duration     2h                                           

 #  BACKEND         RESOURCES                     INSTANCE TYPE   PRICE         
 1  gcp (us-east4)  cpu=48 mem=680GB disk=100GB   a2-ultragpu-4g  $9.2778  idle 
                    gpu=A100:80GB:4 (spot)                                      

 NAME                                BACKE…  GPU     PRICE    STATUS  SUBMITTED 
 mesh-pathology-gpu-a100-cce-retry2  gcp     gpu=A…  $9.2778  runni…  01:43     
                                     (us-e…          (spot)                     

mesh-pathology-gpu-a100-cce-retry2 provisioning completed (running)
Can't connect to the remote host
Hit:1 https://developer.download.nvidia.com/compute/cuda/repos/ubuntu2204/x86_64  InRelease
Hit:2 http://archive.ubuntu.com/ubuntu jammy InRelease
Hit:3 http://security.ubuntu.com/ubuntu jammy-security InRelease
Hit:4 http://archive.ubuntu.com/ubuntu jammy-updates InRelease
Hit:5 http://archive.ubuntu.com/ubuntu jammy-backports InRelease
Reading package lists... Done
Reading package lists... Done
Building dependency tree... Done
Reading state information... Done
The following additional packages will be installed:
  git-man javascript-common less libbrotli1 libcurl3-gnutls liberror-perl
  libexpat1-dev libjs-jquery libjs-sphinxdoc libjs-underscore libnghttp2-14
  libpython3-dev libpython3.10 libpython3.10-dev libpython3.11-minimal
  libpython3.11-stdlib librtmp1 libssh-4 python3-dev python3-distutils
  python3-lib2to3 python3-pip-whl python3-pkg-resources python3-setuptools
  python3-setuptools-whl python3-wheel python3.10-dev python3.11-minimal
  zlib1g-dev
Suggested packages:
  gettext-base git-daemon-run | git-daemon-sysvinit git-doc git-email git-gui
  gitk gitweb git-cvs git-mediawiki git-svn apache2 | lighttpd | httpd
  python-setuptools-doc python3.11-doc binfmt-support
The following NEW packages will be installed:
  git git-man javascript-common less libbrotli1 libcurl3-gnutls liberror-perl
  libexpat1-dev libjs-jquery libjs-sphinxdoc libjs-underscore libnghttp2-14
  libpython3-dev libpython3.10 libpython3.10-dev libpython3.11-minimal
  libpython3.11-stdlib librtmp1 libssh-4 python3-dev python3-distutils
  python3-lib2to3 python3-pip python3-pip-whl python3-pkg-resources
  python3-setuptools python3-setuptools-whl python3-wheel python3.10-dev
  python3.11 python3.11-minimal python3.11-venv zlib1g-dev
0 upgraded, 33 newly installed, 0 to remove and 93 not upgraded.
Need to get 23.5 MB of archives.
After this operation, 89.3 MB of additional disk space will be used.
Get:1 http://archive.ubuntu.com/ubuntu jammy-updates/universe amd64 libpython3.11-minimal amd64 3.11.0~rc1-1~22.04 [837 kB]
Get:2 http://archive.ubuntu.com/ubuntu jammy-updates/universe amd64 python3.11-minimal amd64 3.11.0~rc1-1~22.04 [2370 kB]
Get:3 http://archive.ubuntu.com/ubuntu jammy-updates/main amd64 less amd64 590-1ubuntu0.22.04.3 [142 kB]
Get:4 http://archive.ubuntu.com/ubuntu jammy-updates/main amd64 python3-pkg-resources all 59.6.0-1.2ubuntu0.22.04.3 [133 kB]
Get:5 http://archive.ubuntu.com/ubuntu jammy-updates/main amd64 libnghttp2-14 amd64 1.43.0-1ubuntu0.3 [76.7 kB]
Get:6 http://archive.ubuntu.com/ubuntu jammy/main amd64 libbrotli1 amd64 1.0.9-2build6 [315 kB]
Get:7 http://archive.ubuntu.com/ubuntu jammy/main amd64 librtmp1 amd64 2.4+20151223.gitfa8646d.1-2build4 [58.2 kB]
Get:8 http://archive.ubuntu.com/ubuntu jammy-updates/main amd64 libssh-4 amd64 0.9.6-2ubuntu0.22.04.7 [187 kB]
Get:9 http://archive.ubuntu.com/ubuntu jammy-updates/main amd64 libcurl3-gnutls amd64 7.81.0-1ubuntu1.24 [285 kB]
Get:10 http://archive.ubuntu.com/ubuntu jammy/main amd64 liberror-perl all 0.17029-1 [26.5 kB]
Get:11 http://archive.ubuntu.com/ubuntu jammy-updates/main amd64 git-man all 1:2.34.1-1ubuntu1.17 [954 kB]
Get:12 http://archive.ubuntu.com/ubuntu jammy-updates/main amd64 git amd64 1:2.34.1-1ubuntu1.17 [3174 kB]
Get:13 http://archive.ubuntu.com/ubuntu jammy/main amd64 javascript-common all 11+nmu1 [5936 B]
Get:14 http://archive.ubuntu.com/ubuntu jammy-updates/main amd64 libexpat1-dev amd64 2.4.7-1ubuntu0.7 [148 kB]
Get:15 http://archive.ubuntu.com/ubuntu jammy/main amd64 libjs-jquery all 3.6.0+dfsg+~3.5.13-1 [321 kB]
Get:16 http://archive.ubuntu.com/ubuntu jammy/main amd64 libjs-underscore all 1.13.2~dfsg-2 [118 kB]
Get:17 http://archive.ubuntu.com/ubuntu jammy/main amd64 libjs-sphinxdoc all 4.3.2-1 [139 kB]
Get:18 http://archive.ubuntu.com/ubuntu jammy-updates/main amd64 libpython3.10 amd64 3.10.12-1~22.04.15 [1949 kB]
Get:19 http://archive.ubuntu.com/ubuntu jammy-updates/main amd64 zlib1g-dev amd64 1:1.2.11.dfsg-2ubuntu9.2 [164 kB]
Get:20 http://archive.ubuntu.com/ubuntu jammy-updates/main amd64 libpython3.10-dev amd64 3.10.12-1~22.04.15 [4764 kB]
Get:21 http://archive.ubuntu.com/ubuntu jammy-updates/main amd64 libpython3-dev amd64 3.10.6-1~22.04.1 [7064 B]
Get:22 http://archive.ubuntu.com/ubuntu jammy-updates/universe amd64 libpython3.11-stdlib amd64 3.11.0~rc1-1~22.04 [1859 kB]
Get:23 http://archive.ubuntu.com/ubuntu jammy-updates/main amd64 python3.10-dev amd64 3.10.12-1~22.04.15 [508 kB]
Get:24 http://archive.ubuntu.com/ubuntu jammy-updates/main amd64 python3-lib2to3 all 3.10.8-1~22.04 [77.6 kB]
Get:25 http://archive.ubuntu.com/ubuntu jammy-updates/main amd64 python3-distutils all 3.10.8-1~22.04 [139 kB]
Get:26 http://archive.ubuntu.com/ubuntu jammy-updates/main amd64 python3-dev amd64 3.10.6-1~22.04.1 [26.0 kB]
Get:27 http://archive.ubuntu.com/ubuntu jammy-updates/main amd64 python3-setuptools all 59.6.0-1.2ubuntu0.22.04.3 [340 kB]
Get:28 http://archive.ubuntu.com/ubuntu jammy-updates/universe amd64 python3-wheel all 0.37.1-2ubuntu0.22.04.1 [32.0 kB]
Get:29 http://archive.ubuntu.com/ubuntu jammy-updates/universe amd64 python3-pip all 22.0.2+dfsg-1ubuntu0.7 [1306 kB]
Get:30 http://archive.ubuntu.com/ubuntu jammy-updates/universe amd64 python3-pip-whl all 22.0.2+dfsg-1ubuntu0.7 [1683 kB]
Get:31 http://archive.ubuntu.com/ubuntu jammy-updates/universe amd64 python3-setuptools-whl all 59.6.0-1.2ubuntu0.22.04.3 [789 kB]
Get:32 http://archive.ubuntu.com/ubuntu jammy-updates/universe amd64 python3.11 amd64 3.11.0~rc1-1~22.04 [550 kB]
Get:33 http://archive.ubuntu.com/ubuntu jammy-updates/universe amd64 python3.11-venv amd64 3.11.0~rc1-1~22.04 [5730 B]
Fetched 23.5 MB in 0s (50.2 MB/s)
debconf: delaying package configuration, since apt-utils is not installed
Selecting previously unselected package libpython3.11-minimal:amd64.
(Reading database ... 20316 files and directories currently installed.)
Preparing to unpack .../00-libpython3.11-minimal_3.11.0~rc1-1~22.04_amd64.deb ...
Unpacking libpython3.11-minimal:amd64 (3.11.0~rc1-1~22.04) ...
Selecting previously unselected package python3.11-minimal.
Preparing to unpack .../01-python3.11-minimal_3.11.0~rc1-1~22.04_amd64.deb ...
Unpacking python3.11-minimal (3.11.0~rc1-1~22.04) ...
Selecting previously unselected package less.
Preparing to unpack .../02-less_590-1ubuntu0.22.04.3_amd64.deb ...
Unpacking less (590-1ubuntu0.22.04.3) ...
Selecting previously unselected package python3-pkg-resources.
Preparing to unpack .../03-python3-pkg-resources_59.6.0-1.2ubuntu0.22.04.3_all.deb ...
Unpacking python3-pkg-resources (59.6.0-1.2ubuntu0.22.04.3) ...
Selecting previously unselected package libnghttp2-14:amd64.
Preparing to unpack .../04-libnghttp2-14_1.43.0-1ubuntu0.3_amd64.deb ...
Unpacking libnghttp2-14:amd64 (1.43.0-1ubuntu0.3) ...
Selecting previously unselected package libbrotli1:amd64.
Preparing to unpack .../05-libbrotli1_1.0.9-2build6_amd64.deb ...
Unpacking libbrotli1:amd64 (1.0.9-2build6) ...
Selecting previously unselected package librtmp1:amd64.
Preparing to unpack .../06-librtmp1_2.4+20151223.gitfa8646d.1-2build4_amd64.deb ...
Unpacking librtmp1:amd64 (2.4+20151223.gitfa8646d.1-2build4) ...
Selecting previously unselected package libssh-4:amd64.
Preparing to unpack .../07-libssh-4_0.9.6-2ubuntu0.22.04.7_amd64.deb ...
Unpacking libssh-4:amd64 (0.9.6-2ubuntu0.22.04.7) ...
Selecting previously unselected package libcurl3-gnutls:amd64.
Preparing to unpack .../08-libcurl3-gnutls_7.81.0-1ubuntu1.24_amd64.deb ...
Unpacking libcurl3-gnutls:amd64 (7.81.0-1ubuntu1.24) ...
Selecting previously unselected package liberror-perl.
Preparing to unpack .../09-liberror-perl_0.17029-1_all.deb ...
Unpacking liberror-perl (0.17029-1) ...
Selecting previously unselected package git-man.
Preparing to unpack .../10-git-man_1%3a2.34.1-1ubuntu1.17_all.deb ...
Unpacking git-man (1:2.34.1-1ubuntu1.17) ...
Selecting previously unselected package git.
Preparing to unpack .../11-git_1%3a2.34.1-1ubuntu1.17_amd64.deb ...
Unpacking git (1:2.34.1-1ubuntu1.17) ...
Selecting previously unselected package javascript-common.
Preparing to unpack .../12-javascript-common_11+nmu1_all.deb ...
Unpacking javascript-common (11+nmu1) ...
Selecting previously unselected package libexpat1-dev:amd64.
Preparing to unpack .../13-libexpat1-dev_2.4.7-1ubuntu0.7_amd64.deb ...
Unpacking libexpat1-dev:amd64 (2.4.7-1ubuntu0.7) ...
Selecting previously unselected package libjs-jquery.
Preparing to unpack .../14-libjs-jquery_3.6.0+dfsg+~3.5.13-1_all.deb ...
Unpacking libjs-jquery (3.6.0+dfsg+~3.5.13-1) ...
Selecting previously unselected package libjs-underscore.
Preparing to unpack .../15-libjs-underscore_1.13.2~dfsg-2_all.deb ...
Unpacking libjs-underscore (1.13.2~dfsg-2) ...
Selecting previously unselected package libjs-sphinxdoc.
Preparing to unpack .../16-libjs-sphinxdoc_4.3.2-1_all.deb ...
Unpacking libjs-sphinxdoc (4.3.2-1) ...
Selecting previously unselected package libpython3.10:amd64.
Preparing to unpack .../17-libpython3.10_3.10.12-1~22.04.15_amd64.deb ...
Unpacking libpython3.10:amd64 (3.10.12-1~22.04.15) ...
Selecting previously unselected package zlib1g-dev:amd64.
Preparing to unpack .../18-zlib1g-dev_1%3a1.2.11.dfsg-2ubuntu9.2_amd64.deb ...
Unpacking zlib1g-dev:amd64 (1:1.2.11.dfsg-2ubuntu9.2) ...
Selecting previously unselected package libpython3.10-dev:amd64.
Preparing to unpack .../19-libpython3.10-dev_3.10.12-1~22.04.15_amd64.deb ...
Unpacking libpython3.10-dev:amd64 (3.10.12-1~22.04.15) ...
Selecting previously unselected package libpython3-dev:amd64.
Preparing to unpack .../20-libpython3-dev_3.10.6-1~22.04.1_amd64.deb ...
Unpacking libpython3-dev:amd64 (3.10.6-1~22.04.1) ...
Selecting previously unselected package libpython3.11-stdlib:amd64.
Preparing to unpack .../21-libpython3.11-stdlib_3.11.0~rc1-1~22.04_amd64.deb ...
Unpacking libpython3.11-stdlib:amd64 (3.11.0~rc1-1~22.04) ...
Selecting previously unselected package python3.10-dev.
Preparing to unpack .../22-python3.10-dev_3.10.12-1~22.04.15_amd64.deb ...
Unpacking python3.10-dev (3.10.12-1~22.04.15) ...
Selecting previously unselected package python3-lib2to3.
Preparing to unpack .../23-python3-lib2to3_3.10.8-1~22.04_all.deb ...
Unpacking python3-lib2to3 (3.10.8-1~22.04) ...
Selecting previously unselected package python3-distutils.
Preparing to unpack .../24-python3-distutils_3.10.8-1~22.04_all.deb ...
Unpacking python3-distutils (3.10.8-1~22.04) ...
Selecting previously unselected package python3-dev.
Preparing to unpack .../25-python3-dev_3.10.6-1~22.04.1_amd64.deb ...
Unpacking python3-dev (3.10.6-1~22.04.1) ...
Selecting previously unselected package python3-setuptools.
Preparing to unpack .../26-python3-setuptools_59.6.0-1.2ubuntu0.22.04.3_all.deb ...
Unpacking python3-setuptools (59.6.0-1.2ubuntu0.22.04.3) ...
Selecting previously unselected package python3-wheel.
Preparing to unpack .../27-python3-wheel_0.37.1-2ubuntu0.22.04.1_all.deb ...
Unpacking python3-wheel (0.37.1-2ubuntu0.22.04.1) ...
Selecting previously unselected package python3-pip.
Preparing to unpack .../28-python3-pip_22.0.2+dfsg-1ubuntu0.7_all.deb ...
Unpacking python3-pip (22.0.2+dfsg-1ubuntu0.7) ...
Selecting previously unselected package python3-pip-whl.
Preparing to unpack .../29-python3-pip-whl_22.0.2+dfsg-1ubuntu0.7_all.deb ...
Unpacking python3-pip-whl (22.0.2+dfsg-1ubuntu0.7) ...
Selecting previously unselected package python3-setuptools-whl.
Preparing to unpack .../30-python3-setuptools-whl_59.6.0-1.2ubuntu0.22.04.3_all.deb ...
Unpacking python3-setuptools-whl (59.6.0-1.2ubuntu0.22.04.3) ...
Selecting previously unselected package python3.11.
Preparing to unpack .../31-python3.11_3.11.0~rc1-1~22.04_amd64.deb ...
Unpacking python3.11 (3.11.0~rc1-1~22.04) ...
Selecting previously unselected package python3.11-venv.
Preparing to unpack .../32-python3.11-venv_3.11.0~rc1-1~22.04_amd64.deb ...
Unpacking python3.11-venv (3.11.0~rc1-1~22.04) ...
Setting up python3-pkg-resources (59.6.0-1.2ubuntu0.22.04.3) ...
Setting up javascript-common (11+nmu1) ...
Setting up libpython3.10:amd64 (3.10.12-1~22.04.15) ...
Setting up python3-setuptools-whl (59.6.0-1.2ubuntu0.22.04.3) ...
Setting up python3-pip-whl (22.0.2+dfsg-1ubuntu0.7) ...
Setting up libbrotli1:amd64 (1.0.9-2build6) ...
Setting up libnghttp2-14:amd64 (1.43.0-1ubuntu0.3) ...
Setting up less (590-1ubuntu0.22.04.3) ...
Setting up liberror-perl (0.17029-1) ...
Setting up libexpat1-dev:amd64 (2.4.7-1ubuntu0.7) ...
Setting up librtmp1:amd64 (2.4+20151223.gitfa8646d.1-2build4) ...
Setting up libssh-4:amd64 (0.9.6-2ubuntu0.22.04.7) ...
Setting up zlib1g-dev:amd64 (1:1.2.11.dfsg-2ubuntu9.2) ...
Setting up git-man (1:2.34.1-1ubuntu1.17) ...
Setting up libpython3.11-minimal:amd64 (3.11.0~rc1-1~22.04) ...
Setting up libjs-jquery (3.6.0+dfsg+~3.5.13-1) ...
Setting up python3-lib2to3 (3.10.8-1~22.04) ...
Setting up libjs-underscore (1.13.2~dfsg-2) ...
Setting up python3-distutils (3.10.8-1~22.04) ...
Setting up python3.11-minimal (3.11.0~rc1-1~22.04) ...
Setting up python3-setuptools (59.6.0-1.2ubuntu0.22.04.3) ...
Setting up libpython3.11-stdlib:amd64 (3.11.0~rc1-1~22.04) ...
Setting up libcurl3-gnutls:amd64 (7.81.0-1ubuntu1.24) ...
Setting up python3-wheel (0.37.1-2ubuntu0.22.04.1) ...
Setting up libpython3.10-dev:amd64 (3.10.12-1~22.04.15) ...
Setting up git (1:2.34.1-1ubuntu1.17) ...
Setting up python3-pip (22.0.2+dfsg-1ubuntu0.7) ...
Setting up libjs-sphinxdoc (4.3.2-1) ...
Setting up python3.10-dev (3.10.12-1~22.04.15) ...
Setting up python3.11 (3.11.0~rc1-1~22.04) ...
Setting up libpython3-dev:amd64 (3.10.6-1~22.04.1) ...
Setting up python3.11-venv (3.11.0~rc1-1~22.04) ...
Setting up python3-dev (3.10.6-1~22.04.1) ...
Processing triggers for libc-bin (2.35-0ubuntu3.6) ...
Requirement already satisfied: pip in ./.venv/lib/python3.11/site-packages (22.0.2)
Collecting pip
  Downloading pip-26.1.2-py3-none-any.whl (1.8 MB)
     ━━━━━━━━━━━━━━━━━━━━━━━━━━━━━━━━━━━━━━━━ 1.8/1.8 MB 32.5 MB/s eta 0:00:00
Collecting wheel
  Downloading wheel-0.47.0-py3-none-any.whl (32 kB)
Requirement already satisfied: setuptools in ./.venv/lib/python3.11/site-packages (59.6.0)
Collecting setuptools
  Downloading setuptools-82.0.1-py3-none-any.whl (1.0 MB)
     ━━━━━━━━━━━━━━━━━━━━━━━━━━━━━━━━━━━━━━━━ 1.0/1.0 MB 96.5 MB/s eta 0:00:00
Collecting packaging>=24.0
  Downloading packaging-26.2-py3-none-any.whl (100 kB)
     ━━━━━━━━━━━━━━━━━━━━━━━━━━━━━━━━━━━━━━ 100.2/100.2 KB 29.2 MB/s eta 0:00:00
Installing collected packages: setuptools, pip, packaging, wheel
  Attempting uninstall: setuptools
    Found existing installation: setuptools 59.6.0
    Uninstalling setuptools-59.6.0:
      Successfully uninstalled setuptools-59.6.0
  Attempting uninstall: pip
    Found existing installation: pip 22.0.2
    Uninstalling pip-22.0.2:
      Successfully uninstalled pip-22.0.2
Successfully installed packaging-26.2 pip-26.1.2 setuptools-82.0.1 wheel-0.47.0
Collecting google-tunix @ git+https://github.com/google/tunix.git@43cb3bdf019d048bf3c9f3926555152ec536f8a9 (from -r requirements.txt (line 1))
  Cloning https://github.com/google/tunix.git (to revision 43cb3bdf019d048bf3c9f3926555152ec536f8a9) to /tmp/pip-install-04dqbaek/google-tunix_ebfee2c36be24807ae7dc7959908a7a5
  Running command git clone --filter=blob:none --quiet https://github.com/google/tunix.git /tmp/pip-install-04dqbaek/google-tunix_ebfee2c36be24807ae7dc7959908a7a5
  Running command git rev-parse -q --verify 'sha^43cb3bdf019d048bf3c9f3926555152ec536f8a9'
  Running command git fetch -q https://github.com/google/tunix.git 43cb3bdf019d048bf3c9f3926555152ec536f8a9
  Running command git checkout -q 43cb3bdf019d048bf3c9f3926555152ec536f8a9
  Resolved https://github.com/google/tunix.git to commit 43cb3bdf019d048bf3c9f3926555152ec536f8a9
  Installing build dependencies ... done
  Getting requirements to build wheel ... done
  Preparing metadata (pyproject.toml) ... done
Collecting qwix==0.1.6 (from -r requirements.txt (line 2))
  Downloading qwix-0.1.6-py3-none-any.whl.metadata (7.0 kB)
Collecting kagglehub==0.4.3 (from -r requirements.txt (line 3))
  Downloading kagglehub-0.4.3-py3-none-any.whl.metadata (40 kB)
Collecting importlib_resources (from -r requirements.txt (line 4))
  Downloading importlib_resources-7.1.0-py3-none-any.whl.metadata (4.0 kB)
Collecting tensorflow (from -r requirements.txt (line 5))
  Downloading tensorflow-2.21.0-cp311-cp311-manylinux_2_27_x86_64.whl.metadata (4.4 kB)
Collecting datasets (from -r requirements.txt (line 6))
  Downloading datasets-5.0.0-py3-none-any.whl.metadata (23 kB)
Collecting gcsfs==2026.2.0 (from -r requirements.txt (line 7))
  Downloading gcsfs-2026.2.0-py3-none-any.whl.metadata (2.1 kB)
Collecting matplotlib (from -r requirements.txt (line 9))
  Downloading matplotlib-3.11.0-cp311-cp311-manylinux2014_x86_64.manylinux_2_17_x86_64.whl.metadata (80 kB)
Collecting sacrebleu (from -r requirements.txt (line 10))
  Downloading sacrebleu-2.6.0-py3-none-any.whl.metadata (39 kB)
Collecting transformers (from -r requirements.txt (line 11))
  Downloading transformers-5.12.0-py3-none-any.whl.metadata (33 kB)
Collecting jax[cpu] (from -r requirements.txt (line 8))
  Downloading jax-0.10.1-py3-none-any.whl.metadata (13 kB)
Collecting flax>=0.11.1 (from google-tunix @ git+https://github.com/google/tunix.git@43cb3bdf019d048bf3c9f3926555152ec536f8a9->-r requirements.txt (line 1))
  Downloading flax-0.12.7-py3-none-any.whl.metadata (11 kB)
Collecting fsspec (from google-tunix @ git+https://github.com/google/tunix.git@43cb3bdf019d048bf3c9f3926555152ec536f8a9->-r requirements.txt (line 1))
  Downloading fsspec-2026.4.0-py3-none-any.whl.metadata (10 kB)
Collecting google-metrax>=0.2.3 (from google-tunix @ git+https://github.com/google/tunix.git@43cb3bdf019d048bf3c9f3926555152ec536f8a9->-r requirements.txt (line 1))
  Downloading google_metrax-0.2.4-py3-none-any.whl.metadata (16 kB)
Collecting grain (from google-tunix @ git+https://github.com/google/tunix.git@43cb3bdf019d048bf3c9f3926555152ec536f8a9->-r requirements.txt (line 1))
  Downloading grain-0.2.17-cp311-cp311-manylinux_2_24_x86_64.manylinux_2_28_x86_64.whl.metadata (16 kB)
Collecting hf_transfer (from google-tunix @ git+https://github.com/google/tunix.git@43cb3bdf019d048bf3c9f3926555152ec536f8a9->-r requirements.txt (line 1))
  Downloading hf_transfer-0.1.9-cp38-abi3-manylinux_2_17_x86_64.manylinux2014_x86_64.whl.metadata (1.7 kB)
Collecting huggingface_hub (from google-tunix @ git+https://github.com/google/tunix.git@43cb3bdf019d048bf3c9f3926555152ec536f8a9->-r requirements.txt (line 1))
  Downloading huggingface_hub-1.19.0-py3-none-any.whl.metadata (14 kB)
Collecting jaxtyping (from google-tunix @ git+https://github.com/google/tunix.git@43cb3bdf019d048bf3c9f3926555152ec536f8a9->-r requirements.txt (line 1))
  Downloading jaxtyping-0.3.11-py3-none-any.whl.metadata (6.2 kB)
Collecting jinja2 (from google-tunix @ git+https://github.com/google/tunix.git@43cb3bdf019d048bf3c9f3926555152ec536f8a9->-r requirements.txt (line 1))
  Downloading jinja2-3.1.6-py3-none-any.whl.metadata (2.9 kB)
Collecting numba (from google-tunix @ git+https://github.com/google/tunix.git@43cb3bdf019d048bf3c9f3926555152ec536f8a9->-r requirements.txt (line 1))
  Downloading numba-0.65.1-cp311-cp311-manylinux2014_x86_64.manylinux_2_17_x86_64.whl.metadata (2.9 kB)
Collecting omegaconf (from google-tunix @ git+https://github.com/google/tunix.git@43cb3bdf019d048bf3c9f3926555152ec536f8a9->-r requirements.txt (line 1))
  Downloading omegaconf-2.3.1-py3-none-any.whl.metadata (4.5 kB)
Collecting pillow (from google-tunix @ git+https://github.com/google/tunix.git@43cb3bdf019d048bf3c9f3926555152ec536f8a9->-r requirements.txt (line 1))
  Downloading pillow-12.2.0-cp311-cp311-manylinux_2_27_x86_64.manylinux_2_28_x86_64.whl.metadata (8.8 kB)
Collecting pylatexenc (from google-tunix @ git+https://github.com/google/tunix.git@43cb3bdf019d048bf3c9f3926555152ec536f8a9->-r requirements.txt (line 1))
  Downloading pylatexenc-2.10.tar.gz (162 kB)
  Installing build dependencies ... done
  Getting requirements to build wheel ... done
  Preparing metadata (pyproject.toml) ... done
Collecting python-dotenv (from google-tunix @ git+https://github.com/google/tunix.git@43cb3bdf019d048bf3c9f3926555152ec536f8a9->-r requirements.txt (line 1))
  Downloading python_dotenv-1.2.2-py3-none-any.whl.metadata (27 kB)
Collecting perfetto (from google-tunix @ git+https://github.com/google/tunix.git@43cb3bdf019d048bf3c9f3926555152ec536f8a9->-r requirements.txt (line 1))
  Downloading perfetto-0.56.0-py3-none-any.whl.metadata (1.1 kB)
Collecting sentencepiece (from google-tunix @ git+https://github.com/google/tunix.git@43cb3bdf019d048bf3c9f3926555152ec536f8a9->-r requirements.txt (line 1))
  Downloading sentencepiece-0.2.1-cp311-cp311-manylinux_2_27_x86_64.manylinux_2_28_x86_64.whl.metadata (10 kB)
Collecting sympy (from google-tunix @ git+https://github.com/google/tunix.git@43cb3bdf019d048bf3c9f3926555152ec536f8a9->-r requirements.txt (line 1))
  Downloading sympy-1.14.0-py3-none-any.whl.metadata (12 kB)
Collecting tensorflow_datasets (from google-tunix @ git+https://github.com/google/tunix.git@43cb3bdf019d048bf3c9f3926555152ec536f8a9->-r requirements.txt (line 1))
  Downloading tensorflow_datasets-4.9.10-py3-none-any.whl.metadata (11 kB)
Collecting tqdm (from google-tunix @ git+https://github.com/google/tunix.git@43cb3bdf019d048bf3c9f3926555152ec536f8a9->-r requirements.txt (line 1))
  Downloading tqdm-4.68.2-py3-none-any.whl.metadata (58 kB)
Collecting transformers (from -r requirements.txt (line 11))
  Downloading transformers-4.57.1-py3-none-any.whl.metadata (43 kB)
Collecting tenacity (from google-tunix @ git+https://github.com/google/tunix.git@43cb3bdf019d048bf3c9f3926555152ec536f8a9->-r requirements.txt (line 1))
  Downloading tenacity-9.1.4-py3-none-any.whl.metadata (1.2 kB)
Collecting jaxlib (from qwix==0.1.6->-r requirements.txt (line 2))
  Downloading jaxlib-0.10.1-cp311-cp311-manylinux_2_27_x86_64.whl.metadata (1.3 kB)
Collecting numpy (from qwix==0.1.6->-r requirements.txt (line 2))
  Downloading numpy-2.4.6-cp311-cp311-manylinux_2_27_x86_64.manylinux_2_28_x86_64.whl.metadata (6.6 kB)
Collecting opt_einsum (from qwix==0.1.6->-r requirements.txt (line 2))
  Downloading opt_einsum-3.4.0-py3-none-any.whl.metadata (6.3 kB)
Collecting absl-py (from qwix==0.1.6->-r requirements.txt (line 2))
  Downloading absl_py-2.4.0-py3-none-any.whl.metadata (3.3 kB)
Collecting kagglesdk<1.0,>=0.1.14 (from kagglehub==0.4.3->-r requirements.txt (line 3))
  Downloading kagglesdk-0.1.30-py3-none-any.whl.metadata (13 kB)
Requirement already satisfied: packaging in ./.venv/lib/python3.11/site-packages (from kagglehub==0.4.3->-r requirements.txt (line 3)) (26.2)
Collecting pyyaml (from kagglehub==0.4.3->-r requirements.txt (line 3))
  Downloading pyyaml-6.0.3-cp311-cp311-manylinux2014_x86_64.manylinux_2_17_x86_64.manylinux_2_28_x86_64.whl.metadata (2.4 kB)
Collecting requests (from kagglehub==0.4.3->-r requirements.txt (line 3))
  Downloading requests-2.34.2-py3-none-any.whl.metadata (4.8 kB)
Collecting aiohttp!=4.0.0a0,!=4.0.0a1 (from gcsfs==2026.2.0->-r requirements.txt (line 7))
  Downloading aiohttp-3.14.1-cp311-cp311-manylinux2014_x86_64.manylinux_2_17_x86_64.manylinux_2_28_x86_64.whl.metadata (8.3 kB)
Collecting decorator>4.1.2 (from gcsfs==2026.2.0->-r requirements.txt (line 7))
  Downloading decorator-5.3.1-py3-none-any.whl.metadata (3.9 kB)
Collecting fsspec (from google-tunix @ git+https://github.com/google/tunix.git@43cb3bdf019d048bf3c9f3926555152ec536f8a9->-r requirements.txt (line 1))
  Downloading fsspec-2026.2.0-py3-none-any.whl.metadata (10 kB)
Collecting google-auth>=1.2 (from gcsfs==2026.2.0->-r requirements.txt (line 7))
  Downloading google_auth-2.54.0-py3-none-any.whl.metadata (5.6 kB)
Collecting google-auth-oauthlib (from gcsfs==2026.2.0->-r requirements.txt (line 7))
  Downloading google_auth_oauthlib-1.4.0-py3-none-any.whl.metadata (2.6 kB)
Collecting google-cloud-storage>=3.9.0 (from gcsfs==2026.2.0->-r requirements.txt (line 7))
  Downloading google_cloud_storage-3.12.0-py3-none-any.whl.metadata (15 kB)
Collecting google-cloud-storage-control (from gcsfs==2026.2.0->-r requirements.txt (line 7))
  Downloading google_cloud_storage_control-1.12.0-py3-none-any.whl.metadata (9.8 kB)
Collecting filelock (from transformers->-r requirements.txt (line 11))
  Downloading filelock-3.29.4-py3-none-any.whl.metadata (2.0 kB)
Collecting huggingface_hub (from google-tunix @ git+https://github.com/google/tunix.git@43cb3bdf019d048bf3c9f3926555152ec536f8a9->-r requirements.txt (line 1))
  Downloading huggingface_hub-0.36.2-py3-none-any.whl.metadata (15 kB)
Collecting regex!=2019.12.17 (from transformers->-r requirements.txt (line 11))
  Downloading regex-2026.5.9-cp311-cp311-manylinux2014_x86_64.manylinux_2_17_x86_64.manylinux_2_28_x86_64.whl.metadata (40 kB)
Collecting tokenizers<=0.23.0,>=0.22.0 (from transformers->-r requirements.txt (line 11))
  Downloading tokenizers-0.22.2-cp39-abi3-manylinux_2_17_x86_64.manylinux2014_x86_64.whl.metadata (7.3 kB)
Collecting safetensors>=0.4.3 (from transformers->-r requirements.txt (line 11))
  Downloading safetensors-0.8.0-cp310-abi3-manylinux_2_17_x86_64.manylinux2014_x86_64.whl.metadata (4.2 kB)
Collecting hf-xet<2.0.0,>=1.1.3 (from huggingface_hub->google-tunix @ git+https://github.com/google/tunix.git@43cb3bdf019d048bf3c9f3926555152ec536f8a9->-r requirements.txt (line 1))
  Downloading hf_xet-1.5.1-cp37-abi3-manylinux2014_x86_64.manylinux_2_17_x86_64.whl.metadata (4.9 kB)
Collecting typing-extensions>=3.7.4.3 (from huggingface_hub->google-tunix @ git+https://github.com/google/tunix.git@43cb3bdf019d048bf3c9f3926555152ec536f8a9->-r requirements.txt (line 1))
  Downloading typing_extensions-4.15.0-py3-none-any.whl.metadata (3.3 kB)
Collecting protobuf (from kagglesdk<1.0,>=0.1.14->kagglehub==0.4.3->-r requirements.txt (line 3))
  Downloading protobuf-7.35.1-cp310-abi3-manylinux2014_x86_64.whl.metadata (595 bytes)
Collecting astunparse>=1.6.0 (from tensorflow->-r requirements.txt (line 5))
  Downloading astunparse-1.6.3-py2.py3-none-any.whl.metadata (4.4 kB)
Collecting flatbuffers>=25.9.23 (from tensorflow->-r requirements.txt (line 5))
  Downloading flatbuffers-25.12.19-py2.py3-none-any.whl.metadata (1.0 kB)
Collecting gast!=0.5.0,!=0.5.1,!=0.5.2,>=0.2.1 (from tensorflow->-r requirements.txt (line 5))
  Downloading gast-0.7.0-py3-none-any.whl.metadata (1.5 kB)
Collecting google_pasta>=0.1.1 (from tensorflow->-r requirements.txt (line 5))
  Downloading google_pasta-0.2.0-py3-none-any.whl.metadata (814 bytes)
Collecting libclang>=13.0.0 (from tensorflow->-r requirements.txt (line 5))
  Downloading libclang-18.1.1-py2.py3-none-manylinux2010_x86_64.whl.metadata (5.2 kB)
Requirement already satisfied: setuptools in ./.venv/lib/python3.11/site-packages (from tensorflow->-r requirements.txt (line 5)) (82.0.1)
Collecting six>=1.12.0 (from tensorflow->-r requirements.txt (line 5))
  Downloading six-1.17.0-py2.py3-none-any.whl.metadata (1.7 kB)
Collecting termcolor>=1.1.0 (from tensorflow->-r requirements.txt (line 5))
  Downloading termcolor-3.3.0-py3-none-any.whl.metadata (6.5 kB)
Collecting wrapt>=1.11.0 (from tensorflow->-r requirements.txt (line 5))
  Downloading wrapt-2.2.1-cp311-cp311-manylinux1_x86_64.manylinux_2_28_x86_64.manylinux_2_5_x86_64.whl.metadata (7.4 kB)
Collecting grpcio<2.0,>=1.24.3 (from tensorflow->-r requirements.txt (line 5))
  Downloading grpcio-1.81.1-cp311-cp311-manylinux2014_x86_64.manylinux_2_17_x86_64.whl.metadata (3.7 kB)
Collecting keras>=3.12.0 (from tensorflow->-r requirements.txt (line 5))
  Downloading keras-3.14.1-py3-none-any.whl.metadata (6.3 kB)
Collecting h5py<3.15.0,>=3.11.0 (from tensorflow->-r requirements.txt (line 5))
  Downloading h5py-3.14.0-cp311-cp311-manylinux_2_17_x86_64.manylinux2014_x86_64.whl.metadata (2.7 kB)
Collecting ml_dtypes<1.0.0,>=0.5.1 (from tensorflow->-r requirements.txt (line 5))
  Downloading ml_dtypes-0.5.4-cp311-cp311-manylinux_2_27_x86_64.manylinux_2_28_x86_64.whl.metadata (8.9 kB)
Collecting charset_normalizer<4,>=2 (from requests->kagglehub==0.4.3->-r requirements.txt (line 3))
  Downloading charset_normalizer-3.4.7-cp311-cp311-manylinux2014_x86_64.manylinux_2_17_x86_64.manylinux_2_28_x86_64.whl.metadata (40 kB)
Collecting idna<4,>=2.5 (from requests->kagglehub==0.4.3->-r requirements.txt (line 3))
  Downloading idna-3.18-py3-none-any.whl.metadata (6.1 kB)
Collecting urllib3<3,>=1.26 (from requests->kagglehub==0.4.3->-r requirements.txt (line 3))
  Downloading urllib3-2.7.0-py3-none-any.whl.metadata (6.9 kB)
Collecting certifi>=2023.5.7 (from requests->kagglehub==0.4.3->-r requirements.txt (line 3))
  Downloading certifi-2026.5.20-py3-none-any.whl.metadata (2.5 kB)
Collecting pyarrow>=21.0.0 (from datasets->-r requirements.txt (line 6))
  Downloading pyarrow-24.0.0-cp311-cp311-manylinux_2_28_x86_64.whl.metadata (3.0 kB)
Collecting dill<0.4.2,>=0.3.0 (from datasets->-r requirements.txt (line 6))
  Downloading dill-0.4.1-py3-none-any.whl.metadata (10 kB)
Collecting pandas (from datasets->-r requirements.txt (line 6))
  Downloading pandas-3.0.3-cp311-cp311-manylinux_2_24_x86_64.manylinux_2_28_x86_64.whl.metadata (79 kB)
Collecting httpx<1.0.0 (from datasets->-r requirements.txt (line 6))
  Downloading httpx-0.28.1-py3-none-any.whl.metadata (7.1 kB)
Collecting xxhash (from datasets->-r requirements.txt (line 6))
  Downloading xxhash-3.7.0-cp311-cp311-manylinux2014_x86_64.manylinux_2_17_x86_64.manylinux_2_28_x86_64.whl.metadata (13 kB)
Collecting multiprocess<0.70.20 (from datasets->-r requirements.txt (line 6))
  Downloading multiprocess-0.70.19-py311-none-any.whl.metadata (7.5 kB)
Collecting anyio (from httpx<1.0.0->datasets->-r requirements.txt (line 6))
  Downloading anyio-4.13.0-py3-none-any.whl.metadata (4.5 kB)
Collecting httpcore==1.* (from httpx<1.0.0->datasets->-r requirements.txt (line 6))
  Downloading httpcore-1.0.9-py3-none-any.whl.metadata (21 kB)
Collecting h11>=0.16 (from httpcore==1.*->httpx<1.0.0->datasets->-r requirements.txt (line 6))
  Downloading h11-0.16.0-py3-none-any.whl.metadata (8.3 kB)
Collecting scipy>=1.14 (from jax[cpu]->-r requirements.txt (line 8))
  Downloading scipy-1.17.1-cp311-cp311-manylinux_2_27_x86_64.manylinux_2_28_x86_64.whl.metadata (62 kB)
Collecting contourpy>=1.0.1 (from matplotlib->-r requirements.txt (line 9))
  Downloading contourpy-1.3.3-cp311-cp311-manylinux_2_27_x86_64.manylinux_2_28_x86_64.whl.metadata (5.5 kB)
Collecting cycler>=0.10 (from matplotlib->-r requirements.txt (line 9))
  Downloading cycler-0.12.1-py3-none-any.whl.metadata (3.8 kB)
Collecting fonttools>=4.22.0 (from matplotlib->-r requirements.txt (line 9))
  Downloading fonttools-4.63.0-cp311-cp311-manylinux2014_x86_64.manylinux_2_17_x86_64.whl.metadata (118 kB)
Collecting kiwisolver>=1.3.1 (from matplotlib->-r requirements.txt (line 9))
  Downloading kiwisolver-1.5.0-cp311-cp311-manylinux2014_x86_64.manylinux_2_17_x86_64.whl.metadata (5.1 kB)
Collecting pyparsing>=3 (from matplotlib->-r requirements.txt (line 9))
  Downloading pyparsing-3.3.2-py3-none-any.whl.metadata (5.8 kB)
Collecting python-dateutil>=2.7 (from matplotlib->-r requirements.txt (line 9))
  Downloading python_dateutil-2.9.0.post0-py2.py3-none-any.whl.metadata (8.4 kB)
Collecting portalocker (from sacrebleu->-r requirements.txt (line 10))
  Downloading portalocker-3.2.0-py3-none-any.whl.metadata (8.7 kB)
Collecting tabulate>=0.8.9 (from sacrebleu->-r requirements.txt (line 10))
  Downloading tabulate-0.10.0-py3-none-any.whl.metadata (40 kB)
Collecting colorama (from sacrebleu->-r requirements.txt (line 10))
  Downloading colorama-0.4.6-py2.py3-none-any.whl.metadata (17 kB)
Collecting lxml (from sacrebleu->-r requirements.txt (line 10))
  Downloading lxml-6.1.1-cp311-cp311-manylinux_2_26_x86_64.manylinux_2_28_x86_64.whl.metadata (3.5 kB)
Collecting aiohappyeyeballs>=2.5.0 (from aiohttp!=4.0.0a0,!=4.0.0a1->gcsfs==2026.2.0->-r requirements.txt (line 7))
  Downloading aiohappyeyeballs-2.6.2-py3-none-any.whl.metadata (5.9 kB)
Collecting aiosignal>=1.4.0 (from aiohttp!=4.0.0a0,!=4.0.0a1->gcsfs==2026.2.0->-r requirements.txt (line 7))
  Downloading aiosignal-1.4.0-py3-none-any.whl.metadata (3.7 kB)
Collecting attrs>=17.3.0 (from aiohttp!=4.0.0a0,!=4.0.0a1->gcsfs==2026.2.0->-r requirements.txt (line 7))
  Downloading attrs-26.1.0-py3-none-any.whl.metadata (8.8 kB)
Collecting frozenlist>=1.1.1 (from aiohttp!=4.0.0a0,!=4.0.0a1->gcsfs==2026.2.0->-r requirements.txt (line 7))
  Downloading frozenlist-1.8.0-cp311-cp311-manylinux1_x86_64.manylinux_2_28_x86_64.manylinux_2_5_x86_64.whl.metadata (20 kB)
Collecting multidict<7.0,>=4.5 (from aiohttp!=4.0.0a0,!=4.0.0a1->gcsfs==2026.2.0->-r requirements.txt (line 7))
  Downloading multidict-6.7.1-cp311-cp311-manylinux2014_x86_64.manylinux_2_17_x86_64.manylinux_2_28_x86_64.whl.metadata (5.3 kB)
Collecting propcache>=0.2.0 (from aiohttp!=4.0.0a0,!=4.0.0a1->gcsfs==2026.2.0->-r requirements.txt (line 7))
  Downloading propcache-0.5.2-cp311-cp311-manylinux2014_x86_64.manylinux_2_17_x86_64.manylinux_2_28_x86_64.whl.metadata (16 kB)
Collecting yarl<2.0,>=1.17.0 (from aiohttp!=4.0.0a0,!=4.0.0a1->gcsfs==2026.2.0->-r requirements.txt (line 7))
  Downloading yarl-1.24.2-cp311-cp311-manylinux2014_x86_64.manylinux_2_17_x86_64.manylinux_2_28_x86_64.whl.metadata (94 kB)
Requirement already satisfied: wheel<1.0,>=0.23.0 in ./.venv/lib/python3.11/site-packages (from astunparse>=1.6.0->tensorflow->-r requirements.txt (line 5)) (0.47.0)
Collecting msgpack (from flax>=0.11.1->google-tunix @ git+https://github.com/google/tunix.git@43cb3bdf019d048bf3c9f3926555152ec536f8a9->-r requirements.txt (line 1))
  Downloading msgpack-1.2.0-cp311-cp311-manylinux2014_x86_64.manylinux_2_17_x86_64.manylinux_2_28_x86_64.whl.metadata (8.1 kB)
Collecting optax (from flax>=0.11.1->google-tunix @ git+https://github.com/google/tunix.git@43cb3bdf019d048bf3c9f3926555152ec536f8a9->-r requirements.txt (line 1))
  Downloading optax-0.2.8-py3-none-any.whl.metadata (7.9 kB)
Collecting orbax-checkpoint (from flax>=0.11.1->google-tunix @ git+https://github.com/google/tunix.git@43cb3bdf019d048bf3c9f3926555152ec536f8a9->-r requirements.txt (line 1))
  Downloading orbax_checkpoint-0.12.0-py3-none-any.whl.metadata (3.3 kB)
Collecting tensorstore (from flax>=0.11.1->google-tunix @ git+https://github.com/google/tunix.git@43cb3bdf019d048bf3c9f3926555152ec536f8a9->-r requirements.txt (line 1))
  Downloading tensorstore-0.1.84-cp311-cp311-manylinux_2_27_x86_64.manylinux_2_28_x86_64.whl.metadata (3.3 kB)
Collecting rich>=11.1 (from flax>=0.11.1->google-tunix @ git+https://github.com/google/tunix.git@43cb3bdf019d048bf3c9f3926555152ec536f8a9->-r requirements.txt (line 1))
  Downloading rich-15.0.0-py3-none-any.whl.metadata (18 kB)
Collecting treescope>=0.1.7 (from flax>=0.11.1->google-tunix @ git+https://github.com/google/tunix.git@43cb3bdf019d048bf3c9f3926555152ec536f8a9->-r requirements.txt (line 1))
  Downloading treescope-0.1.10-py3-none-any.whl.metadata (6.6 kB)
Collecting pyasn1-modules>=0.2.1 (from google-auth>=1.2->gcsfs==2026.2.0->-r requirements.txt (line 7))
  Downloading pyasn1_modules-0.4.2-py3-none-any.whl.metadata (3.5 kB)
Collecting cryptography>=38.0.3 (from google-auth>=1.2->gcsfs==2026.2.0->-r requirements.txt (line 7))
  Downloading cryptography-49.0.0-cp311-abi3-manylinux_2_34_x86_64.whl.metadata (4.3 kB)
Collecting cffi>=2.0.0 (from cryptography>=38.0.3->google-auth>=1.2->gcsfs==2026.2.0->-r requirements.txt (line 7))
  Downloading cffi-2.0.0-cp311-cp311-manylinux2014_x86_64.manylinux_2_17_x86_64.whl.metadata (2.6 kB)
Collecting pycparser (from cffi>=2.0.0->cryptography>=38.0.3->google-auth>=1.2->gcsfs==2026.2.0->-r requirements.txt (line 7))
  Downloading pycparser-3.0-py3-none-any.whl.metadata (8.2 kB)
Collecting google-api-core<3.0.0,>=2.27.0 (from google-cloud-storage>=3.9.0->gcsfs==2026.2.0->-r requirements.txt (line 7))
  Downloading google_api_core-2.31.0-py3-none-any.whl.metadata (3.2 kB)
Collecting google-cloud-core<3.0.0,>=2.4.2 (from google-cloud-storage>=3.9.0->gcsfs==2026.2.0->-r requirements.txt (line 7))
  Downloading google_cloud_core-2.6.0-py3-none-any.whl.metadata (2.8 kB)
Collecting google-resumable-media<3.0.0,>=2.7.2 (from google-cloud-storage>=3.9.0->gcsfs==2026.2.0->-r requirements.txt (line 7))
  Downloading google_resumable_media-2.10.0-py3-none-any.whl.metadata (2.2 kB)
Collecting google-crc32c<2.0.0,>=1.6.0 (from google-cloud-storage>=3.9.0->gcsfs==2026.2.0->-r requirements.txt (line 7))
  Downloading google_crc32c-1.8.0-cp311-cp311-manylinux1_x86_64.manylinux2014_x86_64.manylinux_2_17_x86_64.manylinux_2_5_x86_64.whl.metadata (1.7 kB)
Collecting googleapis-common-protos<2.0.0,>=1.63.2 (from google-api-core<3.0.0,>=2.27.0->google-cloud-storage>=3.9.0->gcsfs==2026.2.0->-r requirements.txt (line 7))
  Downloading googleapis_common_protos-1.75.0-py3-none-any.whl.metadata (8.6 kB)
Collecting proto-plus<2.0.0,>=1.24.0 (from google-api-core<3.0.0,>=2.27.0->google-cloud-storage>=3.9.0->gcsfs==2026.2.0->-r requirements.txt (line 7))
  Downloading proto_plus-1.28.0-py3-none-any.whl.metadata (2.2 kB)
Collecting clu>=0.0.12 (from google-metrax>=0.2.3->google-tunix @ git+https://github.com/google/tunix.git@43cb3bdf019d048bf3c9f3926555152ec536f8a9->-r requirements.txt (line 1))
  Downloading clu-0.0.12-py3-none-any.whl.metadata (1.9 kB)
Collecting tensorboardx>=2.6.4 (from google-metrax>=0.2.3->google-tunix @ git+https://github.com/google/tunix.git@43cb3bdf019d048bf3c9f3926555152ec536f8a9->-r requirements.txt (line 1))
  Downloading tensorboardx-2.6.5-py3-none-any.whl.metadata (6.6 kB)
Collecting etils[epath] (from clu>=0.0.12->google-metrax>=0.2.3->google-tunix @ git+https://github.com/google/tunix.git@43cb3bdf019d048bf3c9f3926555152ec536f8a9->-r requirements.txt (line 1))
  Downloading etils-1.14.0-py3-none-any.whl.metadata (6.5 kB)
Collecting ml-collections (from clu>=0.0.12->google-metrax>=0.2.3->google-tunix @ git+https://github.com/google/tunix.git@43cb3bdf019d048bf3c9f3926555152ec536f8a9->-r requirements.txt (line 1))
  Downloading ml_collections-1.1.0-py3-none-any.whl.metadata (22 kB)
Collecting namex (from keras>=3.12.0->tensorflow->-r requirements.txt (line 5))
  Downloading namex-0.1.0-py3-none-any.whl.metadata (322 bytes)
Collecting optree (from keras>=3.12.0->tensorflow->-r requirements.txt (line 5))
  Downloading optree-0.19.1-cp311-cp311-manylinux_2_27_x86_64.manylinux_2_28_x86_64.whl.metadata (32 kB)
Collecting pyasn1<0.7.0,>=0.6.1 (from pyasn1-modules>=0.2.1->google-auth>=1.2->gcsfs==2026.2.0->-r requirements.txt (line 7))
  Downloading pyasn1-0.6.3-py3-none-any.whl.metadata (8.4 kB)
Collecting markdown-it-py>=2.2.0 (from rich>=11.1->flax>=0.11.1->google-tunix @ git+https://github.com/google/tunix.git@43cb3bdf019d048bf3c9f3926555152ec536f8a9->-r requirements.txt (line 1))
  Downloading markdown_it_py-4.2.0-py3-none-any.whl.metadata (7.4 kB)
Collecting pygments<3.0.0,>=2.13.0 (from rich>=11.1->flax>=0.11.1->google-tunix @ git+https://github.com/google/tunix.git@43cb3bdf019d048bf3c9f3926555152ec536f8a9->-r requirements.txt (line 1))
  Downloading pygments-2.20.0-py3-none-any.whl.metadata (2.5 kB)
Collecting mdurl~=0.1 (from markdown-it-py>=2.2.0->rich>=11.1->flax>=0.11.1->google-tunix @ git+https://github.com/google/tunix.git@43cb3bdf019d048bf3c9f3926555152ec536f8a9->-r requirements.txt (line 1))
  Downloading mdurl-0.1.2-py3-none-any.whl.metadata (1.6 kB)
Collecting zipp (from etils[epath]->clu>=0.0.12->google-metrax>=0.2.3->google-tunix @ git+https://github.com/google/tunix.git@43cb3bdf019d048bf3c9f3926555152ec536f8a9->-r requirements.txt (line 1))
  Downloading zipp-4.1.0-py3-none-any.whl.metadata (3.6 kB)
Collecting requests-oauthlib>=0.7.0 (from google-auth-oauthlib->gcsfs==2026.2.0->-r requirements.txt (line 7))
  Downloading requests_oauthlib-2.0.0-py2.py3-none-any.whl.metadata (11 kB)
Collecting oauthlib>=3.0.0 (from requests-oauthlib>=0.7.0->google-auth-oauthlib->gcsfs==2026.2.0->-r requirements.txt (line 7))
  Downloading oauthlib-3.3.1-py3-none-any.whl.metadata (7.9 kB)
Collecting grpc-google-iam-v1<1.0.0,>=0.14.0 (from google-cloud-storage-control->gcsfs==2026.2.0->-r requirements.txt (line 7))
  Downloading grpc_google_iam_v1-0.14.4-py3-none-any.whl.metadata (9.1 kB)
Collecting grpcio-status<2.0.0,>=1.41.0 (from google-api-core[grpc]<3.0.0,>=2.17.1->google-cloud-storage-control->gcsfs==2026.2.0->-r requirements.txt (line 7))
  Downloading grpcio_status-1.81.1-py3-none-any.whl.metadata (1.2 kB)
Collecting array-record>=0.8.1 (from grain->google-tunix @ git+https://github.com/google/tunix.git@43cb3bdf019d048bf3c9f3926555152ec536f8a9->-r requirements.txt (line 1))
  Downloading array_record-0.8.3-cp311-cp311-manylinux2014_x86_64.manylinux_2_17_x86_64.whl.metadata (1.1 kB)
Collecting cloudpickle (from grain->google-tunix @ git+https://github.com/google/tunix.git@43cb3bdf019d048bf3c9f3926555152ec536f8a9->-r requirements.txt (line 1))
  Downloading cloudpickle-3.1.2-py3-none-any.whl.metadata (7.1 kB)
Collecting portpicker (from grain->google-tunix @ git+https://github.com/google/tunix.git@43cb3bdf019d048bf3c9f3926555152ec536f8a9->-r requirements.txt (line 1))
  Downloading portpicker-1.6.0-py3-none-any.whl.metadata (1.5 kB)
Collecting wadler-lindig>=0.1.3 (from jaxtyping->google-tunix @ git+https://github.com/google/tunix.git@43cb3bdf019d048bf3c9f3926555152ec536f8a9->-r requirements.txt (line 1))
  Downloading wadler_lindig-0.1.7-py3-none-any.whl.metadata (17 kB)
Collecting MarkupSafe>=2.0 (from jinja2->google-tunix @ git+https://github.com/google/tunix.git@43cb3bdf019d048bf3c9f3926555152ec536f8a9->-r requirements.txt (line 1))
  Downloading markupsafe-3.0.3-cp311-cp311-manylinux2014_x86_64.manylinux_2_17_x86_64.manylinux_2_28_x86_64.whl.metadata (2.7 kB)
Collecting llvmlite<0.48,>=0.47.0dev0 (from numba->google-tunix @ git+https://github.com/google/tunix.git@43cb3bdf019d048bf3c9f3926555152ec536f8a9->-r requirements.txt (line 1))
  Downloading llvmlite-0.47.0-cp311-cp311-manylinux2014_x86_64.manylinux_2_17_x86_64.whl.metadata (5.0 kB)
Collecting antlr4-python3-runtime==4.9.* (from omegaconf->google-tunix @ git+https://github.com/google/tunix.git@43cb3bdf019d048bf3c9f3926555152ec536f8a9->-r requirements.txt (line 1))
  Downloading antlr4-python3-runtime-4.9.3.tar.gz (117 kB)
  Installing build dependencies ... done
  Getting requirements to build wheel ... done
  Preparing metadata (pyproject.toml) ... done
Collecting prometheus-client>=0.20.0 (from orbax-checkpoint->flax>=0.11.1->google-tunix @ git+https://github.com/google/tunix.git@43cb3bdf019d048bf3c9f3926555152ec536f8a9->-r requirements.txt (line 1))
  Downloading prometheus_client-0.25.0-py3-none-any.whl.metadata (2.1 kB)
Collecting aiofiles (from orbax-checkpoint->flax>=0.11.1->google-tunix @ git+https://github.com/google/tunix.git@43cb3bdf019d048bf3c9f3926555152ec536f8a9->-r requirements.txt (line 1))
  Downloading aiofiles-25.1.0-py3-none-any.whl.metadata (6.3 kB)
Collecting humanize (from orbax-checkpoint->flax>=0.11.1->google-tunix @ git+https://github.com/google/tunix.git@43cb3bdf019d048bf3c9f3926555152ec536f8a9->-r requirements.txt (line 1))
  Downloading humanize-4.15.0-py3-none-any.whl.metadata (7.8 kB)
Collecting simplejson>=3.16.0 (from orbax-checkpoint->flax>=0.11.1->google-tunix @ git+https://github.com/google/tunix.git@43cb3bdf019d048bf3c9f3926555152ec536f8a9->-r requirements.txt (line 1))
  Downloading simplejson-4.1.1-cp311-cp311-manylinux1_x86_64.manylinux_2_28_x86_64.manylinux_2_5_x86_64.whl.metadata (3.8 kB)
Collecting psutil (from orbax-checkpoint->flax>=0.11.1->google-tunix @ git+https://github.com/google/tunix.git@43cb3bdf019d048bf3c9f3926555152ec536f8a9->-r requirements.txt (line 1))
  Downloading psutil-7.2.2-cp36-abi3-manylinux2010_x86_64.manylinux_2_12_x86_64.manylinux_2_28_x86_64.whl.metadata (22 kB)
Collecting uvloop (from orbax-checkpoint->flax>=0.11.1->google-tunix @ git+https://github.com/google/tunix.git@43cb3bdf019d048bf3c9f3926555152ec536f8a9->-r requirements.txt (line 1))
  Downloading uvloop-0.22.1-cp311-cp311-manylinux2014_x86_64.manylinux_2_17_x86_64.manylinux_2_28_x86_64.whl.metadata (4.9 kB)
Collecting mpmath<1.4,>=1.1.0 (from sympy->google-tunix @ git+https://github.com/google/tunix.git@43cb3bdf019d048bf3c9f3926555152ec536f8a9->-r requirements.txt (line 1))
  Downloading mpmath-1.3.0-py3-none-any.whl.metadata (8.6 kB)
Collecting dm-tree (from tensorflow_datasets->google-tunix @ git+https://github.com/google/tunix.git@43cb3bdf019d048bf3c9f3926555152ec536f8a9->-r requirements.txt (line 1))
  Downloading dm_tree-0.1.10-cp311-cp311-manylinux_2_24_x86_64.manylinux_2_28_x86_64.whl.metadata (2.6 kB)
Collecting immutabledict (from tensorflow_datasets->google-tunix @ git+https://github.com/google/tunix.git@43cb3bdf019d048bf3c9f3926555152ec536f8a9->-r requirements.txt (line 1))
  Downloading immutabledict-4.3.1-py3-none-any.whl.metadata (3.5 kB)
Collecting promise (from tensorflow_datasets->google-tunix @ git+https://github.com/google/tunix.git@43cb3bdf019d048bf3c9f3926555152ec536f8a9->-r requirements.txt (line 1))
  Downloading promise-2.3.tar.gz (19 kB)
  Installing build dependencies ... done
  Getting requirements to build wheel ... done
  Preparing metadata (pyproject.toml) ... done
Collecting simple_parsing (from tensorflow_datasets->google-tunix @ git+https://github.com/google/tunix.git@43cb3bdf019d048bf3c9f3926555152ec536f8a9->-r requirements.txt (line 1))
  Downloading simple_parsing-0.1.8-py3-none-any.whl.metadata (8.1 kB)
Collecting tensorflow-metadata (from tensorflow_datasets->google-tunix @ git+https://github.com/google/tunix.git@43cb3bdf019d048bf3c9f3926555152ec536f8a9->-r requirements.txt (line 1))
  Downloading tensorflow_metadata-1.21.0-py3-none-any.whl.metadata (2.5 kB)
Collecting toml (from tensorflow_datasets->google-tunix @ git+https://github.com/google/tunix.git@43cb3bdf019d048bf3c9f3926555152ec536f8a9->-r requirements.txt (line 1))
  Downloading toml-0.10.2-py2.py3-none-any.whl.metadata (7.1 kB)
Collecting einops (from etils[epath]->clu>=0.0.12->google-metrax>=0.2.3->google-tunix @ git+https://github.com/google/tunix.git@43cb3bdf019d048bf3c9f3926555152ec536f8a9->-r requirements.txt (line 1))
  Downloading einops-0.8.2-py3-none-any.whl.metadata (13 kB)
Collecting docstring-parser~=0.15 (from simple_parsing->tensorflow_datasets->google-tunix @ git+https://github.com/google/tunix.git@43cb3bdf019d048bf3c9f3926555152ec536f8a9->-r requirements.txt (line 1))
  Downloading docstring_parser-0.18.0-py3-none-any.whl.metadata (3.5 kB)
Downloading qwix-0.1.6-py3-none-any.whl (143 kB)
Downloading kagglehub-0.4.3-py3-none-any.whl (70 kB)
Downloading gcsfs-2026.2.0-py3-none-any.whl (57 kB)
Downloading fsspec-2026.2.0-py3-none-any.whl (202 kB)
Downloading transformers-4.57.1-py3-none-any.whl (12.0 MB)
   ━━━━━━━━━━━━━━━━━━━━━━━━━━━━━━━━━━━━━━━━ 12.0/12.0 MB 140.4 MB/s  0:00:00
Downloading huggingface_hub-0.36.2-py3-none-any.whl (566 kB)
   ━━━━━━━━━━━━━━━━━━━━━━━━━━━━━━━━━━━━━━━━ 566.4/566.4 kB 47.7 MB/s  0:00:00
Downloading hf_xet-1.5.1-cp37-abi3-manylinux2014_x86_64.manylinux_2_17_x86_64.whl (4.5 MB)
   ━━━━━━━━━━━━━━━━━━━━━━━━━━━━━━━━━━━━━━━━ 4.5/4.5 MB 252.7 MB/s  0:00:00
Downloading kagglesdk-0.1.30-py3-none-any.whl (231 kB)
Downloading tokenizers-0.22.2-cp39-abi3-manylinux_2_17_x86_64.manylinux2014_x86_64.whl (3.3 MB)
   ━━━━━━━━━━━━━━━━━━━━━━━━━━━━━━━━━━━━━━━━ 3.3/3.3 MB 233.7 MB/s  0:00:00
Downloading importlib_resources-7.1.0-py3-none-any.whl (37 kB)
Downloading tensorflow-2.21.0-cp311-cp311-manylinux_2_27_x86_64.whl (572.4 MB)
   ━━━━━━━━━━━━━━━━━━━━━━━━━━━━━━━━━━━━━━━━ 572.4/572.4 MB 53.9 MB/s  0:00:06
Downloading grpcio-1.81.1-cp311-cp311-manylinux2014_x86_64.manylinux_2_17_x86_64.whl (6.8 MB)
   ━━━━━━━━━━━━━━━━━━━━━━━━━━━━━━━━━━━━━━━━ 6.8/6.8 MB 262.3 MB/s  0:00:00
Downloading h5py-3.14.0-cp311-cp311-manylinux_2_17_x86_64.manylinux2014_x86_64.whl (4.5 MB)
   ━━━━━━━━━━━━━━━━━━━━━━━━━━━━━━━━━━━━━━━━ 4.5/4.5 MB 166.2 MB/s  0:00:00
Downloading ml_dtypes-0.5.4-cp311-cp311-manylinux_2_27_x86_64.manylinux_2_28_x86_64.whl (5.0 MB)
   ━━━━━━━━━━━━━━━━━━━━━━━━━━━━━━━━━━━━━━━━ 5.0/5.0 MB 146.5 MB/s  0:00:00
Downloading protobuf-7.35.1-cp310-abi3-manylinux2014_x86_64.whl (327 kB)
Downloading requests-2.34.2-py3-none-any.whl (73 kB)
Downloading charset_normalizer-3.4.7-cp311-cp311-manylinux2014_x86_64.manylinux_2_17_x86_64.manylinux_2_28_x86_64.whl (214 kB)
Downloading idna-3.18-py3-none-any.whl (65 kB)
Downloading typing_extensions-4.15.0-py3-none-any.whl (44 kB)
Downloading urllib3-2.7.0-py3-none-any.whl (131 kB)
Downloading datasets-5.0.0-py3-none-any.whl (555 kB)
   ━━━━━━━━━━━━━━━━━━━━━━━━━━━━━━━━━━━━━━━━ 555.1/555.1 kB 51.0 MB/s  0:00:00
Downloading dill-0.4.1-py3-none-any.whl (120 kB)
Downloading httpx-0.28.1-py3-none-any.whl (73 kB)
Downloading httpcore-1.0.9-py3-none-any.whl (78 kB)
Downloading multiprocess-0.70.19-py311-none-any.whl (144 kB)
Downloading jax-0.10.1-py3-none-any.whl (3.2 MB)
   ━━━━━━━━━━━━━━━━━━━━━━━━━━━━━━━━━━━━━━━━ 3.2/3.2 MB 209.4 MB/s  0:00:00
Downloading jaxlib-0.10.1-cp311-cp311-manylinux_2_27_x86_64.whl (85.8 MB)
   ━━━━━━━━━━━━━━━━━━━━━━━━━━━━━━━━━━━━━━━━ 85.8/85.8 MB 90.2 MB/s  0:00:00
Downloading matplotlib-3.11.0-cp311-cp311-manylinux2014_x86_64.manylinux_2_17_x86_64.whl (10.0 MB)
   ━━━━━━━━━━━━━━━━━━━━━━━━━━━━━━━━━━━━━━━━ 10.0/10.0 MB 222.0 MB/s  0:00:00
Downloading sacrebleu-2.6.0-py3-none-any.whl (100 kB)
Downloading absl_py-2.4.0-py3-none-any.whl (135 kB)
Downloading aiohttp-3.14.1-cp311-cp311-manylinux2014_x86_64.manylinux_2_17_x86_64.manylinux_2_28_x86_64.whl (1.8 MB)
   ━━━━━━━━━━━━━━━━━━━━━━━━━━━━━━━━━━━━━━━━ 1.8/1.8 MB 163.4 MB/s  0:00:00
Downloading multidict-6.7.1-cp311-cp311-manylinux2014_x86_64.manylinux_2_17_x86_64.manylinux_2_28_x86_64.whl (246 kB)
Downloading yarl-1.24.2-cp311-cp311-manylinux2014_x86_64.manylinux_2_17_x86_64.manylinux_2_28_x86_64.whl (106 kB)
Downloading aiohappyeyeballs-2.6.2-py3-none-any.whl (15 kB)
Downloading aiosignal-1.4.0-py3-none-any.whl (7.5 kB)
Downloading astunparse-1.6.3-py2.py3-none-any.whl (12 kB)
Downloading six-1.17.0-py2.py3-none-any.whl (11 kB)
Downloading attrs-26.1.0-py3-none-any.whl (67 kB)
Downloading certifi-2026.5.20-py3-none-any.whl (134 kB)
Downloading contourpy-1.3.3-cp311-cp311-manylinux_2_27_x86_64.manylinux_2_28_x86_64.whl (355 kB)
Downloading cycler-0.12.1-py3-none-any.whl (8.3 kB)
Downloading decorator-5.3.1-py3-none-any.whl (10 kB)
Downloading flatbuffers-25.12.19-py2.py3-none-any.whl (26 kB)
Downloading flax-0.12.7-py3-none-any.whl (525 kB)
   ━━━━━━━━━━━━━━━━━━━━━━━━━━━━━━━━━━━━━━━━ 525.1/525.1 kB 46.4 MB/s  0:00:00
Downloading fonttools-4.63.0-cp311-cp311-manylinux2014_x86_64.manylinux_2_17_x86_64.whl (5.1 MB)
   ━━━━━━━━━━━━━━━━━━━━━━━━━━━━━━━━━━━━━━━━ 5.1/5.1 MB 138.7 MB/s  0:00:00
Downloading frozenlist-1.8.0-cp311-cp311-manylinux1_x86_64.manylinux_2_28_x86_64.manylinux_2_5_x86_64.whl (231 kB)
Downloading gast-0.7.0-py3-none-any.whl (22 kB)
Downloading google_auth-2.54.0-py3-none-any.whl (249 kB)
Downloading cryptography-49.0.0-cp311-abi3-manylinux_2_34_x86_64.whl (4.7 MB)
   ━━━━━━━━━━━━━━━━━━━━━━━━━━━━━━━━━━━━━━━━ 4.7/4.7 MB 230.3 MB/s  0:00:00
Downloading cffi-2.0.0-cp311-cp311-manylinux2014_x86_64.manylinux_2_17_x86_64.whl (215 kB)
Downloading google_cloud_storage-3.12.0-py3-none-any.whl (340 kB)
Downloading google_api_core-2.31.0-py3-none-any.whl (173 kB)
Downloading google_cloud_core-2.6.0-py3-none-any.whl (29 kB)
Downloading google_crc32c-1.8.0-cp311-cp311-manylinux1_x86_64.manylinux2014_x86_64.manylinux_2_17_x86_64.manylinux_2_5_x86_64.whl (33 kB)
Downloading google_resumable_media-2.10.0-py3-none-any.whl (81 kB)
Downloading googleapis_common_protos-1.75.0-py3-none-any.whl (300 kB)
Downloading proto_plus-1.28.0-py3-none-any.whl (50 kB)
Downloading google_metrax-0.2.4-py3-none-any.whl (47 kB)
Downloading clu-0.0.12-py3-none-any.whl (101 kB)
Downloading google_pasta-0.2.0-py3-none-any.whl (57 kB)
Downloading h11-0.16.0-py3-none-any.whl (37 kB)
Downloading keras-3.14.1-py3-none-any.whl (1.6 MB)
   ━━━━━━━━━━━━━━━━━━━━━━━━━━━━━━━━━━━━━━━━ 1.6/1.6 MB 108.1 MB/s  0:00:00
Downloading kiwisolver-1.5.0-cp311-cp311-manylinux2014_x86_64.manylinux_2_17_x86_64.whl (1.4 MB)
   ━━━━━━━━━━━━━━━━━━━━━━━━━━━━━━━━━━━━━━━━ 1.4/1.4 MB 145.6 MB/s  0:00:00
Downloading libclang-18.1.1-py2.py3-none-manylinux2010_x86_64.whl (24.5 MB)
   ━━━━━━━━━━━━━━━━━━━━━━━━━━━━━━━━━━━━━━━━ 24.5/24.5 MB 298.9 MB/s  0:00:00
Downloading numpy-2.4.6-cp311-cp311-manylinux_2_27_x86_64.manylinux_2_28_x86_64.whl (16.9 MB)
   ━━━━━━━━━━━━━━━━━━━━━━━━━━━━━━━━━━━━━━━━ 16.9/16.9 MB 189.4 MB/s  0:00:00
Downloading opt_einsum-3.4.0-py3-none-any.whl (71 kB)
Downloading pillow-12.2.0-cp311-cp311-manylinux_2_27_x86_64.manylinux_2_28_x86_64.whl (7.1 MB)
   ━━━━━━━━━━━━━━━━━━━━━━━━━━━━━━━━━━━━━━━━ 7.1/7.1 MB 228.3 MB/s  0:00:00
Downloading propcache-0.5.2-cp311-cp311-manylinux2014_x86_64.manylinux_2_17_x86_64.manylinux_2_28_x86_64.whl (58 kB)
Downloading pyarrow-24.0.0-cp311-cp311-manylinux_2_28_x86_64.whl (48.8 MB)
   ━━━━━━━━━━━━━━━━━━━━━━━━━━━━━━━━━━━━━━━━ 48.8/48.8 MB 149.7 MB/s  0:00:00
Downloading pyasn1_modules-0.4.2-py3-none-any.whl (181 kB)
Downloading pyasn1-0.6.3-py3-none-any.whl (83 kB)
Downloading pyparsing-3.3.2-py3-none-any.whl (122 kB)
Downloading python_dateutil-2.9.0.post0-py2.py3-none-any.whl (229 kB)
Downloading pyyaml-6.0.3-cp311-cp311-manylinux2014_x86_64.manylinux_2_17_x86_64.manylinux_2_28_x86_64.whl (806 kB)
   ━━━━━━━━━━━━━━━━━━━━━━━━━━━━━━━━━━━━━━━━ 806.6/806.6 kB 69.0 MB/s  0:00:00
Downloading regex-2026.5.9-cp311-cp311-manylinux2014_x86_64.manylinux_2_17_x86_64.manylinux_2_28_x86_64.whl (799 kB)
   ━━━━━━━━━━━━━━━━━━━━━━━━━━━━━━━━━━━━━━━━ 799.8/799.8 kB 67.7 MB/s  0:00:00
Downloading rich-15.0.0-py3-none-any.whl (310 kB)
Downloading pygments-2.20.0-py3-none-any.whl (1.2 MB)
   ━━━━━━━━━━━━━━━━━━━━━━━━━━━━━━━━━━━━━━━━ 1.2/1.2 MB 107.7 MB/s  0:00:00
Downloading markdown_it_py-4.2.0-py3-none-any.whl (91 kB)
Downloading mdurl-0.1.2-py3-none-any.whl (10.0 kB)
Downloading safetensors-0.8.0-cp310-abi3-manylinux_2_17_x86_64.manylinux2014_x86_64.whl (516 kB)
Downloading scipy-1.17.1-cp311-cp311-manylinux_2_27_x86_64.manylinux_2_28_x86_64.whl (35.3 MB)
   ━━━━━━━━━━━━━━━━━━━━━━━━━━━━━━━━━━━━━━━━ 35.3/35.3 MB 176.4 MB/s  0:00:00
Downloading tabulate-0.10.0-py3-none-any.whl (39 kB)
Downloading tensorboardx-2.6.5-py3-none-any.whl (87 kB)
Downloading termcolor-3.3.0-py3-none-any.whl (7.7 kB)
Downloading tqdm-4.68.2-py3-none-any.whl (78 kB)
Downloading treescope-0.1.10-py3-none-any.whl (182 kB)
Downloading wrapt-2.2.1-cp311-cp311-manylinux1_x86_64.manylinux_2_28_x86_64.manylinux_2_5_x86_64.whl (159 kB)
Downloading anyio-4.13.0-py3-none-any.whl (114 kB)
Downloading colorama-0.4.6-py2.py3-none-any.whl (25 kB)
Downloading etils-1.14.0-py3-none-any.whl (172 kB)
Downloading filelock-3.29.4-py3-none-any.whl (42 kB)
Downloading google_auth_oauthlib-1.4.0-py3-none-any.whl (19 kB)
Downloading requests_oauthlib-2.0.0-py2.py3-none-any.whl (24 kB)
Downloading oauthlib-3.3.1-py3-none-any.whl (160 kB)
Downloading google_cloud_storage_control-1.12.0-py3-none-any.whl (102 kB)
Downloading grpc_google_iam_v1-0.14.4-py3-none-any.whl (32 kB)
Downloading grpcio_status-1.81.1-py3-none-any.whl (14 kB)
Downloading grain-0.2.17-cp311-cp311-manylinux_2_24_x86_64.manylinux_2_28_x86_64.whl (606 kB)
   ━━━━━━━━━━━━━━━━━━━━━━━━━━━━━━━━━━━━━━━━ 606.8/606.8 kB 48.8 MB/s  0:00:00
Downloading array_record-0.8.3-cp311-cp311-manylinux2014_x86_64.manylinux_2_17_x86_64.whl (5.0 MB)
   ━━━━━━━━━━━━━━━━━━━━━━━━━━━━━━━━━━━━━━━━ 5.0/5.0 MB 113.0 MB/s  0:00:00
Downloading cloudpickle-3.1.2-py3-none-any.whl (22 kB)
Downloading hf_transfer-0.1.9-cp38-abi3-manylinux_2_17_x86_64.manylinux2014_x86_64.whl (3.6 MB)
   ━━━━━━━━━━━━━━━━━━━━━━━━━━━━━━━━━━━━━━━━ 3.6/3.6 MB 159.2 MB/s  0:00:00
Downloading jaxtyping-0.3.11-py3-none-any.whl (56 kB)
Downloading wadler_lindig-0.1.7-py3-none-any.whl (20 kB)
Downloading jinja2-3.1.6-py3-none-any.whl (134 kB)
Downloading markupsafe-3.0.3-cp311-cp311-manylinux2014_x86_64.manylinux_2_17_x86_64.manylinux_2_28_x86_64.whl (22 kB)
Downloading lxml-6.1.1-cp311-cp311-manylinux_2_26_x86_64.manylinux_2_28_x86_64.whl (5.2 MB)
   ━━━━━━━━━━━━━━━━━━━━━━━━━━━━━━━━━━━━━━━━ 5.2/5.2 MB 160.6 MB/s  0:00:00
Downloading ml_collections-1.1.0-py3-none-any.whl (76 kB)
Downloading msgpack-1.2.0-cp311-cp311-manylinux2014_x86_64.manylinux_2_17_x86_64.manylinux_2_28_x86_64.whl (423 kB)
Downloading namex-0.1.0-py3-none-any.whl (5.9 kB)
Downloading numba-0.65.1-cp311-cp311-manylinux2014_x86_64.manylinux_2_17_x86_64.whl (3.7 MB)
   ━━━━━━━━━━━━━━━━━━━━━━━━━━━━━━━━━━━━━━━━ 3.7/3.7 MB 142.6 MB/s  0:00:00
Downloading llvmlite-0.47.0-cp311-cp311-manylinux2014_x86_64.manylinux_2_17_x86_64.whl (56.3 MB)
   ━━━━━━━━━━━━━━━━━━━━━━━━━━━━━━━━━━━━━━━━ 56.3/56.3 MB 106.5 MB/s  0:00:00
Downloading omegaconf-2.3.1-py3-none-any.whl (79 kB)
Downloading optax-0.2.8-py3-none-any.whl (402 kB)
Downloading optree-0.19.1-cp311-cp311-manylinux_2_27_x86_64.manylinux_2_28_x86_64.whl (447 kB)
Downloading orbax_checkpoint-0.12.0-py3-none-any.whl (1.3 MB)
   ━━━━━━━━━━━━━━━━━━━━━━━━━━━━━━━━━━━━━━━━ 1.3/1.3 MB 76.2 MB/s  0:00:00
Downloading prometheus_client-0.25.0-py3-none-any.whl (64 kB)
Downloading simplejson-4.1.1-cp311-cp311-manylinux1_x86_64.manylinux_2_28_x86_64.manylinux_2_5_x86_64.whl (180 kB)
Downloading tensorstore-0.1.84-cp311-cp311-manylinux_2_27_x86_64.manylinux_2_28_x86_64.whl (21.0 MB)
   ━━━━━━━━━━━━━━━━━━━━━━━━━━━━━━━━━━━━━━━━ 21.0/21.0 MB 152.0 MB/s  0:00:00
Downloading aiofiles-25.1.0-py3-none-any.whl (14 kB)
Downloading humanize-4.15.0-py3-none-any.whl (132 kB)
Downloading pandas-3.0.3-cp311-cp311-manylinux_2_24_x86_64.manylinux_2_28_x86_64.whl (11.3 MB)
   ━━━━━━━━━━━━━━━━━━━━━━━━━━━━━━━━━━━━━━━━ 11.3/11.3 MB 258.0 MB/s  0:00:00
Downloading perfetto-0.56.0-py3-none-any.whl (353 kB)
Downloading portalocker-3.2.0-py3-none-any.whl (22 kB)
Downloading portpicker-1.6.0-py3-none-any.whl (16 kB)
Downloading psutil-7.2.2-cp36-abi3-manylinux2010_x86_64.manylinux_2_12_x86_64.manylinux_2_28_x86_64.whl (155 kB)
Downloading pycparser-3.0-py3-none-any.whl (48 kB)
Downloading python_dotenv-1.2.2-py3-none-any.whl (22 kB)
Downloading sentencepiece-0.2.1-cp311-cp311-manylinux_2_27_x86_64.manylinux_2_28_x86_64.whl (1.4 MB)
   ━━━━━━━━━━━━━━━━━━━━━━━━━━━━━━━━━━━━━━━━ 1.4/1.4 MB 120.7 MB/s  0:00:00
Downloading sympy-1.14.0-py3-none-any.whl (6.3 MB)
   ━━━━━━━━━━━━━━━━━━━━━━━━━━━━━━━━━━━━━━━━ 6.3/6.3 MB 216.6 MB/s  0:00:00
Downloading mpmath-1.3.0-py3-none-any.whl (536 kB)
   ━━━━━━━━━━━━━━━━━━━━━━━━━━━━━━━━━━━━━━━━ 536.2/536.2 kB 48.1 MB/s  0:00:00
Downloading tenacity-9.1.4-py3-none-any.whl (28 kB)
Downloading tensorflow_datasets-4.9.10-py3-none-any.whl (5.3 MB)
   ━━━━━━━━━━━━━━━━━━━━━━━━━━━━━━━━━━━━━━━━ 5.3/5.3 MB 132.6 MB/s  0:00:00
Downloading dm_tree-0.1.10-cp311-cp311-manylinux_2_24_x86_64.manylinux_2_28_x86_64.whl (185 kB)
Downloading einops-0.8.2-py3-none-any.whl (65 kB)
Downloading immutabledict-4.3.1-py3-none-any.whl (5.0 kB)
Downloading simple_parsing-0.1.8-py3-none-any.whl (113 kB)
Downloading docstring_parser-0.18.0-py3-none-any.whl (22 kB)
Downloading tensorflow_metadata-1.21.0-py3-none-any.whl (30 kB)
Downloading toml-0.10.2-py2.py3-none-any.whl (16 kB)
Downloading uvloop-0.22.1-cp311-cp311-manylinux2014_x86_64.manylinux_2_17_x86_64.manylinux_2_28_x86_64.whl (3.8 MB)
   ━━━━━━━━━━━━━━━━━━━━━━━━━━━━━━━━━━━━━━━━ 3.8/3.8 MB 196.2 MB/s  0:00:00
Downloading xxhash-3.7.0-cp311-cp311-manylinux2014_x86_64.manylinux_2_17_x86_64.manylinux_2_28_x86_64.whl (193 kB)
Downloading zipp-4.1.0-py3-none-any.whl (10 kB)
Hit:1 https://developer.download.nvidia.com/compute/cuda/repos/ubuntu2204/x86_64  InRelease
Hit:2 http://archive.ubuntu.com/ubuntu jammy InRelease
Hit:3 http://security.ubuntu.com/ubuntu jammy-security InRelease
Hit:4 http://archive.ubuntu.com/ubuntu jammy-updates InRelease
Hit:5 http://archive.ubuntu.com/ubuntu jammy-backports InRelease
Reading package lists... Done
Reading package lists... Done
Building dependency tree... Done
Reading state information... Done
The following additional packages will be installed:
  git-man javascript-common less libbrotli1 libcurl3-gnutls liberror-perl
  libexpat1-dev libjs-jquery libjs-sphinxdoc libjs-underscore libnghttp2-14
  libpython3-dev libpython3.10 libpython3.10-dev libpython3.11-minimal
  libpython3.11-stdlib librtmp1 libssh-4 python3-dev python3-distutils
  python3-lib2to3 python3-pip-whl python3-pkg-resources python3-setuptools
  python3-setuptools-whl python3-wheel python3.10-dev python3.11-minimal
  zlib1g-dev
Suggested packages:
  gettext-base git-daemon-run | git-daemon-sysvinit git-doc git-email git-gui
  gitk gitweb git-cvs git-mediawiki git-svn apache2 | lighttpd | httpd
  python-setuptools-doc python3.11-doc binfmt-support
The following NEW packages will be installed:
  git git-man javascript-common less libbrotli1 libcurl3-gnutls liberror-perl
  libexpat1-dev libjs-jquery libjs-sphinxdoc libjs-underscore libnghttp2-14
  libpython3-dev libpython3.10 libpython3.10-dev libpython3.11-minimal
  libpython3.11-stdlib librtmp1 libssh-4 python3-dev python3-distutils
  python3-lib2to3 python3-pip python3-pip-whl python3-pkg-resources
  python3-setuptools python3-setuptools-whl python3-wheel python3.10-dev
  python3.11 python3.11-minimal python3.11-venv zlib1g-dev
0 upgraded, 33 newly installed, 0 to remove and 93 not upgraded.
Need to get 23.5 MB of archives.
After this operation, 89.3 MB of additional disk space will be used.
Get:1 http://archive.ubuntu.com/ubuntu jammy-updates/universe amd64 libpython3.11-minimal amd64 3.11.0~rc1-1~22.04 [837 kB]
Get:2 http://archive.ubuntu.com/ubuntu jammy-updates/universe amd64 python3.11-minimal amd64 3.11.0~rc1-1~22.04 [2370 kB]
Get:3 http://archive.ubuntu.com/ubuntu jammy-updates/main amd64 less amd64 590-1ubuntu0.22.04.3 [142 kB]
Get:4 http://archive.ubuntu.com/ubuntu jammy-updates/main amd64 python3-pkg-resources all 59.6.0-1.2ubuntu0.22.04.3 [133 kB]
Get:5 http://archive.ubuntu.com/ubuntu jammy-updates/main amd64 libnghttp2-14 amd64 1.43.0-1ubuntu0.3 [76.7 kB]
Get:6 http://archive.ubuntu.com/ubuntu jammy/main amd64 libbrotli1 amd64 1.0.9-2build6 [315 kB]
Get:7 http://archive.ubuntu.com/ubuntu jammy/main amd64 librtmp1 amd64 2.4+20151223.gitfa8646d.1-2build4 [58.2 kB]
Get:8 http://archive.ubuntu.com/ubuntu jammy-updates/main amd64 libssh-4 amd64 0.9.6-2ubuntu0.22.04.7 [187 kB]
Get:9 http://archive.ubuntu.com/ubuntu jammy-updates/main amd64 libcurl3-gnutls amd64 7.81.0-1ubuntu1.24 [285 kB]
Get:10 http://archive.ubuntu.com/ubuntu jammy/main amd64 liberror-perl all 0.17029-1 [26.5 kB]
Get:11 http://archive.ubuntu.com/ubuntu jammy-updates/main amd64 git-man all 1:2.34.1-1ubuntu1.17 [954 kB]
Get:12 http://archive.ubuntu.com/ubuntu jammy-updates/main amd64 git amd64 1:2.34.1-1ubuntu1.17 [3174 kB]
Get:13 http://archive.ubuntu.com/ubuntu jammy/main amd64 javascript-common all 11+nmu1 [5936 B]
Get:14 http://archive.ubuntu.com/ubuntu jammy-updates/main amd64 libexpat1-dev amd64 2.4.7-1ubuntu0.7 [148 kB]
Get:15 http://archive.ubuntu.com/ubuntu jammy/main amd64 libjs-jquery all 3.6.0+dfsg+~3.5.13-1 [321 kB]
Get:16 http://archive.ubuntu.com/ubuntu jammy/main amd64 libjs-underscore all 1.13.2~dfsg-2 [118 kB]
Get:17 http://archive.ubuntu.com/ubuntu jammy/main amd64 libjs-sphinxdoc all 4.3.2-1 [139 kB]
Get:18 http://archive.ubuntu.com/ubuntu jammy-updates/main amd64 libpython3.10 amd64 3.10.12-1~22.04.15 [1949 kB]
Get:19 http://archive.ubuntu.com/ubuntu jammy-updates/main amd64 zlib1g-dev amd64 1:1.2.11.dfsg-2ubuntu9.2 [164 kB]
Get:20 http://archive.ubuntu.com/ubuntu jammy-updates/main amd64 libpython3.10-dev amd64 3.10.12-1~22.04.15 [4764 kB]
Get:21 http://archive.ubuntu.com/ubuntu jammy-updates/main amd64 libpython3-dev amd64 3.10.6-1~22.04.1 [7064 B]
Get:22 http://archive.ubuntu.com/ubuntu jammy-updates/universe amd64 libpython3.11-stdlib amd64 3.11.0~rc1-1~22.04 [1859 kB]
Get:23 http://archive.ubuntu.com/ubuntu jammy-updates/main amd64 python3.10-dev amd64 3.10.12-1~22.04.15 [508 kB]
Get:24 http://archive.ubuntu.com/ubuntu jammy-updates/main amd64 python3-lib2to3 all 3.10.8-1~22.04 [77.6 kB]
Get:25 http://archive.ubuntu.com/ubuntu jammy-updates/main amd64 python3-distutils all 3.10.8-1~22.04 [139 kB]
Get:26 http://archive.ubuntu.com/ubuntu jammy-updates/main amd64 python3-dev amd64 3.10.6-1~22.04.1 [26.0 kB]
Get:27 http://archive.ubuntu.com/ubuntu jammy-updates/main amd64 python3-setuptools all 59.6.0-1.2ubuntu0.22.04.3 [340 kB]
Get:28 http://archive.ubuntu.com/ubuntu jammy-updates/universe amd64 python3-wheel all 0.37.1-2ubuntu0.22.04.1 [32.0 kB]
Get:29 http://archive.ubuntu.com/ubuntu jammy-updates/universe amd64 python3-pip all 22.0.2+dfsg-1ubuntu0.7 [1306 kB]
Get:30 http://archive.ubuntu.com/ubuntu jammy-updates/universe amd64 python3-pip-whl all 22.0.2+dfsg-1ubuntu0.7 [1683 kB]
Get:31 http://archive.ubuntu.com/ubuntu jammy-updates/universe amd64 python3-setuptools-whl all 59.6.0-1.2ubuntu0.22.04.3 [789 kB]
Get:32 http://archive.ubuntu.com/ubuntu jammy-updates/universe amd64 python3.11 amd64 3.11.0~rc1-1~22.04 [550 kB]
Get:33 http://archive.ubuntu.com/ubuntu jammy-updates/universe amd64 python3.11-venv amd64 3.11.0~rc1-1~22.04 [5730 B]
Fetched 23.5 MB in 0s (50.2 MB/s)
debconf: delaying package configuration, since apt-utils is not installed
Selecting previously unselected package libpython3.11-minimal:amd64.
(Reading database ... 20316 files and directories currently installed.)
Preparing to unpack .../00-libpython3.11-minimal_3.11.0~rc1-1~22.04_amd64.deb ...
Unpacking libpython3.11-minimal:amd64 (3.11.0~rc1-1~22.04) ...
Selecting previously unselected package python3.11-minimal.
Preparing to unpack .../01-python3.11-minimal_3.11.0~rc1-1~22.04_amd64.deb ...
Unpacking python3.11-minimal (3.11.0~rc1-1~22.04) ...
Selecting previously unselected package less.
Preparing to unpack .../02-less_590-1ubuntu0.22.04.3_amd64.deb ...
Unpacking less (590-1ubuntu0.22.04.3) ...
Selecting previously unselected package python3-pkg-resources.
Preparing to unpack .../03-python3-pkg-resources_59.6.0-1.2ubuntu0.22.04.3_all.deb ...
Unpacking python3-pkg-resources (59.6.0-1.2ubuntu0.22.04.3) ...
Selecting previously unselected package libnghttp2-14:amd64.
Preparing to unpack .../04-libnghttp2-14_1.43.0-1ubuntu0.3_amd64.deb ...
Unpacking libnghttp2-14:amd64 (1.43.0-1ubuntu0.3) ...
Selecting previously unselected package libbrotli1:amd64.
Preparing to unpack .../05-libbrotli1_1.0.9-2build6_amd64.deb ...
Unpacking libbrotli1:amd64 (1.0.9-2build6) ...
Selecting previously unselected package librtmp1:amd64.
Preparing to unpack .../06-librtmp1_2.4+20151223.gitfa8646d.1-2build4_amd64.deb ...
Unpacking librtmp1:amd64 (2.4+20151223.gitfa8646d.1-2build4) ...
Selecting previously unselected package libssh-4:amd64.
Preparing to unpack .../07-libssh-4_0.9.6-2ubuntu0.22.04.7_amd64.deb ...
Unpacking libssh-4:amd64 (0.9.6-2ubuntu0.22.04.7) ...
Selecting previously unselected package libcurl3-gnutls:amd64.
Preparing to unpack .../08-libcurl3-gnutls_7.81.0-1ubuntu1.24_amd64.deb ...
Unpacking libcurl3-gnutls:amd64 (7.81.0-1ubuntu1.24) ...
Selecting previously unselected package liberror-perl.
Preparing to unpack .../09-liberror-perl_0.17029-1_all.deb ...
Unpacking liberror-perl (0.17029-1) ...
Selecting previously unselected package git-man.
Preparing to unpack .../10-git-man_1%3a2.34.1-1ubuntu1.17_all.deb ...
Unpacking git-man (1:2.34.1-1ubuntu1.17) ...
Selecting previously unselected package git.
Preparing to unpack .../11-git_1%3a2.34.1-1ubuntu1.17_amd64.deb ...
Unpacking git (1:2.34.1-1ubuntu1.17) ...
Selecting previously unselected package javascript-common.
Preparing to unpack .../12-javascript-common_11+nmu1_all.deb ...
Unpacking javascript-common (11+nmu1) ...
Selecting previously unselected package libexpat1-dev:amd64.
Preparing to unpack .../13-libexpat1-dev_2.4.7-1ubuntu0.7_amd64.deb ...
Unpacking libexpat1-dev:amd64 (2.4.7-1ubuntu0.7) ...
Selecting previously unselected package libjs-jquery.
Preparing to unpack .../14-libjs-jquery_3.6.0+dfsg+~3.5.13-1_all.deb ...
Unpacking libjs-jquery (3.6.0+dfsg+~3.5.13-1) ...
Selecting previously unselected package libjs-underscore.
Preparing to unpack .../15-libjs-underscore_1.13.2~dfsg-2_all.deb ...
Unpacking libjs-underscore (1.13.2~dfsg-2) ...
Selecting previously unselected package libjs-sphinxdoc.
Preparing to unpack .../16-libjs-sphinxdoc_4.3.2-1_all.deb ...
Unpacking libjs-sphinxdoc (4.3.2-1) ...
Selecting previously unselected package libpython3.10:amd64.
Preparing to unpack .../17-libpython3.10_3.10.12-1~22.04.15_amd64.deb ...
Unpacking libpython3.10:amd64 (3.10.12-1~22.04.15) ...
Selecting previously unselected package zlib1g-dev:amd64.
Preparing to unpack .../18-zlib1g-dev_1%3a1.2.11.dfsg-2ubuntu9.2_amd64.deb ...
Unpacking zlib1g-dev:amd64 (1:1.2.11.dfsg-2ubuntu9.2) ...
Selecting previously unselected package libpython3.10-dev:amd64.
Preparing to unpack .../19-libpython3.10-dev_3.10.12-1~22.04.15_amd64.deb ...
Unpacking libpython3.10-dev:amd64 (3.10.12-1~22.04.15) ...
Selecting previously unselected package libpython3-dev:amd64.
Preparing to unpack .../20-libpython3-dev_3.10.6-1~22.04.1_amd64.deb ...
Unpacking libpython3-dev:amd64 (3.10.6-1~22.04.1) ...
Selecting previously unselected package libpython3.11-stdlib:amd64.
Preparing to unpack .../21-libpython3.11-stdlib_3.11.0~rc1-1~22.04_amd64.deb ...
Unpacking libpython3.11-stdlib:amd64 (3.11.0~rc1-1~22.04) ...
Selecting previously unselected package python3.10-dev.
Preparing to unpack .../22-python3.10-dev_3.10.12-1~22.04.15_amd64.deb ...
Unpacking python3.10-dev (3.10.12-1~22.04.15) ...
Selecting previously unselected package python3-lib2to3.
Preparing to unpack .../23-python3-lib2to3_3.10.8-1~22.04_all.deb ...
Unpacking python3-lib2to3 (3.10.8-1~22.04) ...
Selecting previously unselected package python3-distutils.
Preparing to unpack .../24-python3-distutils_3.10.8-1~22.04_all.deb ...
Unpacking python3-distutils (3.10.8-1~22.04) ...
Selecting previously unselected package python3-dev.
Preparing to unpack .../25-python3-dev_3.10.6-1~22.04.1_amd64.deb ...
Unpacking python3-dev (3.10.6-1~22.04.1) ...
Selecting previously unselected package python3-setuptools.
Preparing to unpack .../26-python3-setuptools_59.6.0-1.2ubuntu0.22.04.3_all.deb ...
Unpacking python3-setuptools (59.6.0-1.2ubuntu0.22.04.3) ...
Selecting previously unselected package python3-wheel.
Preparing to unpack .../27-python3-wheel_0.37.1-2ubuntu0.22.04.1_all.deb ...
Unpacking python3-wheel (0.37.1-2ubuntu0.22.04.1) ...
Selecting previously unselected package python3-pip.
Preparing to unpack .../28-python3-pip_22.0.2+dfsg-1ubuntu0.7_all.deb ...
Unpacking python3-pip (22.0.2+dfsg-1ubuntu0.7) ...
Selecting previously unselected package python3-pip-whl.
Preparing to unpack .../29-python3-pip-whl_22.0.2+dfsg-1ubuntu0.7_all.deb ...
Unpacking python3-pip-whl (22.0.2+dfsg-1ubuntu0.7) ...
Selecting previously unselected package python3-setuptools-whl.
Preparing to unpack .../30-python3-setuptools-whl_59.6.0-1.2ubuntu0.22.04.3_all.deb ...
Unpacking python3-setuptools-whl (59.6.0-1.2ubuntu0.22.04.3) ...
Selecting previously unselected package python3.11.
Preparing to unpack .../31-python3.11_3.11.0~rc1-1~22.04_amd64.deb ...
Unpacking python3.11 (3.11.0~rc1-1~22.04) ...
Selecting previously unselected package python3.11-venv.
Preparing to unpack .../32-python3.11-venv_3.11.0~rc1-1~22.04_amd64.deb ...
Unpacking python3.11-venv (3.11.0~rc1-1~22.04) ...
Setting up python3-pkg-resources (59.6.0-1.2ubuntu0.22.04.3) ...
Setting up javascript-common (11+nmu1) ...
Setting up libpython3.10:amd64 (3.10.12-1~22.04.15) ...
Setting up python3-setuptools-whl (59.6.0-1.2ubuntu0.22.04.3) ...
Setting up python3-pip-whl (22.0.2+dfsg-1ubuntu0.7) ...
Setting up libbrotli1:amd64 (1.0.9-2build6) ...
Setting up libnghttp2-14:amd64 (1.43.0-1ubuntu0.3) ...
Setting up less (590-1ubuntu0.22.04.3) ...
Setting up liberror-perl (0.17029-1) ...
Setting up libexpat1-dev:amd64 (2.4.7-1ubuntu0.7) ...
Setting up librtmp1:amd64 (2.4+20151223.gitfa8646d.1-2build4) ...
Setting up libssh-4:amd64 (0.9.6-2ubuntu0.22.04.7) ...
Setting up zlib1g-dev:amd64 (1:1.2.11.dfsg-2ubuntu9.2) ...
Setting up git-man (1:2.34.1-1ubuntu1.17) ...
Setting up libpython3.11-minimal:amd64 (3.11.0~rc1-1~22.04) ...
Setting up libjs-jquery (3.6.0+dfsg+~3.5.13-1) ...
Setting up python3-lib2to3 (3.10.8-1~22.04) ...
Setting up libjs-underscore (1.13.2~dfsg-2) ...
Setting up python3-distutils (3.10.8-1~22.04) ...
Setting up python3.11-minimal (3.11.0~rc1-1~22.04) ...
Setting up python3-setuptools (59.6.0-1.2ubuntu0.22.04.3) ...
Setting up libpython3.11-stdlib:amd64 (3.11.0~rc1-1~22.04) ...
Setting up libcurl3-gnutls:amd64 (7.81.0-1ubuntu1.24) ...
Setting up python3-wheel (0.37.1-2ubuntu0.22.04.1) ...
Setting up libpython3.10-dev:amd64 (3.10.12-1~22.04.15) ...
Setting up git (1:2.34.1-1ubuntu1.17) ...
Setting up python3-pip (22.0.2+dfsg-1ubuntu0.7) ...
Setting up libjs-sphinxdoc (4.3.2-1) ...
Setting up python3.10-dev (3.10.12-1~22.04.15) ...
Setting up python3.11 (3.11.0~rc1-1~22.04) ...
Setting up libpython3-dev:amd64 (3.10.6-1~22.04.1) ...
Setting up python3.11-venv (3.11.0~rc1-1~22.04) ...
Setting up python3-dev (3.10.6-1~22.04.1) ...
Processing triggers for libc-bin (2.35-0ubuntu3.6) ...
Requirement already satisfied: pip in ./.venv/lib/python3.11/site-packages (22.0.2)
Collecting pip
  Downloading pip-26.1.2-py3-none-any.whl (1.8 MB)
     ━━━━━━━━━━━━━━━━━━━━━━━━━━━━━━━━━━━━━━━━ 1.8/1.8 MB 32.5 MB/s eta 0:00:00
Collecting wheel
  Downloading wheel-0.47.0-py3-none-any.whl (32 kB)
Requirement already satisfied: setuptools in ./.venv/lib/python3.11/site-packages (59.6.0)
Collecting setuptools
  Downloading setuptools-82.0.1-py3-none-any.whl (1.0 MB)
     ━━━━━━━━━━━━━━━━━━━━━━━━━━━━━━━━━━━━━━━━ 1.0/1.0 MB 96.5 MB/s eta 0:00:00
Collecting packaging>=24.0
  Downloading packaging-26.2-py3-none-any.whl (100 kB)
     ━━━━━━━━━━━━━━━━━━━━━━━━━━━━━━━━━━━━━━ 100.2/100.2 KB 29.2 MB/s eta 0:00:00
Installing collected packages: setuptools, pip, packaging, wheel
  Attempting uninstall: setuptools
    Found existing installation: setuptools 59.6.0
    Uninstalling setuptools-59.6.0:
      Successfully uninstalled setuptools-59.6.0
  Attempting uninstall: pip
    Found existing installation: pip 22.0.2
    Uninstalling pip-22.0.2:
      Successfully uninstalled pip-22.0.2
Successfully installed packaging-26.2 pip-26.1.2 setuptools-82.0.1 wheel-0.47.0
Collecting google-tunix @ git+https://github.com/google/tunix.git@43cb3bdf019d048bf3c9f3926555152ec536f8a9 (from -r requirements.txt (line 1))
  Cloning https://github.com/google/tunix.git (to revision 43cb3bdf019d048bf3c9f3926555152ec536f8a9) to /tmp/pip-install-04dqbaek/google-tunix_ebfee2c36be24807ae7dc7959908a7a5
  Running command git clone --filter=blob:none --quiet https://github.com/google/tunix.git /tmp/pip-install-04dqbaek/google-tunix_ebfee2c36be24807ae7dc7959908a7a5
  Running command git rev-parse -q --verify 'sha^43cb3bdf019d048bf3c9f3926555152ec536f8a9'
  Running command git fetch -q https://github.com/google/tunix.git 43cb3bdf019d048bf3c9f3926555152ec536f8a9
  Running command git checkout -q 43cb3bdf019d048bf3c9f3926555152ec536f8a9
  Resolved https://github.com/google/tunix.git to commit 43cb3bdf019d048bf3c9f3926555152ec536f8a9
  Installing build dependencies ... done
  Getting requirements to build wheel ... done
  Preparing metadata (pyproject.toml) ... done
Collecting qwix==0.1.6 (from -r requirements.txt (line 2))
  Downloading qwix-0.1.6-py3-none-any.whl.metadata (7.0 kB)
Collecting kagglehub==0.4.3 (from -r requirements.txt (line 3))
  Downloading kagglehub-0.4.3-py3-none-any.whl.metadata (40 kB)
Collecting importlib_resources (from -r requirements.txt (line 4))
  Downloading importlib_resources-7.1.0-py3-none-any.whl.metadata (4.0 kB)
Collecting tensorflow (from -r requirements.txt (line 5))
  Downloading tensorflow-2.21.0-cp311-cp311-manylinux_2_27_x86_64.whl.metadata (4.4 kB)
Collecting datasets (from -r requirements.txt (line 6))
  Downloading datasets-5.0.0-py3-none-any.whl.metadata (23 kB)
Collecting gcsfs==2026.2.0 (from -r requirements.txt (line 7))
  Downloading gcsfs-2026.2.0-py3-none-any.whl.metadata (2.1 kB)
Collecting matplotlib (from -r requirements.txt (line 9))
  Downloading matplotlib-3.11.0-cp311-cp311-manylinux2014_x86_64.manylinux_2_17_x86_64.whl.metadata (80 kB)
Collecting sacrebleu (from -r requirements.txt (line 10))
  Downloading sacrebleu-2.6.0-py3-none-any.whl.metadata (39 kB)
Collecting transformers (from -r requirements.txt (line 11))
  Downloading transformers-5.12.0-py3-none-any.whl.metadata (33 kB)
Collecting jax[cpu] (from -r requirements.txt (line 8))
  Downloading jax-0.10.1-py3-none-any.whl.metadata (13 kB)
Collecting flax>=0.11.1 (from google-tunix @ git+https://github.com/google/tunix.git@43cb3bdf019d048bf3c9f3926555152ec536f8a9->-r requirements.txt (line 1))
  Downloading flax-0.12.7-py3-none-any.whl.metadata (11 kB)
Collecting fsspec (from google-tunix @ git+https://github.com/google/tunix.git@43cb3bdf019d048bf3c9f3926555152ec536f8a9->-r requirements.txt (line 1))
  Downloading fsspec-2026.4.0-py3-none-any.whl.metadata (10 kB)
Collecting google-metrax>=0.2.3 (from google-tunix @ git+https://github.com/google/tunix.git@43cb3bdf019d048bf3c9f3926555152ec536f8a9->-r requirements.txt (line 1))
  Downloading google_metrax-0.2.4-py3-none-any.whl.metadata (16 kB)
Collecting grain (from google-tunix @ git+https://github.com/google/tunix.git@43cb3bdf019d048bf3c9f3926555152ec536f8a9->-r requirements.txt (line 1))
  Downloading grain-0.2.17-cp311-cp311-manylinux_2_24_x86_64.manylinux_2_28_x86_64.whl.metadata (16 kB)
Collecting hf_transfer (from google-tunix @ git+https://github.com/google/tunix.git@43cb3bdf019d048bf3c9f3926555152ec536f8a9->-r requirements.txt (line 1))
  Downloading hf_transfer-0.1.9-cp38-abi3-manylinux_2_17_x86_64.manylinux2014_x86_64.whl.metadata (1.7 kB)
Collecting huggingface_hub (from google-tunix @ git+https://github.com/google/tunix.git@43cb3bdf019d048bf3c9f3926555152ec536f8a9->-r requirements.txt (line 1))
  Downloading huggingface_hub-1.19.0-py3-none-any.whl.metadata (14 kB)
Collecting jaxtyping (from google-tunix @ git+https://github.com/google/tunix.git@43cb3bdf019d048bf3c9f3926555152ec536f8a9->-r requirements.txt (line 1))
  Downloading jaxtyping-0.3.11-py3-none-any.whl.metadata (6.2 kB)
Collecting jinja2 (from google-tunix @ git+https://github.com/google/tunix.git@43cb3bdf019d048bf3c9f3926555152ec536f8a9->-r requirements.txt (line 1))
  Downloading jinja2-3.1.6-py3-none-any.whl.metadata (2.9 kB)
Collecting numba (from google-tunix @ git+https://github.com/google/tunix.git@43cb3bdf019d048bf3c9f3926555152ec536f8a9->-r requirements.txt (line 1))
  Downloading numba-0.65.1-cp311-cp311-manylinux2014_x86_64.manylinux_2_17_x86_64.whl.metadata (2.9 kB)
Collecting omegaconf (from google-tunix @ git+https://github.com/google/tunix.git@43cb3bdf019d048bf3c9f3926555152ec536f8a9->-r requirements.txt (line 1))
  Downloading omegaconf-2.3.1-py3-none-any.whl.metadata (4.5 kB)
Collecting pillow (from google-tunix @ git+https://github.com/google/tunix.git@43cb3bdf019d048bf3c9f3926555152ec536f8a9->-r requirements.txt (line 1))
  Downloading pillow-12.2.0-cp311-cp311-manylinux_2_27_x86_64.manylinux_2_28_x86_64.whl.metadata (8.8 kB)
Collecting pylatexenc (from google-tunix @ git+https://github.com/google/tunix.git@43cb3bdf019d048bf3c9f3926555152ec536f8a9->-r requirements.txt (line 1))
  Downloading pylatexenc-2.10.tar.gz (162 kB)
  Installing build dependencies ... done
  Getting requirements to build wheel ... done
  Preparing metadata (pyproject.toml) ... done
Collecting python-dotenv (from google-tunix @ git+https://github.com/google/tunix.git@43cb3bdf019d048bf3c9f3926555152ec536f8a9->-r requirements.txt (line 1))
  Downloading python_dotenv-1.2.2-py3-none-any.whl.metadata (27 kB)
Collecting perfetto (from google-tunix @ git+https://github.com/google/tunix.git@43cb3bdf019d048bf3c9f3926555152ec536f8a9->-r requirements.txt (line 1))
  Downloading perfetto-0.56.0-py3-none-any.whl.metadata (1.1 kB)
Collecting sentencepiece (from google-tunix @ git+https://github.com/google/tunix.git@43cb3bdf019d048bf3c9f3926555152ec536f8a9->-r requirements.txt (line 1))
  Downloading sentencepiece-0.2.1-cp311-cp311-manylinux_2_27_x86_64.manylinux_2_28_x86_64.whl.metadata (10 kB)
Collecting sympy (from google-tunix @ git+https://github.com/google/tunix.git@43cb3bdf019d048bf3c9f3926555152ec536f8a9->-r requirements.txt (line 1))
  Downloading sympy-1.14.0-py3-none-any.whl.metadata (12 kB)
Collecting tensorflow_datasets (from google-tunix @ git+https://github.com/google/tunix.git@43cb3bdf019d048bf3c9f3926555152ec536f8a9->-r requirements.txt (line 1))
  Downloading tensorflow_datasets-4.9.10-py3-none-any.whl.metadata (11 kB)
Collecting tqdm (from google-tunix @ git+https://github.com/google/tunix.git@43cb3bdf019d048bf3c9f3926555152ec536f8a9->-r requirements.txt (line 1))
  Downloading tqdm-4.68.2-py3-none-any.whl.metadata (58 kB)
Collecting transformers (from -r requirements.txt (line 11))
  Downloading transformers-4.57.1-py3-none-any.whl.metadata (43 kB)
Collecting tenacity (from google-tunix @ git+https://github.com/google/tunix.git@43cb3bdf019d048bf3c9f3926555152ec536f8a9->-r requirements.txt (line 1))
  Downloading tenacity-9.1.4-py3-none-any.whl.metadata (1.2 kB)
Collecting jaxlib (from qwix==0.1.6->-r requirements.txt (line 2))
  Downloading jaxlib-0.10.1-cp311-cp311-manylinux_2_27_x86_64.whl.metadata (1.3 kB)
Collecting numpy (from qwix==0.1.6->-r requirements.txt (line 2))
  Downloading numpy-2.4.6-cp311-cp311-manylinux_2_27_x86_64.manylinux_2_28_x86_64.whl.metadata (6.6 kB)
Collecting opt_einsum (from qwix==0.1.6->-r requirements.txt (line 2))
  Downloading opt_einsum-3.4.0-py3-none-any.whl.metadata (6.3 kB)
Collecting absl-py (from qwix==0.1.6->-r requirements.txt (line 2))
  Downloading absl_py-2.4.0-py3-none-any.whl.metadata (3.3 kB)
Collecting kagglesdk<1.0,>=0.1.14 (from kagglehub==0.4.3->-r requirements.txt (line 3))
  Downloading kagglesdk-0.1.30-py3-none-any.whl.metadata (13 kB)
Requirement already satisfied: packaging in ./.venv/lib/python3.11/site-packages (from kagglehub==0.4.3->-r requirements.txt (line 3)) (26.2)
Collecting pyyaml (from kagglehub==0.4.3->-r requirements.txt (line 3))
  Downloading pyyaml-6.0.3-cp311-cp311-manylinux2014_x86_64.manylinux_2_17_x86_64.manylinux_2_28_x86_64.whl.metadata (2.4 kB)
Collecting requests (from kagglehub==0.4.3->-r requirements.txt (line 3))
  Downloading requests-2.34.2-py3-none-any.whl.metadata (4.8 kB)
Collecting aiohttp!=4.0.0a0,!=4.0.0a1 (from gcsfs==2026.2.0->-r requirements.txt (line 7))
  Downloading aiohttp-3.14.1-cp311-cp311-manylinux2014_x86_64.manylinux_2_17_x86_64.manylinux_2_28_x86_64.whl.metadata (8.3 kB)
Collecting decorator>4.1.2 (from gcsfs==2026.2.0->-r requirements.txt (line 7))
  Downloading decorator-5.3.1-py3-none-any.whl.metadata (3.9 kB)
Collecting fsspec (from google-tunix @ git+https://github.com/google/tunix.git@43cb3bdf019d048bf3c9f3926555152ec536f8a9->-r requirements.txt (line 1))
  Downloading fsspec-2026.2.0-py3-none-any.whl.metadata (10 kB)
Collecting google-auth>=1.2 (from gcsfs==2026.2.0->-r requirements.txt (line 7))
  Downloading google_auth-2.54.0-py3-none-any.whl.metadata (5.6 kB)
Collecting google-auth-oauthlib (from gcsfs==2026.2.0->-r requirements.txt (line 7))
  Downloading google_auth_oauthlib-1.4.0-py3-none-any.whl.metadata (2.6 kB)
Collecting google-cloud-storage>=3.9.0 (from gcsfs==2026.2.0->-r requirements.txt (line 7))
  Downloading google_cloud_storage-3.12.0-py3-none-any.whl.metadata (15 kB)
Collecting google-cloud-storage-control (from gcsfs==2026.2.0->-r requirements.txt (line 7))
  Downloading google_cloud_storage_control-1.12.0-py3-none-any.whl.metadata (9.8 kB)
Collecting filelock (from transformers->-r requirements.txt (line 11))
  Downloading filelock-3.29.4-py3-none-any.whl.metadata (2.0 kB)
Collecting huggingface_hub (from google-tunix @ git+https://github.com/google/tunix.git@43cb3bdf019d048bf3c9f3926555152ec536f8a9->-r requirements.txt (line 1))
  Downloading huggingface_hub-0.36.2-py3-none-any.whl.metadata (15 kB)
Collecting regex!=2019.12.17 (from transformers->-r requirements.txt (line 11))
  Downloading regex-2026.5.9-cp311-cp311-manylinux2014_x86_64.manylinux_2_17_x86_64.manylinux_2_28_x86_64.whl.metadata (40 kB)
Collecting tokenizers<=0.23.0,>=0.22.0 (from transformers->-r requirements.txt (line 11))
  Downloading tokenizers-0.22.2-cp39-abi3-manylinux_2_17_x86_64.manylinux2014_x86_64.whl.metadata (7.3 kB)
Collecting safetensors>=0.4.3 (from transformers->-r requirements.txt (line 11))
  Downloading safetensors-0.8.0-cp310-abi3-manylinux_2_17_x86_64.manylinux2014_x86_64.whl.metadata (4.2 kB)
Collecting hf-xet<2.0.0,>=1.1.3 (from huggingface_hub->google-tunix @ git+https://github.com/google/tunix.git@43cb3bdf019d048bf3c9f3926555152ec536f8a9->-r requirements.txt (line 1))
  Downloading hf_xet-1.5.1-cp37-abi3-manylinux2014_x86_64.manylinux_2_17_x86_64.whl.metadata (4.9 kB)
Collecting typing-extensions>=3.7.4.3 (from huggingface_hub->google-tunix @ git+https://github.com/google/tunix.git@43cb3bdf019d048bf3c9f3926555152ec536f8a9->-r requirements.txt (line 1))
  Downloading typing_extensions-4.15.0-py3-none-any.whl.metadata (3.3 kB)
Collecting protobuf (from kagglesdk<1.0,>=0.1.14->kagglehub==0.4.3->-r requirements.txt (line 3))
  Downloading protobuf-7.35.1-cp310-abi3-manylinux2014_x86_64.whl.metadata (595 bytes)
Collecting astunparse>=1.6.0 (from tensorflow->-r requirements.txt (line 5))
  Downloading astunparse-1.6.3-py2.py3-none-any.whl.metadata (4.4 kB)
Collecting flatbuffers>=25.9.23 (from tensorflow->-r requirements.txt (line 5))
  Downloading flatbuffers-25.12.19-py2.py3-none-any.whl.metadata (1.0 kB)
Collecting gast!=0.5.0,!=0.5.1,!=0.5.2,>=0.2.1 (from tensorflow->-r requirements.txt (line 5))
  Downloading gast-0.7.0-py3-none-any.whl.metadata (1.5 kB)
Collecting google_pasta>=0.1.1 (from tensorflow->-r requirements.txt (line 5))
  Downloading google_pasta-0.2.0-py3-none-any.whl.metadata (814 bytes)
Collecting libclang>=13.0.0 (from tensorflow->-r requirements.txt (line 5))
  Downloading libclang-18.1.1-py2.py3-none-manylinux2010_x86_64.whl.metadata (5.2 kB)
Requirement already satisfied: setuptools in ./.venv/lib/python3.11/site-packages (from tensorflow->-r requirements.txt (line 5)) (82.0.1)
Collecting six>=1.12.0 (from tensorflow->-r requirements.txt (line 5))
  Downloading six-1.17.0-py2.py3-none-any.whl.metadata (1.7 kB)
Collecting termcolor>=1.1.0 (from tensorflow->-r requirements.txt (line 5))
  Downloading termcolor-3.3.0-py3-none-any.whl.metadata (6.5 kB)
Collecting wrapt>=1.11.0 (from tensorflow->-r requirements.txt (line 5))
  Downloading wrapt-2.2.1-cp311-cp311-manylinux1_x86_64.manylinux_2_28_x86_64.manylinux_2_5_x86_64.whl.metadata (7.4 kB)
Collecting grpcio<2.0,>=1.24.3 (from tensorflow->-r requirements.txt (line 5))
  Downloading grpcio-1.81.1-cp311-cp311-manylinux2014_x86_64.manylinux_2_17_x86_64.whl.metadata (3.7 kB)
Collecting keras>=3.12.0 (from tensorflow->-r requirements.txt (line 5))
  Downloading keras-3.14.1-py3-none-any.whl.metadata (6.3 kB)
Collecting h5py<3.15.0,>=3.11.0 (from tensorflow->-r requirements.txt (line 5))
  Downloading h5py-3.14.0-cp311-cp311-manylinux_2_17_x86_64.manylinux2014_x86_64.whl.metadata (2.7 kB)
Collecting ml_dtypes<1.0.0,>=0.5.1 (from tensorflow->-r requirements.txt (line 5))
  Downloading ml_dtypes-0.5.4-cp311-cp311-manylinux_2_27_x86_64.manylinux_2_28_x86_64.whl.metadata (8.9 kB)
Collecting charset_normalizer<4,>=2 (from requests->kagglehub==0.4.3->-r requirements.txt (line 3))
  Downloading charset_normalizer-3.4.7-cp311-cp311-manylinux2014_x86_64.manylinux_2_17_x86_64.manylinux_2_28_x86_64.whl.metadata (40 kB)
Collecting idna<4,>=2.5 (from requests->kagglehub==0.4.3->-r requirements.txt (line 3))
  Downloading idna-3.18-py3-none-any.whl.metadata (6.1 kB)
Collecting urllib3<3,>=1.26 (from requests->kagglehub==0.4.3->-r requirements.txt (line 3))
  Downloading urllib3-2.7.0-py3-none-any.whl.metadata (6.9 kB)
Collecting certifi>=2023.5.7 (from requests->kagglehub==0.4.3->-r requirements.txt (line 3))
  Downloading certifi-2026.5.20-py3-none-any.whl.metadata (2.5 kB)
Collecting pyarrow>=21.0.0 (from datasets->-r requirements.txt (line 6))
  Downloading pyarrow-24.0.0-cp311-cp311-manylinux_2_28_x86_64.whl.metadata (3.0 kB)
Collecting dill<0.4.2,>=0.3.0 (from datasets->-r requirements.txt (line 6))
  Downloading dill-0.4.1-py3-none-any.whl.metadata (10 kB)
Collecting pandas (from datasets->-r requirements.txt (line 6))
  Downloading pandas-3.0.3-cp311-cp311-manylinux_2_24_x86_64.manylinux_2_28_x86_64.whl.metadata (79 kB)
Collecting httpx<1.0.0 (from datasets->-r requirements.txt (line 6))
  Downloading httpx-0.28.1-py3-none-any.whl.metadata (7.1 kB)
Collecting xxhash (from datasets->-r requirements.txt (line 6))
  Downloading xxhash-3.7.0-cp311-cp311-manylinux2014_x86_64.manylinux_2_17_x86_64.manylinux_2_28_x86_64.whl.metadata (13 kB)
Collecting multiprocess<0.70.20 (from datasets->-r requirements.txt (line 6))
  Downloading multiprocess-0.70.19-py311-none-any.whl.metadata (7.5 kB)
Collecting anyio (from httpx<1.0.0->datasets->-r requirements.txt (line 6))
  Downloading anyio-4.13.0-py3-none-any.whl.metadata (4.5 kB)
Collecting httpcore==1.* (from httpx<1.0.0->datasets->-r requirements.txt (line 6))
  Downloading httpcore-1.0.9-py3-none-any.whl.metadata (21 kB)
Collecting h11>=0.16 (from httpcore==1.*->httpx<1.0.0->datasets->-r requirements.txt (line 6))
  Downloading h11-0.16.0-py3-none-any.whl.metadata (8.3 kB)
Collecting scipy>=1.14 (from jax[cpu]->-r requirements.txt (line 8))
  Downloading scipy-1.17.1-cp311-cp311-manylinux_2_27_x86_64.manylinux_2_28_x86_64.whl.metadata (62 kB)
Collecting contourpy>=1.0.1 (from matplotlib->-r requirements.txt (line 9))
  Downloading contourpy-1.3.3-cp311-cp311-manylinux_2_27_x86_64.manylinux_2_28_x86_64.whl.metadata (5.5 kB)
Collecting cycler>=0.10 (from matplotlib->-r requirements.txt (line 9))
  Downloading cycler-0.12.1-py3-none-any.whl.metadata (3.8 kB)
Collecting fonttools>=4.22.0 (from matplotlib->-r requirements.txt (line 9))
  Downloading fonttools-4.63.0-cp311-cp311-manylinux2014_x86_64.manylinux_2_17_x86_64.whl.metadata (118 kB)
Collecting kiwisolver>=1.3.1 (from matplotlib->-r requirements.txt (line 9))
  Downloading kiwisolver-1.5.0-cp311-cp311-manylinux2014_x86_64.manylinux_2_17_x86_64.whl.metadata (5.1 kB)
Collecting pyparsing>=3 (from matplotlib->-r requirements.txt (line 9))
  Downloading pyparsing-3.3.2-py3-none-any.whl.metadata (5.8 kB)
Collecting python-dateutil>=2.7 (from matplotlib->-r requirements.txt (line 9))
  Downloading python_dateutil-2.9.0.post0-py2.py3-none-any.whl.metadata (8.4 kB)
Collecting portalocker (from sacrebleu->-r requirements.txt (line 10))
  Downloading portalocker-3.2.0-py3-none-any.whl.metadata (8.7 kB)
Collecting tabulate>=0.8.9 (from sacrebleu->-r requirements.txt (line 10))
  Downloading tabulate-0.10.0-py3-none-any.whl.metadata (40 kB)
Collecting colorama (from sacrebleu->-r requirements.txt (line 10))
  Downloading colorama-0.4.6-py2.py3-none-any.whl.metadata (17 kB)
Collecting lxml (from sacrebleu->-r requirements.txt (line 10))
  Downloading lxml-6.1.1-cp311-cp311-manylinux_2_26_x86_64.manylinux_2_28_x86_64.whl.metadata (3.5 kB)
Collecting aiohappyeyeballs>=2.5.0 (from aiohttp!=4.0.0a0,!=4.0.0a1->gcsfs==2026.2.0->-r requirements.txt (line 7))
  Downloading aiohappyeyeballs-2.6.2-py3-none-any.whl.metadata (5.9 kB)
Collecting aiosignal>=1.4.0 (from aiohttp!=4.0.0a0,!=4.0.0a1->gcsfs==2026.2.0->-r requirements.txt (line 7))
  Downloading aiosignal-1.4.0-py3-none-any.whl.metadata (3.7 kB)
Collecting attrs>=17.3.0 (from aiohttp!=4.0.0a0,!=4.0.0a1->gcsfs==2026.2.0->-r requirements.txt (line 7))
  Downloading attrs-26.1.0-py3-none-any.whl.metadata (8.8 kB)
Collecting frozenlist>=1.1.1 (from aiohttp!=4.0.0a0,!=4.0.0a1->gcsfs==2026.2.0->-r requirements.txt (line 7))
  Downloading frozenlist-1.8.0-cp311-cp311-manylinux1_x86_64.manylinux_2_28_x86_64.manylinux_2_5_x86_64.whl.metadata (20 kB)
Collecting multidict<7.0,>=4.5 (from aiohttp!=4.0.0a0,!=4.0.0a1->gcsfs==2026.2.0->-r requirements.txt (line 7))
  Downloading multidict-6.7.1-cp311-cp311-manylinux2014_x86_64.manylinux_2_17_x86_64.manylinux_2_28_x86_64.whl.metadata (5.3 kB)
Collecting propcache>=0.2.0 (from aiohttp!=4.0.0a0,!=4.0.0a1->gcsfs==2026.2.0->-r requirements.txt (line 7))
  Downloading propcache-0.5.2-cp311-cp311-manylinux2014_x86_64.manylinux_2_17_x86_64.manylinux_2_28_x86_64.whl.metadata (16 kB)
Collecting yarl<2.0,>=1.17.0 (from aiohttp!=4.0.0a0,!=4.0.0a1->gcsfs==2026.2.0->-r requirements.txt (line 7))
  Downloading yarl-1.24.2-cp311-cp311-manylinux2014_x86_64.manylinux_2_17_x86_64.manylinux_2_28_x86_64.whl.metadata (94 kB)
Requirement already satisfied: wheel<1.0,>=0.23.0 in ./.venv/lib/python3.11/site-packages (from astunparse>=1.6.0->tensorflow->-r requirements.txt (line 5)) (0.47.0)
Collecting msgpack (from flax>=0.11.1->google-tunix @ git+https://github.com/google/tunix.git@43cb3bdf019d048bf3c9f3926555152ec536f8a9->-r requirements.txt (line 1))
  Downloading msgpack-1.2.0-cp311-cp311-manylinux2014_x86_64.manylinux_2_17_x86_64.manylinux_2_28_x86_64.whl.metadata (8.1 kB)
Collecting optax (from flax>=0.11.1->google-tunix @ git+https://github.com/google/tunix.git@43cb3bdf019d048bf3c9f3926555152ec536f8a9->-r requirements.txt (line 1))
  Downloading optax-0.2.8-py3-none-any.whl.metadata (7.9 kB)
Collecting orbax-checkpoint (from flax>=0.11.1->google-tunix @ git+https://github.com/google/tunix.git@43cb3bdf019d048bf3c9f3926555152ec536f8a9->-r requirements.txt (line 1))
  Downloading orbax_checkpoint-0.12.0-py3-none-any.whl.metadata (3.3 kB)
Collecting tensorstore (from flax>=0.11.1->google-tunix @ git+https://github.com/google/tunix.git@43cb3bdf019d048bf3c9f3926555152ec536f8a9->-r requirements.txt (line 1))
  Downloading tensorstore-0.1.84-cp311-cp311-manylinux_2_27_x86_64.manylinux_2_28_x86_64.whl.metadata (3.3 kB)
Collecting rich>=11.1 (from flax>=0.11.1->google-tunix @ git+https://github.com/google/tunix.git@43cb3bdf019d048bf3c9f3926555152ec536f8a9->-r requirements.txt (line 1))
  Downloading rich-15.0.0-py3-none-any.whl.metadata (18 kB)
Collecting treescope>=0.1.7 (from flax>=0.11.1->google-tunix @ git+https://github.com/google/tunix.git@43cb3bdf019d048bf3c9f3926555152ec536f8a9->-r requirements.txt (line 1))
  Downloading treescope-0.1.10-py3-none-any.whl.metadata (6.6 kB)
Collecting pyasn1-modules>=0.2.1 (from google-auth>=1.2->gcsfs==2026.2.0->-r requirements.txt (line 7))
  Downloading pyasn1_modules-0.4.2-py3-none-any.whl.metadata (3.5 kB)
Collecting cryptography>=38.0.3 (from google-auth>=1.2->gcsfs==2026.2.0->-r requirements.txt (line 7))
  Downloading cryptography-49.0.0-cp311-abi3-manylinux_2_34_x86_64.whl.metadata (4.3 kB)
Collecting cffi>=2.0.0 (from cryptography>=38.0.3->google-auth>=1.2->gcsfs==2026.2.0->-r requirements.txt (line 7))
  Downloading cffi-2.0.0-cp311-cp311-manylinux2014_x86_64.manylinux_2_17_x86_64.whl.metadata (2.6 kB)
Collecting pycparser (from cffi>=2.0.0->cryptography>=38.0.3->google-auth>=1.2->gcsfs==2026.2.0->-r requirements.txt (line 7))
  Downloading pycparser-3.0-py3-none-any.whl.metadata (8.2 kB)
Collecting google-api-core<3.0.0,>=2.27.0 (from google-cloud-storage>=3.9.0->gcsfs==2026.2.0->-r requirements.txt (line 7))
  Downloading google_api_core-2.31.0-py3-none-any.whl.metadata (3.2 kB)
Collecting google-cloud-core<3.0.0,>=2.4.2 (from google-cloud-storage>=3.9.0->gcsfs==2026.2.0->-r requirements.txt (line 7))
  Downloading google_cloud_core-2.6.0-py3-none-any.whl.metadata (2.8 kB)
Collecting google-resumable-media<3.0.0,>=2.7.2 (from google-cloud-storage>=3.9.0->gcsfs==2026.2.0->-r requirements.txt (line 7))
  Downloading google_resumable_media-2.10.0-py3-none-any.whl.metadata (2.2 kB)
Collecting google-crc32c<2.0.0,>=1.6.0 (from google-cloud-storage>=3.9.0->gcsfs==2026.2.0->-r requirements.txt (line 7))
  Downloading google_crc32c-1.8.0-cp311-cp311-manylinux1_x86_64.manylinux2014_x86_64.manylinux_2_17_x86_64.manylinux_2_5_x86_64.whl.metadata (1.7 kB)
Collecting googleapis-common-protos<2.0.0,>=1.63.2 (from google-api-core<3.0.0,>=2.27.0->google-cloud-storage>=3.9.0->gcsfs==2026.2.0->-r requirements.txt (line 7))
  Downloading googleapis_common_protos-1.75.0-py3-none-any.whl.metadata (8.6 kB)
Collecting proto-plus<2.0.0,>=1.24.0 (from google-api-core<3.0.0,>=2.27.0->google-cloud-storage>=3.9.0->gcsfs==2026.2.0->-r requirements.txt (line 7))
  Downloading proto_plus-1.28.0-py3-none-any.whl.metadata (2.2 kB)
Collecting clu>=0.0.12 (from google-metrax>=0.2.3->google-tunix @ git+https://github.com/google/tunix.git@43cb3bdf019d048bf3c9f3926555152ec536f8a9->-r requirements.txt (line 1))
  Downloading clu-0.0.12-py3-none-any.whl.metadata (1.9 kB)
Collecting tensorboardx>=2.6.4 (from google-metrax>=0.2.3->google-tunix @ git+https://github.com/google/tunix.git@43cb3bdf019d048bf3c9f3926555152ec536f8a9->-r requirements.txt (line 1))
  Downloading tensorboardx-2.6.5-py3-none-any.whl.metadata (6.6 kB)
Collecting etils[epath] (from clu>=0.0.12->google-metrax>=0.2.3->google-tunix @ git+https://github.com/google/tunix.git@43cb3bdf019d048bf3c9f3926555152ec536f8a9->-r requirements.txt (line 1))
  Downloading etils-1.14.0-py3-none-any.whl.metadata (6.5 kB)
Collecting ml-collections (from clu>=0.0.12->google-metrax>=0.2.3->google-tunix @ git+https://github.com/google/tunix.git@43cb3bdf019d048bf3c9f3926555152ec536f8a9->-r requirements.txt (line 1))
  Downloading ml_collections-1.1.0-py3-none-any.whl.metadata (22 kB)
Collecting namex (from keras>=3.12.0->tensorflow->-r requirements.txt (line 5))
  Downloading namex-0.1.0-py3-none-any.whl.metadata (322 bytes)
Collecting optree (from keras>=3.12.0->tensorflow->-r requirements.txt (line 5))
  Downloading optree-0.19.1-cp311-cp311-manylinux_2_27_x86_64.manylinux_2_28_x86_64.whl.metadata (32 kB)
Collecting pyasn1<0.7.0,>=0.6.1 (from pyasn1-modules>=0.2.1->google-auth>=1.2->gcsfs==2026.2.0->-r requirements.txt (line 7))
  Downloading pyasn1-0.6.3-py3-none-any.whl.metadata (8.4 kB)
Collecting markdown-it-py>=2.2.0 (from rich>=11.1->flax>=0.11.1->google-tunix @ git+https://github.com/google/tunix.git@43cb3bdf019d048bf3c9f3926555152ec536f8a9->-r requirements.txt (line 1))
  Downloading markdown_it_py-4.2.0-py3-none-any.whl.metadata (7.4 kB)
Collecting pygments<3.0.0,>=2.13.0 (from rich>=11.1->flax>=0.11.1->google-tunix @ git+https://github.com/google/tunix.git@43cb3bdf019d048bf3c9f3926555152ec536f8a9->-r requirements.txt (line 1))
  Downloading pygments-2.20.0-py3-none-any.whl.metadata (2.5 kB)
Collecting mdurl~=0.1 (from markdown-it-py>=2.2.0->rich>=11.1->flax>=0.11.1->google-tunix @ git+https://github.com/google/tunix.git@43cb3bdf019d048bf3c9f3926555152ec536f8a9->-r requirements.txt (line 1))
  Downloading mdurl-0.1.2-py3-none-any.whl.metadata (1.6 kB)
Collecting zipp (from etils[epath]->clu>=0.0.12->google-metrax>=0.2.3->google-tunix @ git+https://github.com/google/tunix.git@43cb3bdf019d048bf3c9f3926555152ec536f8a9->-r requirements.txt (line 1))
  Downloading zipp-4.1.0-py3-none-any.whl.metadata (3.6 kB)
Collecting requests-oauthlib>=0.7.0 (from google-auth-oauthlib->gcsfs==2026.2.0->-r requirements.txt (line 7))
  Downloading requests_oauthlib-2.0.0-py2.py3-none-any.whl.metadata (11 kB)
Collecting oauthlib>=3.0.0 (from requests-oauthlib>=0.7.0->google-auth-oauthlib->gcsfs==2026.2.0->-r requirements.txt (line 7))
  Downloading oauthlib-3.3.1-py3-none-any.whl.metadata (7.9 kB)
Collecting grpc-google-iam-v1<1.0.0,>=0.14.0 (from google-cloud-storage-control->gcsfs==2026.2.0->-r requirements.txt (line 7))
  Downloading grpc_google_iam_v1-0.14.4-py3-none-any.whl.metadata (9.1 kB)
Collecting grpcio-status<2.0.0,>=1.41.0 (from google-api-core[grpc]<3.0.0,>=2.17.1->google-cloud-storage-control->gcsfs==2026.2.0->-r requirements.txt (line 7))
  Downloading grpcio_status-1.81.1-py3-none-any.whl.metadata (1.2 kB)
Collecting array-record>=0.8.1 (from grain->google-tunix @ git+https://github.com/google/tunix.git@43cb3bdf019d048bf3c9f3926555152ec536f8a9->-r requirements.txt (line 1))
  Downloading array_record-0.8.3-cp311-cp311-manylinux2014_x86_64.manylinux_2_17_x86_64.whl.metadata (1.1 kB)
Collecting cloudpickle (from grain->google-tunix @ git+https://github.com/google/tunix.git@43cb3bdf019d048bf3c9f3926555152ec536f8a9->-r requirements.txt (line 1))
  Downloading cloudpickle-3.1.2-py3-none-any.whl.metadata (7.1 kB)
Collecting portpicker (from grain->google-tunix @ git+https://github.com/google/tunix.git@43cb3bdf019d048bf3c9f3926555152ec536f8a9->-r requirements.txt (line 1))
  Downloading portpicker-1.6.0-py3-none-any.whl.metadata (1.5 kB)
Collecting wadler-lindig>=0.1.3 (from jaxtyping->google-tunix @ git+https://github.com/google/tunix.git@43cb3bdf019d048bf3c9f3926555152ec536f8a9->-r requirements.txt (line 1))
  Downloading wadler_lindig-0.1.7-py3-none-any.whl.metadata (17 kB)
Collecting MarkupSafe>=2.0 (from jinja2->google-tunix @ git+https://github.com/google/tunix.git@43cb3bdf019d048bf3c9f3926555152ec536f8a9->-r requirements.txt (line 1))
  Downloading markupsafe-3.0.3-cp311-cp311-manylinux2014_x86_64.manylinux_2_17_x86_64.manylinux_2_28_x86_64.whl.metadata (2.7 kB)
Collecting llvmlite<0.48,>=0.47.0dev0 (from numba->google-tunix @ git+https://github.com/google/tunix.git@43cb3bdf019d048bf3c9f3926555152ec536f8a9->-r requirements.txt (line 1))
  Downloading llvmlite-0.47.0-cp311-cp311-manylinux2014_x86_64.manylinux_2_17_x86_64.whl.metadata (5.0 kB)
Collecting antlr4-python3-runtime==4.9.* (from omegaconf->google-tunix @ git+https://github.com/google/tunix.git@43cb3bdf019d048bf3c9f3926555152ec536f8a9->-r requirements.txt (line 1))
  Downloading antlr4-python3-runtime-4.9.3.tar.gz (117 kB)
  Installing build dependencies ... done
  Getting requirements to build wheel ... done
  Preparing metadata (pyproject.toml) ... done
Collecting prometheus-client>=0.20.0 (from orbax-checkpoint->flax>=0.11.1->google-tunix @ git+https://github.com/google/tunix.git@43cb3bdf019d048bf3c9f3926555152ec536f8a9->-r requirements.txt (line 1))
  Downloading prometheus_client-0.25.0-py3-none-any.whl.metadata (2.1 kB)
Collecting aiofiles (from orbax-checkpoint->flax>=0.11.1->google-tunix @ git+https://github.com/google/tunix.git@43cb3bdf019d048bf3c9f3926555152ec536f8a9->-r requirements.txt (line 1))
  Downloading aiofiles-25.1.0-py3-none-any.whl.metadata (6.3 kB)
Collecting humanize (from orbax-checkpoint->flax>=0.11.1->google-tunix @ git+https://github.com/google/tunix.git@43cb3bdf019d048bf3c9f3926555152ec536f8a9->-r requirements.txt (line 1))
  Downloading humanize-4.15.0-py3-none-any.whl.metadata (7.8 kB)
Collecting simplejson>=3.16.0 (from orbax-checkpoint->flax>=0.11.1->google-tunix @ git+https://github.com/google/tunix.git@43cb3bdf019d048bf3c9f3926555152ec536f8a9->-r requirements.txt (line 1))
  Downloading simplejson-4.1.1-cp311-cp311-manylinux1_x86_64.manylinux_2_28_x86_64.manylinux_2_5_x86_64.whl.metadata (3.8 kB)
Collecting psutil (from orbax-checkpoint->flax>=0.11.1->google-tunix @ git+https://github.com/google/tunix.git@43cb3bdf019d048bf3c9f3926555152ec536f8a9->-r requirements.txt (line 1))
  Downloading psutil-7.2.2-cp36-abi3-manylinux2010_x86_64.manylinux_2_12_x86_64.manylinux_2_28_x86_64.whl.metadata (22 kB)
Collecting uvloop (from orbax-checkpoint->flax>=0.11.1->google-tunix @ git+https://github.com/google/tunix.git@43cb3bdf019d048bf3c9f3926555152ec536f8a9->-r requirements.txt (line 1))
  Downloading uvloop-0.22.1-cp311-cp311-manylinux2014_x86_64.manylinux_2_17_x86_64.manylinux_2_28_x86_64.whl.metadata (4.9 kB)
Collecting mpmath<1.4,>=1.1.0 (from sympy->google-tunix @ git+https://github.com/google/tunix.git@43cb3bdf019d048bf3c9f3926555152ec536f8a9->-r requirements.txt (line 1))
  Downloading mpmath-1.3.0-py3-none-any.whl.metadata (8.6 kB)
Collecting dm-tree (from tensorflow_datasets->google-tunix @ git+https://github.com/google/tunix.git@43cb3bdf019d048bf3c9f3926555152ec536f8a9->-r requirements.txt (line 1))
  Downloading dm_tree-0.1.10-cp311-cp311-manylinux_2_24_x86_64.manylinux_2_28_x86_64.whl.metadata (2.6 kB)
Collecting immutabledict (from tensorflow_datasets->google-tunix @ git+https://github.com/google/tunix.git@43cb3bdf019d048bf3c9f3926555152ec536f8a9->-r requirements.txt (line 1))
  Downloading immutabledict-4.3.1-py3-none-any.whl.metadata (3.5 kB)
Collecting promise (from tensorflow_datasets->google-tunix @ git+https://github.com/google/tunix.git@43cb3bdf019d048bf3c9f3926555152ec536f8a9->-r requirements.txt (line 1))
  Downloading promise-2.3.tar.gz (19 kB)
  Installing build dependencies ... done
  Getting requirements to build wheel ... done
  Preparing metadata (pyproject.toml) ... done
Collecting simple_parsing (from tensorflow_datasets->google-tunix @ git+https://github.com/google/tunix.git@43cb3bdf019d048bf3c9f3926555152ec536f8a9->-r requirements.txt (line 1))
  Downloading simple_parsing-0.1.8-py3-none-any.whl.metadata (8.1 kB)
Collecting tensorflow-metadata (from tensorflow_datasets->google-tunix @ git+https://github.com/google/tunix.git@43cb3bdf019d048bf3c9f3926555152ec536f8a9->-r requirements.txt (line 1))
  Downloading tensorflow_metadata-1.21.0-py3-none-any.whl.metadata (2.5 kB)
Collecting toml (from tensorflow_datasets->google-tunix @ git+https://github.com/google/tunix.git@43cb3bdf019d048bf3c9f3926555152ec536f8a9->-r requirements.txt (line 1))
  Downloading toml-0.10.2-py2.py3-none-any.whl.metadata (7.1 kB)
Collecting einops (from etils[epath]->clu>=0.0.12->google-metrax>=0.2.3->google-tunix @ git+https://github.com/google/tunix.git@43cb3bdf019d048bf3c9f3926555152ec536f8a9->-r requirements.txt (line 1))
  Downloading einops-0.8.2-py3-none-any.whl.metadata (13 kB)
Collecting docstring-parser~=0.15 (from simple_parsing->tensorflow_datasets->google-tunix @ git+https://github.com/google/tunix.git@43cb3bdf019d048bf3c9f3926555152ec536f8a9->-r requirements.txt (line 1))
  Downloading docstring_parser-0.18.0-py3-none-any.whl.metadata (3.5 kB)
Downloading qwix-0.1.6-py3-none-any.whl (143 kB)
Downloading kagglehub-0.4.3-py3-none-any.whl (70 kB)
Downloading gcsfs-2026.2.0-py3-none-any.whl (57 kB)
Downloading fsspec-2026.2.0-py3-none-any.whl (202 kB)
Downloading transformers-4.57.1-py3-none-any.whl (12.0 MB)
   ━━━━━━━━━━━━━━━━━━━━━━━━━━━━━━━━━━━━━━━━ 12.0/12.0 MB 140.4 MB/s  0:00:00
Downloading huggingface_hub-0.36.2-py3-none-any.whl (566 kB)
   ━━━━━━━━━━━━━━━━━━━━━━━━━━━━━━━━━━━━━━━━ 566.4/566.4 kB 47.7 MB/s  0:00:00
Downloading hf_xet-1.5.1-cp37-abi3-manylinux2014_x86_64.manylinux_2_17_x86_64.whl (4.5 MB)
   ━━━━━━━━━━━━━━━━━━━━━━━━━━━━━━━━━━━━━━━━ 4.5/4.5 MB 252.7 MB/s  0:00:00
Downloading kagglesdk-0.1.30-py3-none-any.whl (231 kB)
Downloading tokenizers-0.22.2-cp39-abi3-manylinux_2_17_x86_64.manylinux2014_x86_64.whl (3.3 MB)
   ━━━━━━━━━━━━━━━━━━━━━━━━━━━━━━━━━━━━━━━━ 3.3/3.3 MB 233.7 MB/s  0:00:00
Downloading importlib_resources-7.1.0-py3-none-any.whl (37 kB)
Downloading tensorflow-2.21.0-cp311-cp311-manylinux_2_27_x86_64.whl (572.4 MB)
   ━━━━━━━━━━━━━━━━━━━━━━━━━━━━━━━━━━━━━━━━ 572.4/572.4 MB 53.9 MB/s  0:00:06
Downloading grpcio-1.81.1-cp311-cp311-manylinux2014_x86_64.manylinux_2_17_x86_64.whl (6.8 MB)
   ━━━━━━━━━━━━━━━━━━━━━━━━━━━━━━━━━━━━━━━━ 6.8/6.8 MB 262.3 MB/s  0:00:00
Downloading h5py-3.14.0-cp311-cp311-manylinux_2_17_x86_64.manylinux2014_x86_64.whl (4.5 MB)
   ━━━━━━━━━━━━━━━━━━━━━━━━━━━━━━━━━━━━━━━━ 4.5/4.5 MB 166.2 MB/s  0:00:00
Downloading ml_dtypes-0.5.4-cp311-cp311-manylinux_2_27_x86_64.manylinux_2_28_x86_64.whl (5.0 MB)
   ━━━━━━━━━━━━━━━━━━━━━━━━━━━━━━━━━━━━━━━━ 5.0/5.0 MB 146.5 MB/s  0:00:00
Downloading protobuf-7.35.1-cp310-abi3-manylinux2014_x86_64.whl (327 kB)
Downloading requests-2.34.2-py3-none-any.whl (73 kB)
Downloading charset_normalizer-3.4.7-cp311-cp311-manylinux2014_x86_64.manylinux_2_17_x86_64.manylinux_2_28_x86_64.whl (214 kB)
Downloading idna-3.18-py3-none-any.whl (65 kB)
Downloading typing_extensions-4.15.0-py3-none-any.whl (44 kB)
Downloading urllib3-2.7.0-py3-none-any.whl (131 kB)
Downloading datasets-5.0.0-py3-none-any.whl (555 kB)
   ━━━━━━━━━━━━━━━━━━━━━━━━━━━━━━━━━━━━━━━━ 555.1/555.1 kB 51.0 MB/s  0:00:00
Downloading dill-0.4.1-py3-none-any.whl (120 kB)
Downloading httpx-0.28.1-py3-none-any.whl (73 kB)
Downloading httpcore-1.0.9-py3-none-any.whl (78 kB)
Downloading multiprocess-0.70.19-py311-none-any.whl (144 kB)
Downloading jax-0.10.1-py3-none-any.whl (3.2 MB)
   ━━━━━━━━━━━━━━━━━━━━━━━━━━━━━━━━━━━━━━━━ 3.2/3.2 MB 209.4 MB/s  0:00:00
Downloading jaxlib-0.10.1-cp311-cp311-manylinux_2_27_x86_64.whl (85.8 MB)
   ━━━━━━━━━━━━━━━━━━━━━━━━━━━━━━━━━━━━━━━━ 85.8/85.8 MB 90.2 MB/s  0:00:00
Downloading matplotlib-3.11.0-cp311-cp311-manylinux2014_x86_64.manylinux_2_17_x86_64.whl (10.0 MB)
   ━━━━━━━━━━━━━━━━━━━━━━━━━━━━━━━━━━━━━━━━ 10.0/10.0 MB 222.0 MB/s  0:00:00
Downloading sacrebleu-2.6.0-py3-none-any.whl (100 kB)
Downloading absl_py-2.4.0-py3-none-any.whl (135 kB)
Downloading aiohttp-3.14.1-cp311-cp311-manylinux2014_x86_64.manylinux_2_17_x86_64.manylinux_2_28_x86_64.whl (1.8 MB)
   ━━━━━━━━━━━━━━━━━━━━━━━━━━━━━━━━━━━━━━━━ 1.8/1.8 MB 163.4 MB/s  0:00:00
Downloading multidict-6.7.1-cp311-cp311-manylinux2014_x86_64.manylinux_2_17_x86_64.manylinux_2_28_x86_64.whl (246 kB)
Downloading yarl-1.24.2-cp311-cp311-manylinux2014_x86_64.manylinux_2_17_x86_64.manylinux_2_28_x86_64.whl (106 kB)
Downloading aiohappyeyeballs-2.6.2-py3-none-any.whl (15 kB)
Downloading aiosignal-1.4.0-py3-none-any.whl (7.5 kB)
Downloading astunparse-1.6.3-py2.py3-none-any.whl (12 kB)
Downloading six-1.17.0-py2.py3-none-any.whl (11 kB)
Downloading attrs-26.1.0-py3-none-any.whl (67 kB)
Downloading certifi-2026.5.20-py3-none-any.whl (134 kB)
Downloading contourpy-1.3.3-cp311-cp311-manylinux_2_27_x86_64.manylinux_2_28_x86_64.whl (355 kB)
Downloading cycler-0.12.1-py3-none-any.whl (8.3 kB)
Downloading decorator-5.3.1-py3-none-any.whl (10 kB)
Downloading flatbuffers-25.12.19-py2.py3-none-any.whl (26 kB)
Downloading flax-0.12.7-py3-none-any.whl (525 kB)
   ━━━━━━━━━━━━━━━━━━━━━━━━━━━━━━━━━━━━━━━━ 525.1/525.1 kB 46.4 MB/s  0:00:00
Downloading fonttools-4.63.0-cp311-cp311-manylinux2014_x86_64.manylinux_2_17_x86_64.whl (5.1 MB)
   ━━━━━━━━━━━━━━━━━━━━━━━━━━━━━━━━━━━━━━━━ 5.1/5.1 MB 138.7 MB/s  0:00:00
Downloading frozenlist-1.8.0-cp311-cp311-manylinux1_x86_64.manylinux_2_28_x86_64.manylinux_2_5_x86_64.whl (231 kB)
Downloading gast-0.7.0-py3-none-any.whl (22 kB)
Downloading google_auth-2.54.0-py3-none-any.whl (249 kB)
Downloading cryptography-49.0.0-cp311-abi3-manylinux_2_34_x86_64.whl (4.7 MB)
   ━━━━━━━━━━━━━━━━━━━━━━━━━━━━━━━━━━━━━━━━ 4.7/4.7 MB 230.3 MB/s  0:00:00
Downloading cffi-2.0.0-cp311-cp311-manylinux2014_x86_64.manylinux_2_17_x86_64.whl (215 kB)
Downloading google_cloud_storage-3.12.0-py3-none-any.whl (340 kB)
Downloading google_api_core-2.31.0-py3-none-any.whl (173 kB)
Downloading google_cloud_core-2.6.0-py3-none-any.whl (29 kB)
Downloading google_crc32c-1.8.0-cp311-cp311-manylinux1_x86_64.manylinux2014_x86_64.manylinux_2_17_x86_64.manylinux_2_5_x86_64.whl (33 kB)
Downloading google_resumable_media-2.10.0-py3-none-any.whl (81 kB)
Downloading googleapis_common_protos-1.75.0-py3-none-any.whl (300 kB)
Downloading proto_plus-1.28.0-py3-none-any.whl (50 kB)
Downloading google_metrax-0.2.4-py3-none-any.whl (47 kB)
Downloading clu-0.0.12-py3-none-any.whl (101 kB)
Downloading google_pasta-0.2.0-py3-none-any.whl (57 kB)
Downloading h11-0.16.0-py3-none-any.whl (37 kB)
Downloading keras-3.14.1-py3-none-any.whl (1.6 MB)
   ━━━━━━━━━━━━━━━━━━━━━━━━━━━━━━━━━━━━━━━━ 1.6/1.6 MB 108.1 MB/s  0:00:00
Downloading kiwisolver-1.5.0-cp311-cp311-manylinux2014_x86_64.manylinux_2_17_x86_64.whl (1.4 MB)
   ━━━━━━━━━━━━━━━━━━━━━━━━━━━━━━━━━━━━━━━━ 1.4/1.4 MB 145.6 MB/s  0:00:00
Downloading libclang-18.1.1-py2.py3-none-manylinux2010_x86_64.whl (24.5 MB)
   ━━━━━━━━━━━━━━━━━━━━━━━━━━━━━━━━━━━━━━━━ 24.5/24.5 MB 298.9 MB/s  0:00:00
Downloading numpy-2.4.6-cp311-cp311-manylinux_2_27_x86_64.manylinux_2_28_x86_64.whl (16.9 MB)
   ━━━━━━━━━━━━━━━━━━━━━━━━━━━━━━━━━━━━━━━━ 16.9/16.9 MB 189.4 MB/s  0:00:00
Downloading opt_einsum-3.4.0-py3-none-any.whl (71 kB)
Downloading pillow-12.2.0-cp311-cp311-manylinux_2_27_x86_64.manylinux_2_28_x86_64.whl (7.1 MB)
   ━━━━━━━━━━━━━━━━━━━━━━━━━━━━━━━━━━━━━━━━ 7.1/7.1 MB 228.3 MB/s  0:00:00
Downloading propcache-0.5.2-cp311-cp311-manylinux2014_x86_64.manylinux_2_17_x86_64.manylinux_2_28_x86_64.whl (58 kB)
Downloading pyarrow-24.0.0-cp311-cp311-manylinux_2_28_x86_64.whl (48.8 MB)
   ━━━━━━━━━━━━━━━━━━━━━━━━━━━━━━━━━━━━━━━━ 48.8/48.8 MB 149.7 MB/s  0:00:00
Downloading pyasn1_modules-0.4.2-py3-none-any.whl (181 kB)
Downloading pyasn1-0.6.3-py3-none-any.whl (83 kB)
Downloading pyparsing-3.3.2-py3-none-any.whl (122 kB)
Downloading python_dateutil-2.9.0.post0-py2.py3-none-any.whl (229 kB)
Downloading pyyaml-6.0.3-cp311-cp311-manylinux2014_x86_64.manylinux_2_17_x86_64.manylinux_2_28_x86_64.whl (806 kB)
   ━━━━━━━━━━━━━━━━━━━━━━━━━━━━━━━━━━━━━━━━ 806.6/806.6 kB 69.0 MB/s  0:00:00
Downloading regex-2026.5.9-cp311-cp311-manylinux2014_x86_64.manylinux_2_17_x86_64.manylinux_2_28_x86_64.whl (799 kB)
   ━━━━━━━━━━━━━━━━━━━━━━━━━━━━━━━━━━━━━━━━ 799.8/799.8 kB 67.7 MB/s  0:00:00
Downloading rich-15.0.0-py3-none-any.whl (310 kB)
Downloading pygments-2.20.0-py3-none-any.whl (1.2 MB)
   ━━━━━━━━━━━━━━━━━━━━━━━━━━━━━━━━━━━━━━━━ 1.2/1.2 MB 107.7 MB/s  0:00:00
Downloading markdown_it_py-4.2.0-py3-none-any.whl (91 kB)
Downloading mdurl-0.1.2-py3-none-any.whl (10.0 kB)
Downloading safetensors-0.8.0-cp310-abi3-manylinux_2_17_x86_64.manylinux2014_x86_64.whl (516 kB)
Downloading scipy-1.17.1-cp311-cp311-manylinux_2_27_x86_64.manylinux_2_28_x86_64.whl (35.3 MB)
   ━━━━━━━━━━━━━━━━━━━━━━━━━━━━━━━━━━━━━━━━ 35.3/35.3 MB 176.4 MB/s  0:00:00
Downloading tabulate-0.10.0-py3-none-any.whl (39 kB)
Downloading tensorboardx-2.6.5-py3-none-any.whl (87 kB)
Downloading termcolor-3.3.0-py3-none-any.whl (7.7 kB)
Downloading tqdm-4.68.2-py3-none-any.whl (78 kB)
Downloading treescope-0.1.10-py3-none-any.whl (182 kB)
Downloading wrapt-2.2.1-cp311-cp311-manylinux1_x86_64.manylinux_2_28_x86_64.manylinux_2_5_x86_64.whl (159 kB)
Downloading anyio-4.13.0-py3-none-any.whl (114 kB)
Downloading colorama-0.4.6-py2.py3-none-any.whl (25 kB)
Downloading etils-1.14.0-py3-none-any.whl (172 kB)
Downloading filelock-3.29.4-py3-none-any.whl (42 kB)
Downloading google_auth_oauthlib-1.4.0-py3-none-any.whl (19 kB)
Downloading requests_oauthlib-2.0.0-py2.py3-none-any.whl (24 kB)
Downloading oauthlib-3.3.1-py3-none-any.whl (160 kB)
Downloading google_cloud_storage_control-1.12.0-py3-none-any.whl (102 kB)
Downloading grpc_google_iam_v1-0.14.4-py3-none-any.whl (32 kB)
Downloading grpcio_status-1.81.1-py3-none-any.whl (14 kB)
Downloading grain-0.2.17-cp311-cp311-manylinux_2_24_x86_64.manylinux_2_28_x86_64.whl (606 kB)
   ━━━━━━━━━━━━━━━━━━━━━━━━━━━━━━━━━━━━━━━━ 606.8/606.8 kB 48.8 MB/s  0:00:00
Downloading array_record-0.8.3-cp311-cp311-manylinux2014_x86_64.manylinux_2_17_x86_64.whl (5.0 MB)
   ━━━━━━━━━━━━━━━━━━━━━━━━━━━━━━━━━━━━━━━━ 5.0/5.0 MB 113.0 MB/s  0:00:00
Downloading cloudpickle-3.1.2-py3-none-any.whl (22 kB)
Downloading hf_transfer-0.1.9-cp38-abi3-manylinux_2_17_x86_64.manylinux2014_x86_64.whl (3.6 MB)
   ━━━━━━━━━━━━━━━━━━━━━━━━━━━━━━━━━━━━━━━━ 3.6/3.6 MB 159.2 MB/s  0:00:00
Downloading jaxtyping-0.3.11-py3-none-any.whl (56 kB)
Downloading wadler_lindig-0.1.7-py3-none-any.whl (20 kB)
Downloading jinja2-3.1.6-py3-none-any.whl (134 kB)
Downloading markupsafe-3.0.3-cp311-cp311-manylinux2014_x86_64.manylinux_2_17_x86_64.manylinux_2_28_x86_64.whl (22 kB)
Downloading lxml-6.1.1-cp311-cp311-manylinux_2_26_x86_64.manylinux_2_28_x86_64.whl (5.2 MB)
   ━━━━━━━━━━━━━━━━━━━━━━━━━━━━━━━━━━━━━━━━ 5.2/5.2 MB 160.6 MB/s  0:00:00
Downloading ml_collections-1.1.0-py3-none-any.whl (76 kB)
Downloading msgpack-1.2.0-cp311-cp311-manylinux2014_x86_64.manylinux_2_17_x86_64.manylinux_2_28_x86_64.whl (423 kB)
Downloading namex-0.1.0-py3-none-any.whl (5.9 kB)
Downloading numba-0.65.1-cp311-cp311-manylinux2014_x86_64.manylinux_2_17_x86_64.whl (3.7 MB)
   ━━━━━━━━━━━━━━━━━━━━━━━━━━━━━━━━━━━━━━━━ 3.7/3.7 MB 142.6 MB/s  0:00:00
Downloading llvmlite-0.47.0-cp311-cp311-manylinux2014_x86_64.manylinux_2_17_x86_64.whl (56.3 MB)
   ━━━━━━━━━━━━━━━━━━━━━━━━━━━━━━━━━━━━━━━━ 56.3/56.3 MB 106.5 MB/s  0:00:00
Downloading omegaconf-2.3.1-py3-none-any.whl (79 kB)
Downloading optax-0.2.8-py3-none-any.whl (402 kB)
Downloading optree-0.19.1-cp311-cp311-manylinux_2_27_x86_64.manylinux_2_28_x86_64.whl (447 kB)
Downloading orbax_checkpoint-0.12.0-py3-none-any.whl (1.3 MB)
   ━━━━━━━━━━━━━━━━━━━━━━━━━━━━━━━━━━━━━━━━ 1.3/1.3 MB 76.2 MB/s  0:00:00
Downloading prometheus_client-0.25.0-py3-none-any.whl (64 kB)
Downloading simplejson-4.1.1-cp311-cp311-manylinux1_x86_64.manylinux_2_28_x86_64.manylinux_2_5_x86_64.whl (180 kB)
Downloading tensorstore-0.1.84-cp311-cp311-manylinux_2_27_x86_64.manylinux_2_28_x86_64.whl (21.0 MB)
   ━━━━━━━━━━━━━━━━━━━━━━━━━━━━━━━━━━━━━━━━ 21.0/21.0 MB 152.0 MB/s  0:00:00
Downloading aiofiles-25.1.0-py3-none-any.whl (14 kB)
Downloading humanize-4.15.0-py3-none-any.whl (132 kB)
Downloading pandas-3.0.3-cp311-cp311-manylinux_2_24_x86_64.manylinux_2_28_x86_64.whl (11.3 MB)
   ━━━━━━━━━━━━━━━━━━━━━━━━━━━━━━━━━━━━━━━━ 11.3/11.3 MB 258.0 MB/s  0:00:00
Downloading perfetto-0.56.0-py3-none-any.whl (353 kB)
Downloading portalocker-3.2.0-py3-none-any.whl (22 kB)
Downloading portpicker-1.6.0-py3-none-any.whl (16 kB)
Downloading psutil-7.2.2-cp36-abi3-manylinux2010_x86_64.manylinux_2_12_x86_64.manylinux_2_28_x86_64.whl (155 kB)
Downloading pycparser-3.0-py3-none-any.whl (48 kB)
Downloading python_dotenv-1.2.2-py3-none-any.whl (22 kB)
Downloading sentencepiece-0.2.1-cp311-cp311-manylinux_2_27_x86_64.manylinux_2_28_x86_64.whl (1.4 MB)
   ━━━━━━━━━━━━━━━━━━━━━━━━━━━━━━━━━━━━━━━━ 1.4/1.4 MB 120.7 MB/s  0:00:00
Downloading sympy-1.14.0-py3-none-any.whl (6.3 MB)
   ━━━━━━━━━━━━━━━━━━━━━━━━━━━━━━━━━━━━━━━━ 6.3/6.3 MB 216.6 MB/s  0:00:00
Downloading mpmath-1.3.0-py3-none-any.whl (536 kB)
   ━━━━━━━━━━━━━━━━━━━━━━━━━━━━━━━━━━━━━━━━ 536.2/536.2 kB 48.1 MB/s  0:00:00
Downloading tenacity-9.1.4-py3-none-any.whl (28 kB)
Downloading tensorflow_datasets-4.9.10-py3-none-any.whl (5.3 MB)
   ━━━━━━━━━━━━━━━━━━━━━━━━━━━━━━━━━━━━━━━━ 5.3/5.3 MB 132.6 MB/s  0:00:00
Downloading dm_tree-0.1.10-cp311-cp311-manylinux_2_24_x86_64.manylinux_2_28_x86_64.whl (185 kB)
Downloading einops-0.8.2-py3-none-any.whl (65 kB)
Downloading immutabledict-4.3.1-py3-none-any.whl (5.0 kB)
Downloading simple_parsing-0.1.8-py3-none-any.whl (113 kB)
Downloading docstring_parser-0.18.0-py3-none-any.whl (22 kB)
Downloading tensorflow_metadata-1.21.0-py3-none-any.whl (30 kB)
Downloading toml-0.10.2-py2.py3-none-any.whl (16 kB)
Downloading uvloop-0.22.1-cp311-cp311-manylinux2014_x86_64.manylinux_2_17_x86_64.manylinux_2_28_x86_64.whl (3.8 MB)
   ━━━━━━━━━━━━━━━━━━━━━━━━━━━━━━━━━━━━━━━━ 3.8/3.8 MB 196.2 MB/s  0:00:00
Downloading xxhash-3.7.0-cp311-cp311-manylinux2014_x86_64.manylinux_2_17_x86_64.manylinux_2_28_x86_64.whl (193 kB)
Downloading zipp-4.1.0-py3-none-any.whl (10 kB)
Building wheels for collected packages: google-tunix, antlr4-python3-runtime, pylatexenc, promise
  Building wheel for google-tunix (pyproject.toml) ... done
  Created wheel for google-tunix: filename=google_tunix-0.1.7-py3-none-any.whl size=476605 sha256=47b5189f4490b7791131f5aa6706c4cfa5b6dcf93ed2ae2fb4ef6f4f44106929
  Stored in directory: /root/.cache/pip/wheels/fc/3a/ab/452e9b8a00aa70106d29e16221e663989bb4b38f77a02dd744
  Building wheel for antlr4-python3-runtime (pyproject.toml) ... done
  Created wheel for antlr4-python3-runtime: filename=antlr4_python3_runtime-4.9.3-py3-none-any.whl size=144590 sha256=5eaf23ff7ff19a57700e0eb16ca4dec082d35a437da5291405978945a205dca0
  Stored in directory: /root/.cache/pip/wheels/1a/97/32/461f837398029ad76911109f07047fde1d7b661a147c7c56d1
  Building wheel for pylatexenc (pyproject.toml) ... done
  Created wheel for pylatexenc: filename=pylatexenc-2.10-py3-none-any.whl size=136897 sha256=728764ebfeb35edbfee85a33b28356c1e5fd3150d1504897ec813830d055b966
  Stored in directory: /root/.cache/pip/wheels/b1/7a/33/9fdd892f784ed4afda62b685ae3703adf4c91aa0f524c28f03
  Building wheel for promise (pyproject.toml) ... done
  Created wheel for promise: filename=promise-2.3-py3-none-any.whl size=21581 sha256=9a31551a871b94cde95e78e1c457d4f4fcef6659171304ccadd5329d7476825c
  Stored in directory: /root/.cache/pip/wheels/90/74/b1/9b54c896b8d9409e9268329d4d45ede8a8040abe91c8879932
Successfully built google-tunix antlr4-python3-runtime pylatexenc promise
Installing collected packages: pylatexenc, namex, mpmath, libclang, flatbuffers, antlr4-python3-runtime, zipp, xxhash, wrapt, wadler-lindig, uvloop, urllib3, typing-extensions, tqdm, toml, termcolor, tenacity, tabulate, sympy, six, simplejson, sentencepiece, safetensors, regex, pyyaml, python-dotenv, pyparsing, pygments, pycparser, pyasn1, pyarrow, psutil, protobuf, propcache, prometheus-client, portalocker, pillow, opt_einsum, oauthlib, numpy, multidict, msgpack, mdurl, MarkupSafe, lxml, llvmlite, kiwisolver, importlib_resources, immutabledict, idna, humanize, hf-xet, hf_transfer, h11, google-crc32c, gast, fsspec, frozenlist, fonttools, filelock, etils, einops, docstring-parser, dill, decorator, cycler, colorama, cloudpickle, charset_normalizer, certifi, attrs, aiohappyeyeballs, aiofiles, absl-py, yarl, treescope, tensorboardx, simple_parsing, scipy, sacrebleu, requests, python-dateutil, pyasn1-modules, proto-plus, promise, portpicker, perfetto, optree, omegaconf, numba, multiprocess, ml_dtypes, ml-collections, markdown-it-py, jinja2, jaxtyping, httpcore, h5py, grpcio, googleapis-common-protos, google-resumable-media, google_pasta, dm-tree, contourpy, cffi, astunparse, anyio, aiosignal, tensorstore, tensorflow-metadata, rich, requests-oauthlib, pandas, matplotlib, kagglesdk, jaxlib, huggingface_hub, httpx, grpcio-status, cryptography, aiohttp, tokenizers, keras, kagglehub, jax, grpc-google-iam-v1, google-auth, array-record, transformers, tensorflow, orbax-checkpoint, optax, grain, google-auth-oauthlib, google-api-core, datasets, tensorflow_datasets, google-cloud-core, flax, qwix, google-cloud-storage-control, google-cloud-storage, clu, google-metrax, gcsfs, google-tunix
Collecting grpcio<2.0,>=1.24.3 (from tensorflow->-r requirements.txt (line 5))
  Downloading grpcio-1.81.1-cp311-cp311-manylinux2014_x86_64.manylinux_2_17_x86_64.whl.metadata (3.7 kB)
Collecting keras>=3.12.0 (from tensorflow->-r requirements.txt (line 5))
  Downloading keras-3.14.1-py3-none-any.whl.metadata (6.3 kB)
Collecting h5py<3.15.0,>=3.11.0 (from tensorflow->-r requirements.txt (line 5))
  Downloading h5py-3.14.0-cp311-cp311-manylinux_2_17_x86_64.manylinux2014_x86_64.whl.metadata (2.7 kB)
Collecting ml_dtypes<1.0.0,>=0.5.1 (from tensorflow->-r requirements.txt (line 5))
  Downloading ml_dtypes-0.5.4-cp311-cp311-manylinux_2_27_x86_64.manylinux_2_28_x86_64.whl.metadata (8.9 kB)
Collecting charset_normalizer<4,>=2 (from requests->kagglehub==0.4.3->-r requirements.txt (line 3))
  Downloading charset_normalizer-3.4.7-cp311-cp311-manylinux2014_x86_64.manylinux_2_17_x86_64.manylinux_2_28_x86_64.whl.metadata (40 kB)
Collecting idna<4,>=2.5 (from requests->kagglehub==0.4.3->-r requirements.txt (line 3))
  Downloading idna-3.18-py3-none-any.whl.metadata (6.1 kB)
Collecting urllib3<3,>=1.26 (from requests->kagglehub==0.4.3->-r requirements.txt (line 3))
  Downloading urllib3-2.7.0-py3-none-any.whl.metadata (6.9 kB)
Collecting certifi>=2023.5.7 (from requests->kagglehub==0.4.3->-r requirements.txt (line 3))
  Downloading certifi-2026.5.20-py3-none-any.whl.metadata (2.5 kB)
Collecting pyarrow>=21.0.0 (from datasets->-r requirements.txt (line 6))
  Downloading pyarrow-24.0.0-cp311-cp311-manylinux_2_28_x86_64.whl.metadata (3.0 kB)
Collecting dill<0.4.2,>=0.3.0 (from datasets->-r requirements.txt (line 6))
  Downloading dill-0.4.1-py3-none-any.whl.metadata (10 kB)
Collecting pandas (from datasets->-r requirements.txt (line 6))
  Downloading pandas-3.0.3-cp311-cp311-manylinux_2_24_x86_64.manylinux_2_28_x86_64.whl.metadata (79 kB)
Collecting httpx<1.0.0 (from datasets->-r requirements.txt (line 6))
  Downloading httpx-0.28.1-py3-none-any.whl.metadata (7.1 kB)
Collecting xxhash (from datasets->-r requirements.txt (line 6))
  Downloading xxhash-3.7.0-cp311-cp311-manylinux2014_x86_64.manylinux_2_17_x86_64.manylinux_2_28_x86_64.whl.metadata (13 kB)
Collecting multiprocess<0.70.20 (from datasets->-r requirements.txt (line 6))
  Downloading multiprocess-0.70.19-py311-none-any.whl.metadata (7.5 kB)
Collecting anyio (from httpx<1.0.0->datasets->-r requirements.txt (line 6))
  Downloading anyio-4.13.0-py3-none-any.whl.metadata (4.5 kB)
Collecting httpcore==1.* (from httpx<1.0.0->datasets->-r requirements.txt (line 6))
  Downloading httpcore-1.0.9-py3-none-any.whl.metadata (21 kB)
Collecting h11>=0.16 (from httpcore==1.*->httpx<1.0.0->datasets->-r requirements.txt (line 6))
  Downloading h11-0.16.0-py3-none-any.whl.metadata (8.3 kB)
Collecting scipy>=1.14 (from jax[cpu]->-r requirements.txt (line 8))
  Downloading scipy-1.17.1-cp311-cp311-manylinux_2_27_x86_64.manylinux_2_28_x86_64.whl.metadata (62 kB)
Collecting contourpy>=1.0.1 (from matplotlib->-r requirements.txt (line 9))
  Downloading contourpy-1.3.3-cp311-cp311-manylinux_2_27_x86_64.manylinux_2_28_x86_64.whl.metadata (5.5 kB)
Collecting cycler>=0.10 (from matplotlib->-r requirements.txt (line 9))
  Downloading cycler-0.12.1-py3-none-any.whl.metadata (3.8 kB)
Collecting fonttools>=4.22.0 (from matplotlib->-r requirements.txt (line 9))
  Downloading fonttools-4.63.0-cp311-cp311-manylinux2014_x86_64.manylinux_2_17_x86_64.whl.metadata (118 kB)
Collecting kiwisolver>=1.3.1 (from matplotlib->-r requirements.txt (line 9))
  Downloading kiwisolver-1.5.0-cp311-cp311-manylinux2014_x86_64.manylinux_2_17_x86_64.whl.metadata (5.1 kB)
Collecting pyparsing>=3 (from matplotlib->-r requirements.txt (line 9))
  Downloading pyparsing-3.3.2-py3-none-any.whl.metadata (5.8 kB)
Collecting python-dateutil>=2.7 (from matplotlib->-r requirements.txt (line 9))
  Downloading python_dateutil-2.9.0.post0-py2.py3-none-any.whl.metadata (8.4 kB)
Collecting portalocker (from sacrebleu->-r requirements.txt (line 10))
  Downloading portalocker-3.2.0-py3-none-any.whl.metadata (8.7 kB)
Collecting tabulate>=0.8.9 (from sacrebleu->-r requirements.txt (line 10))
  Downloading tabulate-0.10.0-py3-none-any.whl.metadata (40 kB)
Collecting colorama (from sacrebleu->-r requirements.txt (line 10))
  Downloading colorama-0.4.6-py2.py3-none-any.whl.metadata (17 kB)
Collecting lxml (from sacrebleu->-r requirements.txt (line 10))
  Downloading lxml-6.1.1-cp311-cp311-manylinux_2_26_x86_64.manylinux_2_28_x86_64.whl.metadata (3.5 kB)
Collecting aiohappyeyeballs>=2.5.0 (from aiohttp!=4.0.0a0,!=4.0.0a1->gcsfs==2026.2.0->-r requirements.txt (line 7))
  Downloading aiohappyeyeballs-2.6.2-py3-none-any.whl.metadata (5.9 kB)
Collecting aiosignal>=1.4.0 (from aiohttp!=4.0.0a0,!=4.0.0a1->gcsfs==2026.2.0->-r requirements.txt (line 7))
  Downloading aiosignal-1.4.0-py3-none-any.whl.metadata (3.7 kB)
Collecting attrs>=17.3.0 (from aiohttp!=4.0.0a0,!=4.0.0a1->gcsfs==2026.2.0->-r requirements.txt (line 7))
  Downloading attrs-26.1.0-py3-none-any.whl.metadata (8.8 kB)
Collecting frozenlist>=1.1.1 (from aiohttp!=4.0.0a0,!=4.0.0a1->gcsfs==2026.2.0->-r requirements.txt (line 7))
  Downloading frozenlist-1.8.0-cp311-cp311-manylinux1_x86_64.manylinux_2_28_x86_64.manylinux_2_5_x86_64.whl.metadata (20 kB)
Collecting multidict<7.0,>=4.5 (from aiohttp!=4.0.0a0,!=4.0.0a1->gcsfs==2026.2.0->-r requirements.txt (line 7))
  Downloading multidict-6.7.1-cp311-cp311-manylinux2014_x86_64.manylinux_2_17_x86_64.manylinux_2_28_x86_64.whl.metadata (5.3 kB)
Collecting propcache>=0.2.0 (from aiohttp!=4.0.0a0,!=4.0.0a1->gcsfs==2026.2.0->-r requirements.txt (line 7))
  Downloading propcache-0.5.2-cp311-cp311-manylinux2014_x86_64.manylinux_2_17_x86_64.manylinux_2_28_x86_64.whl.metadata (16 kB)
Collecting yarl<2.0,>=1.17.0 (from aiohttp!=4.0.0a0,!=4.0.0a1->gcsfs==2026.2.0->-r requirements.txt (line 7))
  Downloading yarl-1.24.2-cp311-cp311-manylinux2014_x86_64.manylinux_2_17_x86_64.manylinux_2_28_x86_64.whl.metadata (94 kB)
Requirement already satisfied: wheel<1.0,>=0.23.0 in ./.venv/lib/python3.11/site-packages (from astunparse>=1.6.0->tensorflow->-r requirements.txt (line 5)) (0.47.0)
Collecting msgpack (from flax>=0.11.1->google-tunix @ git+https://github.com/google/tunix.git@43cb3bdf019d048bf3c9f3926555152ec536f8a9->-r requirements.txt (line 1))
  Downloading msgpack-1.2.0-cp311-cp311-manylinux2014_x86_64.manylinux_2_17_x86_64.manylinux_2_28_x86_64.whl.metadata (8.1 kB)
Collecting optax (from flax>=0.11.1->google-tunix @ git+https://github.com/google/tunix.git@43cb3bdf019d048bf3c9f3926555152ec536f8a9->-r requirements.txt (line 1))
  Downloading optax-0.2.8-py3-none-any.whl.metadata (7.9 kB)
Collecting orbax-checkpoint (from flax>=0.11.1->google-tunix @ git+https://github.com/google/tunix.git@43cb3bdf019d048bf3c9f3926555152ec536f8a9->-r requirements.txt (line 1))
  Downloading orbax_checkpoint-0.12.0-py3-none-any.whl.metadata (3.3 kB)
Collecting tensorstore (from flax>=0.11.1->google-tunix @ git+https://github.com/google/tunix.git@43cb3bdf019d048bf3c9f3926555152ec536f8a9->-r requirements.txt (line 1))
  Downloading tensorstore-0.1.84-cp311-cp311-manylinux_2_27_x86_64.manylinux_2_28_x86_64.whl.metadata (3.3 kB)
Collecting rich>=11.1 (from flax>=0.11.1->google-tunix @ git+https://github.com/google/tunix.git@43cb3bdf019d048bf3c9f3926555152ec536f8a9->-r requirements.txt (line 1))
  Downloading rich-15.0.0-py3-none-any.whl.metadata (18 kB)
Collecting treescope>=0.1.7 (from flax>=0.11.1->google-tunix @ git+https://github.com/google/tunix.git@43cb3bdf019d048bf3c9f3926555152ec536f8a9->-r requirements.txt (line 1))
  Downloading treescope-0.1.10-py3-none-any.whl.metadata (6.6 kB)
Collecting pyasn1-modules>=0.2.1 (from google-auth>=1.2->gcsfs==2026.2.0->-r requirements.txt (line 7))
  Downloading pyasn1_modules-0.4.2-py3-none-any.whl.metadata (3.5 kB)
Collecting cryptography>=38.0.3 (from google-auth>=1.2->gcsfs==2026.2.0->-r requirements.txt (line 7))
  Downloading cryptography-49.0.0-cp311-abi3-manylinux_2_34_x86_64.whl.metadata (4.3 kB)
Collecting cffi>=2.0.0 (from cryptography>=38.0.3->google-auth>=1.2->gcsfs==2026.2.0->-r requirements.txt (line 7))
  Downloading cffi-2.0.0-cp311-cp311-manylinux2014_x86_64.manylinux_2_17_x86_64.whl.metadata (2.6 kB)
Collecting pycparser (from cffi>=2.0.0->cryptography>=38.0.3->google-auth>=1.2->gcsfs==2026.2.0->-r requirements.txt (line 7))
  Downloading pycparser-3.0-py3-none-any.whl.metadata (8.2 kB)
Collecting google-api-core<3.0.0,>=2.27.0 (from google-cloud-storage>=3.9.0->gcsfs==2026.2.0->-r requirements.txt (line 7))
  Downloading google_api_core-2.31.0-py3-none-any.whl.metadata (3.2 kB)
Collecting google-cloud-core<3.0.0,>=2.4.2 (from google-cloud-storage>=3.9.0->gcsfs==2026.2.0->-r requirements.txt (line 7))
  Downloading google_cloud_core-2.6.0-py3-none-any.whl.metadata (2.8 kB)
Collecting google-resumable-media<3.0.0,>=2.7.2 (from google-cloud-storage>=3.9.0->gcsfs==2026.2.0->-r requirements.txt (line 7))
  Downloading google_resumable_media-2.10.0-py3-none-any.whl.metadata (2.2 kB)
Collecting google-crc32c<2.0.0,>=1.6.0 (from google-cloud-storage>=3.9.0->gcsfs==2026.2.0->-r requirements.txt (line 7))
  Downloading google_crc32c-1.8.0-cp311-cp311-manylinux1_x86_64.manylinux2014_x86_64.manylinux_2_17_x86_64.manylinux_2_5_x86_64.whl.metadata (1.7 kB)
Collecting googleapis-common-protos<2.0.0,>=1.63.2 (from google-api-core<3.0.0,>=2.27.0->google-cloud-storage>=3.9.0->gcsfs==2026.2.0->-r requirements.txt (line 7))
  Downloading googleapis_common_protos-1.75.0-py3-none-any.whl.metadata (8.6 kB)
Collecting proto-plus<2.0.0,>=1.24.0 (from google-api-core<3.0.0,>=2.27.0->google-cloud-storage>=3.9.0->gcsfs==2026.2.0->-r requirements.txt (line 7))
  Downloading proto_plus-1.28.0-py3-none-any.whl.metadata (2.2 kB)
Collecting clu>=0.0.12 (from google-metrax>=0.2.3->google-tunix @ git+https://github.com/google/tunix.git@43cb3bdf019d048bf3c9f3926555152ec536f8a9->-r requirements.txt (line 1))
  Downloading clu-0.0.12-py3-none-any.whl.metadata (1.9 kB)
Collecting tensorboardx>=2.6.4 (from google-metrax>=0.2.3->google-tunix @ git+https://github.com/google/tunix.git@43cb3bdf019d048bf3c9f3926555152ec536f8a9->-r requirements.txt (line 1))
  Downloading tensorboardx-2.6.5-py3-none-any.whl.metadata (6.6 kB)
Collecting etils[epath] (from clu>=0.0.12->google-metrax>=0.2.3->google-tunix @ git+https://github.com/google/tunix.git@43cb3bdf019d048bf3c9f3926555152ec536f8a9->-r requirements.txt (line 1))
  Downloading etils-1.14.0-py3-none-any.whl.metadata (6.5 kB)
Collecting ml-collections (from clu>=0.0.12->google-metrax>=0.2.3->google-tunix @ git+https://github.com/google/tunix.git@43cb3bdf019d048bf3c9f3926555152ec536f8a9->-r requirements.txt (line 1))
  Downloading ml_collections-1.1.0-py3-none-any.whl.metadata (22 kB)
Collecting namex (from keras>=3.12.0->tensorflow->-r requirements.txt (line 5))
  Downloading namex-0.1.0-py3-none-any.whl.metadata (322 bytes)
Collecting optree (from keras>=3.12.0->tensorflow->-r requirements.txt (line 5))
  Downloading optree-0.19.1-cp311-cp311-manylinux_2_27_x86_64.manylinux_2_28_x86_64.whl.metadata (32 kB)
Collecting pyasn1<0.7.0,>=0.6.1 (from pyasn1-modules>=0.2.1->google-auth>=1.2->gcsfs==2026.2.0->-r requirements.txt (line 7))
  Downloading pyasn1-0.6.3-py3-none-any.whl.metadata (8.4 kB)
Collecting markdown-it-py>=2.2.0 (from rich>=11.1->flax>=0.11.1->google-tunix @ git+https://github.com/google/tunix.git@43cb3bdf019d048bf3c9f3926555152ec536f8a9->-r requirements.txt (line 1))
  Downloading markdown_it_py-4.2.0-py3-none-any.whl.metadata (7.4 kB)
Collecting pygments<3.0.0,>=2.13.0 (from rich>=11.1->flax>=0.11.1->google-tunix @ git+https://github.com/google/tunix.git@43cb3bdf019d048bf3c9f3926555152ec536f8a9->-r requirements.txt (line 1))
  Downloading pygments-2.20.0-py3-none-any.whl.metadata (2.5 kB)
Collecting mdurl~=0.1 (from markdown-it-py>=2.2.0->rich>=11.1->flax>=0.11.1->google-tunix @ git+https://github.com/google/tunix.git@43cb3bdf019d048bf3c9f3926555152ec536f8a9->-r requirements.txt (line 1))
  Downloading mdurl-0.1.2-py3-none-any.whl.metadata (1.6 kB)
Collecting zipp (from etils[epath]->clu>=0.0.12->google-metrax>=0.2.3->google-tunix @ git+https://github.com/google/tunix.git@43cb3bdf019d048bf3c9f3926555152ec536f8a9->-r requirements.txt (line 1))
  Downloading zipp-4.1.0-py3-none-any.whl.metadata (3.6 kB)
Collecting requests-oauthlib>=0.7.0 (from google-auth-oauthlib->gcsfs==2026.2.0->-r requirements.txt (line 7))
  Downloading requests_oauthlib-2.0.0-py2.py3-none-any.whl.metadata (11 kB)
Collecting oauthlib>=3.0.0 (from requests-oauthlib>=0.7.0->google-auth-oauthlib->gcsfs==2026.2.0->-r requirements.txt (line 7))
  Downloading oauthlib-3.3.1-py3-none-any.whl.metadata (7.9 kB)
Collecting grpc-google-iam-v1<1.0.0,>=0.14.0 (from google-cloud-storage-control->gcsfs==2026.2.0->-r requirements.txt (line 7))
  Downloading grpc_google_iam_v1-0.14.4-py3-none-any.whl.metadata (9.1 kB)
Collecting grpcio-status<2.0.0,>=1.41.0 (from google-api-core[grpc]<3.0.0,>=2.17.1->google-cloud-storage-control->gcsfs==2026.2.0->-r requirements.txt (line 7))
  Downloading grpcio_status-1.81.1-py3-none-any.whl.metadata (1.2 kB)
Collecting array-record>=0.8.1 (from grain->google-tunix @ git+https://github.com/google/tunix.git@43cb3bdf019d048bf3c9f3926555152ec536f8a9->-r requirements.txt (line 1))
  Downloading array_record-0.8.3-cp311-cp311-manylinux2014_x86_64.manylinux_2_17_x86_64.whl.metadata (1.1 kB)
Collecting cloudpickle (from grain->google-tunix @ git+https://github.com/google/tunix.git@43cb3bdf019d048bf3c9f3926555152ec536f8a9->-r requirements.txt (line 1))
  Downloading cloudpickle-3.1.2-py3-none-any.whl.metadata (7.1 kB)
Collecting portpicker (from grain->google-tunix @ git+https://github.com/google/tunix.git@43cb3bdf019d048bf3c9f3926555152ec536f8a9->-r requirements.txt (line 1))
  Downloading portpicker-1.6.0-py3-none-any.whl.metadata (1.5 kB)
Collecting wadler-lindig>=0.1.3 (from jaxtyping->google-tunix @ git+https://github.com/google/tunix.git@43cb3bdf019d048bf3c9f3926555152ec536f8a9->-r requirements.txt (line 1))
  Downloading wadler_lindig-0.1.7-py3-none-any.whl.metadata (17 kB)
Collecting MarkupSafe>=2.0 (from jinja2->google-tunix @ git+https://github.com/google/tunix.git@43cb3bdf019d048bf3c9f3926555152ec536f8a9->-r requirements.txt (line 1))
  Downloading markupsafe-3.0.3-cp311-cp311-manylinux2014_x86_64.manylinux_2_17_x86_64.manylinux_2_28_x86_64.whl.metadata (2.7 kB)
Collecting llvmlite<0.48,>=0.47.0dev0 (from numba->google-tunix @ git+https://github.com/google/tunix.git@43cb3bdf019d048bf3c9f3926555152ec536f8a9->-r requirements.txt (line 1))
  Downloading llvmlite-0.47.0-cp311-cp311-manylinux2014_x86_64.manylinux_2_17_x86_64.whl.metadata (5.0 kB)
Collecting antlr4-python3-runtime==4.9.* (from omegaconf->google-tunix @ git+https://github.com/google/tunix.git@43cb3bdf019d048bf3c9f3926555152ec536f8a9->-r requirements.txt (line 1))
  Downloading antlr4-python3-runtime-4.9.3.tar.gz (117 kB)
  Installing build dependencies ... done
  Getting requirements to build wheel ... done
  Preparing metadata (pyproject.toml) ... done
Collecting prometheus-client>=0.20.0 (from orbax-checkpoint->flax>=0.11.1->google-tunix @ git+https://github.com/google/tunix.git@43cb3bdf019d048bf3c9f3926555152ec536f8a9->-r requirements.txt (line 1))
  Downloading prometheus_client-0.25.0-py3-none-any.whl.metadata (2.1 kB)
Collecting aiofiles (from orbax-checkpoint->flax>=0.11.1->google-tunix @ git+https://github.com/google/tunix.git@43cb3bdf019d048bf3c9f3926555152ec536f8a9->-r requirements.txt (line 1))
  Downloading aiofiles-25.1.0-py3-none-any.whl.metadata (6.3 kB)
Collecting humanize (from orbax-checkpoint->flax>=0.11.1->google-tunix @ git+https://github.com/google/tunix.git@43cb3bdf019d048bf3c9f3926555152ec536f8a9->-r requirements.txt (line 1))
  Downloading humanize-4.15.0-py3-none-any.whl.metadata (7.8 kB)
Collecting simplejson>=3.16.0 (from orbax-checkpoint->flax>=0.11.1->google-tunix @ git+https://github.com/google/tunix.git@43cb3bdf019d048bf3c9f3926555152ec536f8a9->-r requirements.txt (line 1))
  Downloading simplejson-4.1.1-cp311-cp311-manylinux1_x86_64.manylinux_2_28_x86_64.manylinux_2_5_x86_64.whl.metadata (3.8 kB)
Collecting psutil (from orbax-checkpoint->flax>=0.11.1->google-tunix @ git+https://github.com/google/tunix.git@43cb3bdf019d048bf3c9f3926555152ec536f8a9->-r requirements.txt (line 1))
  Downloading psutil-7.2.2-cp36-abi3-manylinux2010_x86_64.manylinux_2_12_x86_64.manylinux_2_28_x86_64.whl.metadata (22 kB)
Collecting uvloop (from orbax-checkpoint->flax>=0.11.1->google-tunix @ git+https://github.com/google/tunix.git@43cb3bdf019d048bf3c9f3926555152ec536f8a9->-r requirements.txt (line 1))
  Downloading uvloop-0.22.1-cp311-cp311-manylinux2014_x86_64.manylinux_2_17_x86_64.manylinux_2_28_x86_64.whl.metadata (4.9 kB)
Collecting mpmath<1.4,>=1.1.0 (from sympy->google-tunix @ git+https://github.com/google/tunix.git@43cb3bdf019d048bf3c9f3926555152ec536f8a9->-r requirements.txt (line 1))
  Downloading mpmath-1.3.0-py3-none-any.whl.metadata (8.6 kB)
Collecting dm-tree (from tensorflow_datasets->google-tunix @ git+https://github.com/google/tunix.git@43cb3bdf019d048bf3c9f3926555152ec536f8a9->-r requirements.txt (line 1))
  Downloading dm_tree-0.1.10-cp311-cp311-manylinux_2_24_x86_64.manylinux_2_28_x86_64.whl.metadata (2.6 kB)
Collecting immutabledict (from tensorflow_datasets->google-tunix @ git+https://github.com/google/tunix.git@43cb3bdf019d048bf3c9f3926555152ec536f8a9->-r requirements.txt (line 1))
  Downloading immutabledict-4.3.1-py3-none-any.whl.metadata (3.5 kB)
Collecting promise (from tensorflow_datasets->google-tunix @ git+https://github.com/google/tunix.git@43cb3bdf019d048bf3c9f3926555152ec536f8a9->-r requirements.txt (line 1))
  Downloading promise-2.3.tar.gz (19 kB)
  Installing build dependencies ... done
  Getting requirements to build wheel ... done
  Preparing metadata (pyproject.toml) ... done
Collecting simple_parsing (from tensorflow_datasets->google-tunix @ git+https://github.com/google/tunix.git@43cb3bdf019d048bf3c9f3926555152ec536f8a9->-r requirements.txt (line 1))
  Downloading simple_parsing-0.1.8-py3-none-any.whl.metadata (8.1 kB)
Collecting tensorflow-metadata (from tensorflow_datasets->google-tunix @ git+https://github.com/google/tunix.git@43cb3bdf019d048bf3c9f3926555152ec536f8a9->-r requirements.txt (line 1))
  Downloading tensorflow_metadata-1.21.0-py3-none-any.whl.metadata (2.5 kB)
Collecting toml (from tensorflow_datasets->google-tunix @ git+https://github.com/google/tunix.git@43cb3bdf019d048bf3c9f3926555152ec536f8a9->-r requirements.txt (line 1))
  Downloading toml-0.10.2-py2.py3-none-any.whl.metadata (7.1 kB)
Collecting einops (from etils[epath]->clu>=0.0.12->google-metrax>=0.2.3->google-tunix @ git+https://github.com/google/tunix.git@43cb3bdf019d048bf3c9f3926555152ec536f8a9->-r requirements.txt (line 1))
  Downloading einops-0.8.2-py3-none-any.whl.metadata (13 kB)
Collecting docstring-parser~=0.15 (from simple_parsing->tensorflow_datasets->google-tunix @ git+https://github.com/google/tunix.git@43cb3bdf019d048bf3c9f3926555152ec536f8a9->-r requirements.txt (line 1))
  Downloading docstring_parser-0.18.0-py3-none-any.whl.metadata (3.5 kB)
Downloading qwix-0.1.6-py3-none-any.whl (143 kB)
Downloading kagglehub-0.4.3-py3-none-any.whl (70 kB)
Downloading gcsfs-2026.2.0-py3-none-any.whl (57 kB)
Downloading fsspec-2026.2.0-py3-none-any.whl (202 kB)
Downloading transformers-4.57.1-py3-none-any.whl (12.0 MB)
   ━━━━━━━━━━━━━━━━━━━━━━━━━━━━━━━━━━━━━━━━ 12.0/12.0 MB 140.4 MB/s  0:00:00
Downloading huggingface_hub-0.36.2-py3-none-any.whl (566 kB)
   ━━━━━━━━━━━━━━━━━━━━━━━━━━━━━━━━━━━━━━━━ 566.4/566.4 kB 47.7 MB/s  0:00:00
Downloading hf_xet-1.5.1-cp37-abi3-manylinux2014_x86_64.manylinux_2_17_x86_64.whl (4.5 MB)
   ━━━━━━━━━━━━━━━━━━━━━━━━━━━━━━━━━━━━━━━━ 4.5/4.5 MB 252.7 MB/s  0:00:00
Downloading kagglesdk-0.1.30-py3-none-any.whl (231 kB)
Downloading tokenizers-0.22.2-cp39-abi3-manylinux_2_17_x86_64.manylinux2014_x86_64.whl (3.3 MB)
   ━━━━━━━━━━━━━━━━━━━━━━━━━━━━━━━━━━━━━━━━ 3.3/3.3 MB 233.7 MB/s  0:00:00
Downloading importlib_resources-7.1.0-py3-none-any.whl (37 kB)
Downloading tensorflow-2.21.0-cp311-cp311-manylinux_2_27_x86_64.whl (572.4 MB)
   ━━━━━━━━━━━━━━━━━━━━━━━━━━━━━━━━━━━━━━━━ 572.4/572.4 MB 53.9 MB/s  0:00:06
Downloading grpcio-1.81.1-cp311-cp311-manylinux2014_x86_64.manylinux_2_17_x86_64.whl (6.8 MB)
   ━━━━━━━━━━━━━━━━━━━━━━━━━━━━━━━━━━━━━━━━ 6.8/6.8 MB 262.3 MB/s  0:00:00
Downloading h5py-3.14.0-cp311-cp311-manylinux_2_17_x86_64.manylinux2014_x86_64.whl (4.5 MB)
   ━━━━━━━━━━━━━━━━━━━━━━━━━━━━━━━━━━━━━━━━ 4.5/4.5 MB 166.2 MB/s  0:00:00
Downloading ml_dtypes-0.5.4-cp311-cp311-manylinux_2_27_x86_64.manylinux_2_28_x86_64.whl (5.0 MB)
   ━━━━━━━━━━━━━━━━━━━━━━━━━━━━━━━━━━━━━━━━ 5.0/5.0 MB 146.5 MB/s  0:00:00
Downloading protobuf-7.35.1-cp310-abi3-manylinux2014_x86_64.whl (327 kB)
Downloading requests-2.34.2-py3-none-any.whl (73 kB)
Downloading charset_normalizer-3.4.7-cp311-cp311-manylinux2014_x86_64.manylinux_2_17_x86_64.manylinux_2_28_x86_64.whl (214 kB)
Downloading idna-3.18-py3-none-any.whl (65 kB)
Downloading typing_extensions-4.15.0-py3-none-any.whl (44 kB)
Downloading urllib3-2.7.0-py3-none-any.whl (131 kB)
Downloading datasets-5.0.0-py3-none-any.whl (555 kB)
   ━━━━━━━━━━━━━━━━━━━━━━━━━━━━━━━━━━━━━━━━ 555.1/555.1 kB 51.0 MB/s  0:00:00
Downloading dill-0.4.1-py3-none-any.whl (120 kB)
Downloading httpx-0.28.1-py3-none-any.whl (73 kB)
Downloading httpcore-1.0.9-py3-none-any.whl (78 kB)
Downloading multiprocess-0.70.19-py311-none-any.whl (144 kB)
Downloading jax-0.10.1-py3-none-any.whl (3.2 MB)
   ━━━━━━━━━━━━━━━━━━━━━━━━━━━━━━━━━━━━━━━━ 3.2/3.2 MB 209.4 MB/s  0:00:00
Downloading jaxlib-0.10.1-cp311-cp311-manylinux_2_27_x86_64.whl (85.8 MB)
   ━━━━━━━━━━━━━━━━━━━━━━━━━━━━━━━━━━━━━━━━ 85.8/85.8 MB 90.2 MB/s  0:00:00
Downloading matplotlib-3.11.0-cp311-cp311-manylinux2014_x86_64.manylinux_2_17_x86_64.whl (10.0 MB)
   ━━━━━━━━━━━━━━━━━━━━━━━━━━━━━━━━━━━━━━━━ 10.0/10.0 MB 222.0 MB/s  0:00:00
Downloading sacrebleu-2.6.0-py3-none-any.whl (100 kB)
Downloading absl_py-2.4.0-py3-none-any.whl (135 kB)
Downloading aiohttp-3.14.1-cp311-cp311-manylinux2014_x86_64.manylinux_2_17_x86_64.manylinux_2_28_x86_64.whl (1.8 MB)
   ━━━━━━━━━━━━━━━━━━━━━━━━━━━━━━━━━━━━━━━━ 1.8/1.8 MB 163.4 MB/s  0:00:00
Downloading multidict-6.7.1-cp311-cp311-manylinux2014_x86_64.manylinux_2_17_x86_64.manylinux_2_28_x86_64.whl (246 kB)
Downloading yarl-1.24.2-cp311-cp311-manylinux2014_x86_64.manylinux_2_17_x86_64.manylinux_2_28_x86_64.whl (106 kB)
Downloading aiohappyeyeballs-2.6.2-py3-none-any.whl (15 kB)
Downloading aiosignal-1.4.0-py3-none-any.whl (7.5 kB)
Downloading astunparse-1.6.3-py2.py3-none-any.whl (12 kB)
Downloading six-1.17.0-py2.py3-none-any.whl (11 kB)
Downloading attrs-26.1.0-py3-none-any.whl (67 kB)
Downloading certifi-2026.5.20-py3-none-any.whl (134 kB)
Downloading contourpy-1.3.3-cp311-cp311-manylinux_2_27_x86_64.manylinux_2_28_x86_64.whl (355 kB)
Downloading cycler-0.12.1-py3-none-any.whl (8.3 kB)
Downloading decorator-5.3.1-py3-none-any.whl (10 kB)
Downloading flatbuffers-25.12.19-py2.py3-none-any.whl (26 kB)
Downloading flax-0.12.7-py3-none-any.whl (525 kB)
   ━━━━━━━━━━━━━━━━━━━━━━━━━━━━━━━━━━━━━━━━ 525.1/525.1 kB 46.4 MB/s  0:00:00
Downloading fonttools-4.63.0-cp311-cp311-manylinux2014_x86_64.manylinux_2_17_x86_64.whl (5.1 MB)
   ━━━━━━━━━━━━━━━━━━━━━━━━━━━━━━━━━━━━━━━━ 5.1/5.1 MB 138.7 MB/s  0:00:00
Downloading frozenlist-1.8.0-cp311-cp311-manylinux1_x86_64.manylinux_2_28_x86_64.manylinux_2_5_x86_64.whl (231 kB)
Downloading gast-0.7.0-py3-none-any.whl (22 kB)
Downloading google_auth-2.54.0-py3-none-any.whl (249 kB)
Downloading cryptography-49.0.0-cp311-abi3-manylinux_2_34_x86_64.whl (4.7 MB)
   ━━━━━━━━━━━━━━━━━━━━━━━━━━━━━━━━━━━━━━━━ 4.7/4.7 MB 230.3 MB/s  0:00:00
Downloading cffi-2.0.0-cp311-cp311-manylinux2014_x86_64.manylinux_2_17_x86_64.whl (215 kB)
Downloading google_cloud_storage-3.12.0-py3-none-any.whl (340 kB)
Downloading google_api_core-2.31.0-py3-none-any.whl (173 kB)
Downloading google_cloud_core-2.6.0-py3-none-any.whl (29 kB)
Downloading google_crc32c-1.8.0-cp311-cp311-manylinux1_x86_64.manylinux2014_x86_64.manylinux_2_17_x86_64.manylinux_2_5_x86_64.whl (33 kB)
Downloading google_resumable_media-2.10.0-py3-none-any.whl (81 kB)
Downloading googleapis_common_protos-1.75.0-py3-none-any.whl (300 kB)
Downloading proto_plus-1.28.0-py3-none-any.whl (50 kB)
Downloading google_metrax-0.2.4-py3-none-any.whl (47 kB)
Downloading clu-0.0.12-py3-none-any.whl (101 kB)
Downloading google_pasta-0.2.0-py3-none-any.whl (57 kB)
Downloading h11-0.16.0-py3-none-any.whl (37 kB)
Downloading keras-3.14.1-py3-none-any.whl (1.6 MB)
   ━━━━━━━━━━━━━━━━━━━━━━━━━━━━━━━━━━━━━━━━ 1.6/1.6 MB 108.1 MB/s  0:00:00
Downloading kiwisolver-1.5.0-cp311-cp311-manylinux2014_x86_64.manylinux_2_17_x86_64.whl (1.4 MB)
   ━━━━━━━━━━━━━━━━━━━━━━━━━━━━━━━━━━━━━━━━ 1.4/1.4 MB 145.6 MB/s  0:00:00
Downloading libclang-18.1.1-py2.py3-none-manylinux2010_x86_64.whl (24.5 MB)
   ━━━━━━━━━━━━━━━━━━━━━━━━━━━━━━━━━━━━━━━━ 24.5/24.5 MB 298.9 MB/s  0:00:00
Downloading numpy-2.4.6-cp311-cp311-manylinux_2_27_x86_64.manylinux_2_28_x86_64.whl (16.9 MB)
   ━━━━━━━━━━━━━━━━━━━━━━━━━━━━━━━━━━━━━━━━ 16.9/16.9 MB 189.4 MB/s  0:00:00
Downloading opt_einsum-3.4.0-py3-none-any.whl (71 kB)
Downloading pillow-12.2.0-cp311-cp311-manylinux_2_27_x86_64.manylinux_2_28_x86_64.whl (7.1 MB)
   ━━━━━━━━━━━━━━━━━━━━━━━━━━━━━━━━━━━━━━━━ 7.1/7.1 MB 228.3 MB/s  0:00:00
Downloading propcache-0.5.2-cp311-cp311-manylinux2014_x86_64.manylinux_2_17_x86_64.manylinux_2_28_x86_64.whl (58 kB)
Downloading pyarrow-24.0.0-cp311-cp311-manylinux_2_28_x86_64.whl (48.8 MB)
   ━━━━━━━━━━━━━━━━━━━━━━━━━━━━━━━━━━━━━━━━ 48.8/48.8 MB 149.7 MB/s  0:00:00
Downloading pyasn1_modules-0.4.2-py3-none-any.whl (181 kB)
Downloading pyasn1-0.6.3-py3-none-any.whl (83 kB)
Downloading pyparsing-3.3.2-py3-none-any.whl (122 kB)
Downloading python_dateutil-2.9.0.post0-py2.py3-none-any.whl (229 kB)
Downloading pyyaml-6.0.3-cp311-cp311-manylinux2014_x86_64.manylinux_2_17_x86_64.manylinux_2_28_x86_64.whl (806 kB)
   ━━━━━━━━━━━━━━━━━━━━━━━━━━━━━━━━━━━━━━━━ 806.6/806.6 kB 69.0 MB/s  0:00:00
Downloading regex-2026.5.9-cp311-cp311-manylinux2014_x86_64.manylinux_2_17_x86_64.manylinux_2_28_x86_64.whl (799 kB)
   ━━━━━━━━━━━━━━━━━━━━━━━━━━━━━━━━━━━━━━━━ 799.8/799.8 kB 67.7 MB/s  0:00:00
Downloading rich-15.0.0-py3-none-any.whl (310 kB)
Downloading pygments-2.20.0-py3-none-any.whl (1.2 MB)
   ━━━━━━━━━━━━━━━━━━━━━━━━━━━━━━━━━━━━━━━━ 1.2/1.2 MB 107.7 MB/s  0:00:00
Downloading markdown_it_py-4.2.0-py3-none-any.whl (91 kB)
Downloading mdurl-0.1.2-py3-none-any.whl (10.0 kB)
Downloading safetensors-0.8.0-cp310-abi3-manylinux_2_17_x86_64.manylinux2014_x86_64.whl (516 kB)
Downloading scipy-1.17.1-cp311-cp311-manylinux_2_27_x86_64.manylinux_2_28_x86_64.whl (35.3 MB)
   ━━━━━━━━━━━━━━━━━━━━━━━━━━━━━━━━━━━━━━━━ 35.3/35.3 MB 176.4 MB/s  0:00:00
Downloading tabulate-0.10.0-py3-none-any.whl (39 kB)
Downloading tensorboardx-2.6.5-py3-none-any.whl (87 kB)
Downloading termcolor-3.3.0-py3-none-any.whl (7.7 kB)
Downloading tqdm-4.68.2-py3-none-any.whl (78 kB)
Downloading treescope-0.1.10-py3-none-any.whl (182 kB)
Downloading wrapt-2.2.1-cp311-cp311-manylinux1_x86_64.manylinux_2_28_x86_64.manylinux_2_5_x86_64.whl (159 kB)
Downloading anyio-4.13.0-py3-none-any.whl (114 kB)
Downloading colorama-0.4.6-py2.py3-none-any.whl (25 kB)
Downloading etils-1.14.0-py3-none-any.whl (172 kB)
Downloading filelock-3.29.4-py3-none-any.whl (42 kB)
Downloading google_auth_oauthlib-1.4.0-py3-none-any.whl (19 kB)
Downloading requests_oauthlib-2.0.0-py2.py3-none-any.whl (24 kB)
Downloading oauthlib-3.3.1-py3-none-any.whl (160 kB)
Downloading google_cloud_storage_control-1.12.0-py3-none-any.whl (102 kB)
Downloading grpc_google_iam_v1-0.14.4-py3-none-any.whl (32 kB)
Downloading grpcio_status-1.81.1-py3-none-any.whl (14 kB)
Downloading grain-0.2.17-cp311-cp311-manylinux_2_24_x86_64.manylinux_2_28_x86_64.whl (606 kB)
   ━━━━━━━━━━━━━━━━━━━━━━━━━━━━━━━━━━━━━━━━ 606.8/606.8 kB 48.8 MB/s  0:00:00
Downloading array_record-0.8.3-cp311-cp311-manylinux2014_x86_64.manylinux_2_17_x86_64.whl (5.0 MB)
   ━━━━━━━━━━━━━━━━━━━━━━━━━━━━━━━━━━━━━━━━ 5.0/5.0 MB 113.0 MB/s  0:00:00
Downloading cloudpickle-3.1.2-py3-none-any.whl (22 kB)
Downloading hf_transfer-0.1.9-cp38-abi3-manylinux_2_17_x86_64.manylinux2014_x86_64.whl (3.6 MB)
   ━━━━━━━━━━━━━━━━━━━━━━━━━━━━━━━━━━━━━━━━ 3.6/3.6 MB 159.2 MB/s  0:00:00
Downloading jaxtyping-0.3.11-py3-none-any.whl (56 kB)
Downloading wadler_lindig-0.1.7-py3-none-any.whl (20 kB)
Downloading jinja2-3.1.6-py3-none-any.whl (134 kB)
Downloading markupsafe-3.0.3-cp311-cp311-manylinux2014_x86_64.manylinux_2_17_x86_64.manylinux_2_28_x86_64.whl (22 kB)
Downloading lxml-6.1.1-cp311-cp311-manylinux_2_26_x86_64.manylinux_2_28_x86_64.whl (5.2 MB)
   ━━━━━━━━━━━━━━━━━━━━━━━━━━━━━━━━━━━━━━━━ 5.2/5.2 MB 160.6 MB/s  0:00:00
Downloading ml_collections-1.1.0-py3-none-any.whl (76 kB)
Downloading msgpack-1.2.0-cp311-cp311-manylinux2014_x86_64.manylinux_2_17_x86_64.manylinux_2_28_x86_64.whl (423 kB)
Downloading namex-0.1.0-py3-none-any.whl (5.9 kB)
Downloading numba-0.65.1-cp311-cp311-manylinux2014_x86_64.manylinux_2_17_x86_64.whl (3.7 MB)
   ━━━━━━━━━━━━━━━━━━━━━━━━━━━━━━━━━━━━━━━━ 3.7/3.7 MB 142.6 MB/s  0:00:00
Downloading llvmlite-0.47.0-cp311-cp311-manylinux2014_x86_64.manylinux_2_17_x86_64.whl (56.3 MB)
   ━━━━━━━━━━━━━━━━━━━━━━━━━━━━━━━━━━━━━━━━ 56.3/56.3 MB 106.5 MB/s  0:00:00
Downloading omegaconf-2.3.1-py3-none-any.whl (79 kB)
Downloading optax-0.2.8-py3-none-any.whl (402 kB)
Downloading optree-0.19.1-cp311-cp311-manylinux_2_27_x86_64.manylinux_2_28_x86_64.whl (447 kB)
Downloading orbax_checkpoint-0.12.0-py3-none-any.whl (1.3 MB)
   ━━━━━━━━━━━━━━━━━━━━━━━━━━━━━━━━━━━━━━━━ 1.3/1.3 MB 76.2 MB/s  0:00:00
Downloading prometheus_client-0.25.0-py3-none-any.whl (64 kB)
Downloading simplejson-4.1.1-cp311-cp311-manylinux1_x86_64.manylinux_2_28_x86_64.manylinux_2_5_x86_64.whl (180 kB)
Downloading tensorstore-0.1.84-cp311-cp311-manylinux_2_27_x86_64.manylinux_2_28_x86_64.whl (21.0 MB)
   ━━━━━━━━━━━━━━━━━━━━━━━━━━━━━━━━━━━━━━━━ 21.0/21.0 MB 152.0 MB/s  0:00:00
Downloading aiofiles-25.1.0-py3-none-any.whl (14 kB)
Downloading humanize-4.15.0-py3-none-any.whl (132 kB)
Downloading pandas-3.0.3-cp311-cp311-manylinux_2_24_x86_64.manylinux_2_28_x86_64.whl (11.3 MB)
   ━━━━━━━━━━━━━━━━━━━━━━━━━━━━━━━━━━━━━━━━ 11.3/11.3 MB 258.0 MB/s  0:00:00
Downloading perfetto-0.56.0-py3-none-any.whl (353 kB)
Downloading portalocker-3.2.0-py3-none-any.whl (22 kB)
Downloading portpicker-1.6.0-py3-none-any.whl (16 kB)
Downloading psutil-7.2.2-cp36-abi3-manylinux2010_x86_64.manylinux_2_12_x86_64.manylinux_2_28_x86_64.whl (155 kB)
Downloading pycparser-3.0-py3-none-any.whl (48 kB)
Downloading python_dotenv-1.2.2-py3-none-any.whl (22 kB)
Downloading sentencepiece-0.2.1-cp311-cp311-manylinux_2_27_x86_64.manylinux_2_28_x86_64.whl (1.4 MB)
   ━━━━━━━━━━━━━━━━━━━━━━━━━━━━━━━━━━━━━━━━ 1.4/1.4 MB 120.7 MB/s  0:00:00
Downloading sympy-1.14.0-py3-none-any.whl (6.3 MB)
   ━━━━━━━━━━━━━━━━━━━━━━━━━━━━━━━━━━━━━━━━ 6.3/6.3 MB 216.6 MB/s  0:00:00
Downloading mpmath-1.3.0-py3-none-any.whl (536 kB)
   ━━━━━━━━━━━━━━━━━━━━━━━━━━━━━━━━━━━━━━━━ 536.2/536.2 kB 48.1 MB/s  0:00:00
Downloading tenacity-9.1.4-py3-none-any.whl (28 kB)
Downloading tensorflow_datasets-4.9.10-py3-none-any.whl (5.3 MB)
   ━━━━━━━━━━━━━━━━━━━━━━━━━━━━━━━━━━━━━━━━ 5.3/5.3 MB 132.6 MB/s  0:00:00
Downloading dm_tree-0.1.10-cp311-cp311-manylinux_2_24_x86_64.manylinux_2_28_x86_64.whl (185 kB)
Downloading einops-0.8.2-py3-none-any.whl (65 kB)
Downloading immutabledict-4.3.1-py3-none-any.whl (5.0 kB)
Downloading simple_parsing-0.1.8-py3-none-any.whl (113 kB)
Downloading docstring_parser-0.18.0-py3-none-any.whl (22 kB)
Downloading tensorflow_metadata-1.21.0-py3-none-any.whl (30 kB)
Downloading toml-0.10.2-py2.py3-none-any.whl (16 kB)
Downloading uvloop-0.22.1-cp311-cp311-manylinux2014_x86_64.manylinux_2_17_x86_64.manylinux_2_28_x86_64.whl (3.8 MB)
   ━━━━━━━━━━━━━━━━━━━━━━━━━━━━━━━━━━━━━━━━ 3.8/3.8 MB 196.2 MB/s  0:00:00
Downloading xxhash-3.7.0-cp311-cp311-manylinux2014_x86_64.manylinux_2_17_x86_64.manylinux_2_28_x86_64.whl (193 kB)
Downloading zipp-4.1.0-py3-none-any.whl (10 kB)
Building wheels for collected packages: google-tunix, antlr4-python3-runtime, pylatexenc, promise
  Building wheel for google-tunix (pyproject.toml) ... done
  Created wheel for google-tunix: filename=google_tunix-0.1.7-py3-none-any.whl size=476605 sha256=47b5189f4490b7791131f5aa6706c4cfa5b6dcf93ed2ae2fb4ef6f4f44106929
  Stored in directory: /root/.cache/pip/wheels/fc/3a/ab/452e9b8a00aa70106d29e16221e663989bb4b38f77a02dd744
  Building wheel for antlr4-python3-runtime (pyproject.toml) ... done
  Created wheel for antlr4-python3-runtime: filename=antlr4_python3_runtime-4.9.3-py3-none-any.whl size=144590 sha256=5eaf23ff7ff19a57700e0eb16ca4dec082d35a437da5291405978945a205dca0
  Stored in directory: /root/.cache/pip/wheels/1a/97/32/461f837398029ad76911109f07047fde1d7b661a147c7c56d1
  Building wheel for pylatexenc (pyproject.toml) ... done
  Created wheel for pylatexenc: filename=pylatexenc-2.10-py3-none-any.whl size=136897 sha256=728764ebfeb35edbfee85a33b28356c1e5fd3150d1504897ec813830d055b966
  Stored in directory: /root/.cache/pip/wheels/b1/7a/33/9fdd892f784ed4afda62b685ae3703adf4c91aa0f524c28f03
  Building wheel for promise (pyproject.toml) ... done
  Created wheel for promise: filename=promise-2.3-py3-none-any.whl size=21581 sha256=9a31551a871b94cde95e78e1c457d4f4fcef6659171304ccadd5329d7476825c
  Stored in directory: /root/.cache/pip/wheels/90/74/b1/9b54c896b8d9409e9268329d4d45ede8a8040abe91c8879932
Successfully built google-tunix antlr4-python3-runtime pylatexenc promise
Installing collected packages: pylatexenc, namex, mpmath, libclang, flatbuffers, antlr4-python3-runtime, zipp, xxhash, wrapt, wadler-lindig, uvloop, urllib3, typing-extensions, tqdm, toml, termcolor, tenacity, tabulate, sympy, six, simplejson, sentencepiece, safetensors, regex, pyyaml, python-dotenv, pyparsing, pygments, pycparser, pyasn1, pyarrow, psutil, protobuf, propcache, prometheus-client, portalocker, pillow, opt_einsum, oauthlib, numpy, multidict, msgpack, mdurl, MarkupSafe, lxml, llvmlite, kiwisolver, importlib_resources, immutabledict, idna, humanize, hf-xet, hf_transfer, h11, google-crc32c, gast, fsspec, frozenlist, fonttools, filelock, etils, einops, docstring-parser, dill, decorator, cycler, colorama, cloudpickle, charset_normalizer, certifi, attrs, aiohappyeyeballs, aiofiles, absl-py, yarl, treescope, tensorboardx, simple_parsing, scipy, sacrebleu, requests, python-dateutil, pyasn1-modules, proto-plus, promise, portpicker, perfetto, optree, omegaconf, numba, multiprocess, ml_dtypes, ml-collections, markdown-it-py, jinja2, jaxtyping, httpcore, h5py, grpcio, googleapis-common-protos, google-resumable-media, google_pasta, dm-tree, contourpy, cffi, astunparse, anyio, aiosignal, tensorstore, tensorflow-metadata, rich, requests-oauthlib, pandas, matplotlib, kagglesdk, jaxlib, huggingface_hub, httpx, grpcio-status, cryptography, aiohttp, tokenizers, keras, kagglehub, jax, grpc-google-iam-v1, google-auth, array-record, transformers, tensorflow, orbax-checkpoint, optax, grain, google-auth-oauthlib, google-api-core, datasets, tensorflow_datasets, google-cloud-core, flax, qwix, google-cloud-storage-control, google-cloud-storage, clu, google-metrax, gcsfs, google-tunix
Successfully installed MarkupSafe-3.0.3 absl-py-2.4.0 aiofiles-25.1.0 aiohappyeyeballs-2.6.2 aiohttp-3.14.1 aiosignal-1.4.0 antlr4-python3-runtime-4.9.3 anyio-4.13.0 array-record-0.8.3 astunparse-1.6.3 attrs-26.1.0 certifi-2026.5.20 cffi-2.0.0 charset_normalizer-3.4.7 cloudpickle-3.1.2 clu-0.0.12 colorama-0.4.6 contourpy-1.3.3 cryptography-49.0.0 cycler-0.12.1 datasets-5.0.0 decorator-5.3.1 dill-0.4.1 dm-tree-0.1.10 docstring-parser-0.18.0 einops-0.8.2 etils-1.14.0 filelock-3.29.4 flatbuffers-25.12.19 flax-0.12.7 fonttools-4.63.0 frozenlist-1.8.0 fsspec-2026.2.0 gast-0.7.0 gcsfs-2026.2.0 google-api-core-2.31.0 google-auth-2.54.0 google-auth-oauthlib-1.4.0 google-cloud-core-2.6.0 google-cloud-storage-3.12.0 google-cloud-storage-control-1.12.0 google-crc32c-1.8.0 google-metrax-0.2.4 google-resumable-media-2.10.0 google-tunix-0.1.7 google_pasta-0.2.0 googleapis-common-protos-1.75.0 grain-0.2.17 grpc-google-iam-v1-0.14.4 grpcio-1.81.1 grpcio-status-1.81.1 h11-0.16.0 h5py-3.14.0 hf-xet-1.5.1 hf_transfer-0.1.9 httpcore-1.0.9 httpx-0.28.1 huggingface_hub-0.36.2 humanize-4.15.0 idna-3.18 immutabledict-4.3.1 importlib_resources-7.1.0 jax-0.10.1 jaxlib-0.10.1 jaxtyping-0.3.11 jinja2-3.1.6 kagglehub-0.4.3 kagglesdk-0.1.30 keras-3.14.1 kiwisolver-1.5.0 libclang-18.1.1 llvmlite-0.47.0 lxml-6.1.1 markdown-it-py-4.2.0 matplotlib-3.11.0 mdurl-0.1.2 ml-collections-1.1.0 ml_dtypes-0.5.4 mpmath-1.3.0 msgpack-1.2.0 multidict-6.7.1 multiprocess-0.70.19 namex-0.1.0 numba-0.65.1 numpy-2.4.6 oauthlib-3.3.1 omegaconf-2.3.1 opt_einsum-3.4.0 optax-0.2.8 optree-0.19.1 orbax-checkpoint-0.12.0 pandas-3.0.3 perfetto-0.56.0 pillow-12.2.0 portalocker-3.2.0 portpicker-1.6.0 prometheus-client-0.25.0 promise-2.3 propcache-0.5.2 proto-plus-1.28.0 protobuf-7.35.1 psutil-7.2.2 pyarrow-24.0.0 pyasn1-0.6.3 pyasn1-modules-0.4.2 pycparser-3.0 pygments-2.20.0 pylatexenc-2.10 pyparsing-3.3.2 python-dateutil-2.9.0.post0 python-dotenv-1.2.2 pyyaml-6.0.3 qwix-0.1.6 regex-2026.5.9 requests-2.34.2 requests-oauthlib-2.0.0 rich-15.0.0 sacrebleu-2.6.0 safetensors-0.8.0 scipy-1.17.1 sentencepiece-0.2.1 simple_parsing-0.1.8 simplejson-4.1.1 six-1.17.0 sympy-1.14.0 tabulate-0.10.0 tenacity-9.1.4 tensorboardx-2.6.5 tensorflow-2.21.0 tensorflow-metadata-1.21.0 tensorflow_datasets-4.9.10 tensorstore-0.1.84 termcolor-3.3.0 tokenizers-0.22.2 toml-0.10.2 tqdm-4.68.2 transformers-4.57.1 treescope-0.1.10 typing-extensions-4.15.0 urllib3-2.7.0 uvloop-0.22.1 wadler-lindig-0.1.7 wrapt-2.2.1 xxhash-3.7.0 yarl-1.24.2 zipp-4.1.0
Obtaining file:///workflow
  Installing build dependencies ... done
  Checking if build backend supports build_editable ... done
  Getting requirements to build editable ... done
  Preparing editable metadata (pyproject.toml) ... done
Building wheels for collected packages: tunix-accel
  Building editable for tunix-accel (pyproject.toml) ... done
  Created wheel for tunix-accel: filename=tunix_accel-0.1.0-0.editable-py3-none-any.whl size=2793 sha256=6ab4f701d5edda3df6339499a9ea6d507fa85c567e9725c2faf4120e8cd7fc26
  Stored in directory: /tmp/pip-ephem-wheel-cache-up2el29b/wheels/dd/d3/0b/e0665eb878eec82553318e81d0de06386051d0cf39304f5b77
Successfully built tunix-accel
Installing collected packages: tunix-accel
Successfully installed tunix-accel-0.1.0
Looking in links: https://storage.googleapis.com/jax-releases/jax_cuda_releases.html
Requirement already satisfied: pandas in ./.venv/lib/python3.11/site-packages (3.0.3)
Requirement already satisfied: matplotlib in ./.venv/lib/python3.11/site-packages (3.11.0)
Requirement already satisfied: jax[cuda12] in ./.venv/lib/python3.11/site-packages (0.10.1)
Requirement already satisfied: jaxlib<=0.10.1,>=0.10.1 in ./.venv/lib/python3.11/site-packages (from jax[cuda12]) (0.10.1)
Requirement already satisfied: ml_dtypes>=0.5.0 in ./.venv/lib/python3.11/site-packages (from jax[cuda12]) (0.5.4)
Requirement already satisfied: numpy>=2.0 in ./.venv/lib/python3.11/site-packages (from jax[cuda12]) (2.4.6)
Requirement already satisfied: opt_einsum in ./.venv/lib/python3.11/site-packages (from jax[cuda12]) (3.4.0)
Requirement already satisfied: scipy>=1.14 in ./.venv/lib/python3.11/site-packages (from jax[cuda12]) (1.17.1)
Collecting jax-cuda12-plugin<=0.10.1,>=0.10.1 (from jax-cuda12-plugin[with-cuda]<=0.10.1,>=0.10.1; extra == "cuda12"->jax[cuda12])
  Downloading jax_cuda12_plugin-0.10.1-cp311-cp311-manylinux_2_27_x86_64.whl.metadata (2.0 kB)
Collecting jax-cuda12-pjrt==0.10.1 (from jax-cuda12-plugin<=0.10.1,>=0.10.1->jax-cuda12-plugin[with-cuda]<=0.10.1,>=0.10.1; extra == "cuda12"->jax[cuda12])
  Downloading jax_cuda12_pjrt-0.10.1-py3-none-manylinux_2_27_x86_64.whl.metadata (580 bytes)
Collecting nvidia-cublas-cu12>=12.1.3.1 (from jax-cuda12-plugin[with-cuda]<=0.10.1,>=0.10.1; extra == "cuda12"->jax[cuda12])
  Downloading nvidia_cublas_cu12-12.9.2.10-py3-none-manylinux_2_27_x86_64.whl.metadata (1.8 kB)
Collecting nvidia-cuda-cupti-cu12>=12.1.105 (from jax-cuda12-plugin[with-cuda]<=0.10.1,>=0.10.1; extra == "cuda12"->jax[cuda12])
  Downloading nvidia_cuda_cupti_cu12-12.9.79-py3-none-manylinux_2_25_x86_64.whl.metadata (1.8 kB)
Collecting nvidia-cuda-nvcc-cu12>=12.6.85 (from jax-cuda12-plugin[with-cuda]<=0.10.1,>=0.10.1; extra == "cuda12"->jax[cuda12])
  Downloading nvidia_cuda_nvcc_cu12-12.9.86-py3-none-manylinux2010_x86_64.manylinux_2_12_x86_64.whl.metadata (1.7 kB)
Collecting nvidia-cuda-runtime-cu12>=12.1.105 (from jax-cuda12-plugin[with-cuda]<=0.10.1,>=0.10.1; extra == "cuda12"->jax[cuda12])
  Downloading nvidia_cuda_runtime_cu12-12.9.79-py3-none-manylinux2014_x86_64.manylinux_2_17_x86_64.whl.metadata (1.7 kB)
Collecting nvidia-cudnn-cu12<10.0,>=9.8 (from jax-cuda12-plugin[with-cuda]<=0.10.1,>=0.10.1; extra == "cuda12"->jax[cuda12])
  Downloading nvidia_cudnn_cu12-9.23.1.3-py3-none-manylinux_2_27_x86_64.whl.metadata (1.9 kB)
Collecting nvidia-cufft-cu12>=11.0.2.54 (from jax-cuda12-plugin[with-cuda]<=0.10.1,>=0.10.1; extra == "cuda12"->jax[cuda12])
  Downloading nvidia_cufft_cu12-11.4.1.4-py3-none-manylinux2014_x86_64.manylinux_2_17_x86_64.whl.metadata (1.8 kB)
Collecting nvidia-cusolver-cu12>=11.4.5.107 (from jax-cuda12-plugin[with-cuda]<=0.10.1,>=0.10.1; extra == "cuda12"->jax[cuda12])
  Downloading nvidia_cusolver_cu12-11.7.5.82-py3-none-manylinux_2_27_x86_64.whl.metadata (1.9 kB)
Collecting nvidia-cusparse-cu12>=12.1.0.106 (from jax-cuda12-plugin[with-cuda]<=0.10.1,>=0.10.1; extra == "cuda12"->jax[cuda12])
  Downloading nvidia_cusparse_cu12-12.5.10.65-py3-none-manylinux2014_x86_64.manylinux_2_17_x86_64.whl.metadata (1.8 kB)
Collecting nvidia-nccl-cu12>=2.18.1 (from jax-cuda12-plugin[with-cuda]<=0.10.1,>=0.10.1; extra == "cuda12"->jax[cuda12])
  Downloading nvidia_nccl_cu12-2.30.7-py3-none-manylinux_2_18_x86_64.whl.metadata (2.1 kB)
Collecting nvidia-nvjitlink-cu12>=12.1.105 (from jax-cuda12-plugin[with-cuda]<=0.10.1,>=0.10.1; extra == "cuda12"->jax[cuda12])
  Downloading nvidia_nvjitlink_cu12-12.9.86-py3-none-manylinux2010_x86_64.manylinux_2_12_x86_64.whl.metadata (1.7 kB)
Collecting nvidia-cuda-nvrtc-cu12>=12.1.55 (from jax-cuda12-plugin[with-cuda]<=0.10.1,>=0.10.1; extra == "cuda12"->jax[cuda12])
  Downloading nvidia_cuda_nvrtc_cu12-12.9.86-py3-none-manylinux2010_x86_64.manylinux_2_12_x86_64.whl.metadata (1.7 kB)
Collecting nvidia-nvshmem-cu12>=3.2.5 (from jax-cuda12-plugin[with-cuda]<=0.10.1,>=0.10.1; extra == "cuda12"->jax[cuda12])
  Downloading nvidia_nvshmem_cu12-3.7.0-py3-none-manylinux2014_x86_64.manylinux_2_17_x86_64.whl.metadata (2.2 kB)
Requirement already satisfied: python-dateutil>=2.8.2 in ./.venv/lib/python3.11/site-packages (from pandas) (2.9.0.post0)
Requirement already satisfied: contourpy>=1.0.1 in ./.venv/lib/python3.11/site-packages (from matplotlib) (1.3.3)
Requirement already satisfied: cycler>=0.10 in ./.venv/lib/python3.11/site-packages (from matplotlib) (0.12.1)
Requirement already satisfied: fonttools>=4.22.0 in ./.venv/lib/python3.11/site-packages (from matplotlib) (4.63.0)
Requirement already satisfied: kiwisolver>=1.3.1 in ./.venv/lib/python3.11/site-packages (from matplotlib) (1.5.0)
Requirement already satisfied: packaging>=20.0 in ./.venv/lib/python3.11/site-packages (from matplotlib) (26.2)
Requirement already satisfied: pillow>=9 in ./.venv/lib/python3.11/site-packages (from matplotlib) (12.2.0)
Requirement already satisfied: pyparsing>=3 in ./.venv/lib/python3.11/site-packages (from matplotlib) (3.3.2)
Collecting nvidia-cuda-cccl-cu12 (from nvidia-nvshmem-cu12>=3.2.5->jax-cuda12-plugin[with-cuda]<=0.10.1,>=0.10.1; extra == "cuda12"->jax[cuda12])
  Downloading nvidia_cuda_cccl_cu12-12.9.27-py3-none-manylinux2014_x86_64.manylinux_2_17_x86_64.whl.metadata (1.7 kB)
Requirement already satisfied: six>=1.5 in ./.venv/lib/python3.11/site-packages (from python-dateutil>=2.8.2->pandas) (1.17.0)
Downloading jax_cuda12_plugin-0.10.1-cp311-cp311-manylinux_2_27_x86_64.whl (7.9 MB)
   ━━━━━━━━━━━━━━━━━━━━━━━━━━━━━━━━━━━━━━━━ 7.9/7.9 MB 83.8 MB/s  0:00:00
Downloading jax_cuda12_pjrt-0.10.1-py3-none-manylinux_2_27_x86_64.whl (164.8 MB)
   ━━━━━━━━━━━━━━━━━━━━━━━━━━━━━━━━━━━━━━━━ 164.8/164.8 MB 83.9 MB/s  0:00:01
Downloading nvidia_cudnn_cu12-9.23.1.3-py3-none-manylinux_2_27_x86_64.whl (721.1 MB)
   ━━━━━━━━━━━━━━━━━━━━━━━━━━━━━━━━━━━━━━━━ 721.1/721.1 MB 28.2 MB/s  0:00:11
Downloading nvidia_cublas_cu12-12.9.2.10-py3-none-manylinux_2_27_x86_64.whl (581.2 MB)
Successfully installed MarkupSafe-3.0.3 absl-py-2.4.0 aiofiles-25.1.0 aiohappyeyeballs-2.6.2 aiohttp-3.14.1 aiosignal-1.4.0 antlr4-python3-runtime-4.9.3 anyio-4.13.0 array-record-0.8.3 astunparse-1.6.3 attrs-26.1.0 certifi-2026.5.20 cffi-2.0.0 charset_normalizer-3.4.7 cloudpickle-3.1.2 clu-0.0.12 colorama-0.4.6 contourpy-1.3.3 cryptography-49.0.0 cycler-0.12.1 datasets-5.0.0 decorator-5.3.1 dill-0.4.1 dm-tree-0.1.10 docstring-parser-0.18.0 einops-0.8.2 etils-1.14.0 filelock-3.29.4 flatbuffers-25.12.19 flax-0.12.7 fonttools-4.63.0 frozenlist-1.8.0 fsspec-2026.2.0 gast-0.7.0 gcsfs-2026.2.0 google-api-core-2.31.0 google-auth-2.54.0 google-auth-oauthlib-1.4.0 google-cloud-core-2.6.0 google-cloud-storage-3.12.0 google-cloud-storage-control-1.12.0 google-crc32c-1.8.0 google-metrax-0.2.4 google-resumable-media-2.10.0 google-tunix-0.1.7 google_pasta-0.2.0 googleapis-common-protos-1.75.0 grain-0.2.17 grpc-google-iam-v1-0.14.4 grpcio-1.81.1 grpcio-status-1.81.1 h11-0.16.0 h5py-3.14.0 hf-xet-1.5.1 hf_transfer-0.1.9 httpcore-1.0.9 httpx-0.28.1 huggingface_hub-0.36.2 humanize-4.15.0 idna-3.18 immutabledict-4.3.1 importlib_resources-7.1.0 jax-0.10.1 jaxlib-0.10.1 jaxtyping-0.3.11 jinja2-3.1.6 kagglehub-0.4.3 kagglesdk-0.1.30 keras-3.14.1 kiwisolver-1.5.0 libclang-18.1.1 llvmlite-0.47.0 lxml-6.1.1 markdown-it-py-4.2.0 matplotlib-3.11.0 mdurl-0.1.2 ml-collections-1.1.0 ml_dtypes-0.5.4 mpmath-1.3.0 msgpack-1.2.0 multidict-6.7.1 multiprocess-0.70.19 namex-0.1.0 numba-0.65.1 numpy-2.4.6 oauthlib-3.3.1 omegaconf-2.3.1 opt_einsum-3.4.0 optax-0.2.8 optree-0.19.1 orbax-checkpoint-0.12.0 pandas-3.0.3 perfetto-0.56.0 pillow-12.2.0 portalocker-3.2.0 portpicker-1.6.0 prometheus-client-0.25.0 promise-2.3 propcache-0.5.2 proto-plus-1.28.0 protobuf-7.35.1 psutil-7.2.2 pyarrow-24.0.0 pyasn1-0.6.3 pyasn1-modules-0.4.2 pycparser-3.0 pygments-2.20.0 pylatexenc-2.10 pyparsing-3.3.2 python-dateutil-2.9.0.post0 python-dotenv-1.2.2 pyyaml-6.0.3 qwix-0.1.6 regex-2026.5.9 requests-2.34.2 requests-oauthlib-2.0.0 rich-15.0.0 sacrebleu-2.6.0 safetensors-0.8.0 scipy-1.17.1 sentencepiece-0.2.1 simple_parsing-0.1.8 simplejson-4.1.1 six-1.17.0 sympy-1.14.0 tabulate-0.10.0 tenacity-9.1.4 tensorboardx-2.6.5 tensorflow-2.21.0 tensorflow-metadata-1.21.0 tensorflow_datasets-4.9.10 tensorstore-0.1.84 termcolor-3.3.0 tokenizers-0.22.2 toml-0.10.2 tqdm-4.68.2 transformers-4.57.1 treescope-0.1.10 typing-extensions-4.15.0 urllib3-2.7.0 uvloop-0.22.1 wadler-lindig-0.1.7 wrapt-2.2.1 xxhash-3.7.0 yarl-1.24.2 zipp-4.1.0
Obtaining file:///workflow
  Installing build dependencies ... done
  Checking if build backend supports build_editable ... done
  Getting requirements to build editable ... done
  Preparing editable metadata (pyproject.toml) ... done
Building wheels for collected packages: tunix-accel
  Building editable for tunix-accel (pyproject.toml) ... done
  Created wheel for tunix-accel: filename=tunix_accel-0.1.0-0.editable-py3-none-any.whl size=2793 sha256=6ab4f701d5edda3df6339499a9ea6d507fa85c567e9725c2faf4120e8cd7fc26
  Stored in directory: /tmp/pip-ephem-wheel-cache-up2el29b/wheels/dd/d3/0b/e0665eb878eec82553318e81d0de06386051d0cf39304f5b77
Successfully built tunix-accel
Installing collected packages: tunix-accel
Successfully installed tunix-accel-0.1.0
Looking in links: https://storage.googleapis.com/jax-releases/jax_cuda_releases.html
Requirement already satisfied: pandas in ./.venv/lib/python3.11/site-packages (3.0.3)
Requirement already satisfied: matplotlib in ./.venv/lib/python3.11/site-packages (3.11.0)
Requirement already satisfied: jax[cuda12] in ./.venv/lib/python3.11/site-packages (0.10.1)
Requirement already satisfied: jaxlib<=0.10.1,>=0.10.1 in ./.venv/lib/python3.11/site-packages (from jax[cuda12]) (0.10.1)
Requirement already satisfied: ml_dtypes>=0.5.0 in ./.venv/lib/python3.11/site-packages (from jax[cuda12]) (0.5.4)
Requirement already satisfied: numpy>=2.0 in ./.venv/lib/python3.11/site-packages (from jax[cuda12]) (2.4.6)
Requirement already satisfied: opt_einsum in ./.venv/lib/python3.11/site-packages (from jax[cuda12]) (3.4.0)
Requirement already satisfied: scipy>=1.14 in ./.venv/lib/python3.11/site-packages (from jax[cuda12]) (1.17.1)
Collecting jax-cuda12-plugin<=0.10.1,>=0.10.1 (from jax-cuda12-plugin[with-cuda]<=0.10.1,>=0.10.1; extra == "cuda12"->jax[cuda12])
  Downloading jax_cuda12_plugin-0.10.1-cp311-cp311-manylinux_2_27_x86_64.whl.metadata (2.0 kB)
Collecting jax-cuda12-pjrt==0.10.1 (from jax-cuda12-plugin<=0.10.1,>=0.10.1->jax-cuda12-plugin[with-cuda]<=0.10.1,>=0.10.1; extra == "cuda12"->jax[cuda12])
  Downloading jax_cuda12_pjrt-0.10.1-py3-none-manylinux_2_27_x86_64.whl.metadata (580 bytes)
Collecting nvidia-cublas-cu12>=12.1.3.1 (from jax-cuda12-plugin[with-cuda]<=0.10.1,>=0.10.1; extra == "cuda12"->jax[cuda12])
  Downloading nvidia_cublas_cu12-12.9.2.10-py3-none-manylinux_2_27_x86_64.whl.metadata (1.8 kB)
Collecting nvidia-cuda-cupti-cu12>=12.1.105 (from jax-cuda12-plugin[with-cuda]<=0.10.1,>=0.10.1; extra == "cuda12"->jax[cuda12])
  Downloading nvidia_cuda_cupti_cu12-12.9.79-py3-none-manylinux_2_25_x86_64.whl.metadata (1.8 kB)
Collecting nvidia-cuda-nvcc-cu12>=12.6.85 (from jax-cuda12-plugin[with-cuda]<=0.10.1,>=0.10.1; extra == "cuda12"->jax[cuda12])
  Downloading nvidia_cuda_nvcc_cu12-12.9.86-py3-none-manylinux2010_x86_64.manylinux_2_12_x86_64.whl.metadata (1.7 kB)
Collecting nvidia-cuda-runtime-cu12>=12.1.105 (from jax-cuda12-plugin[with-cuda]<=0.10.1,>=0.10.1; extra == "cuda12"->jax[cuda12])
  Downloading nvidia_cuda_runtime_cu12-12.9.79-py3-none-manylinux2014_x86_64.manylinux_2_17_x86_64.whl.metadata (1.7 kB)
Collecting nvidia-cudnn-cu12<10.0,>=9.8 (from jax-cuda12-plugin[with-cuda]<=0.10.1,>=0.10.1; extra == "cuda12"->jax[cuda12])
  Downloading nvidia_cudnn_cu12-9.23.1.3-py3-none-manylinux_2_27_x86_64.whl.metadata (1.9 kB)
Collecting nvidia-cufft-cu12>=11.0.2.54 (from jax-cuda12-plugin[with-cuda]<=0.10.1,>=0.10.1; extra == "cuda12"->jax[cuda12])
  Downloading nvidia_cufft_cu12-11.4.1.4-py3-none-manylinux2014_x86_64.manylinux_2_17_x86_64.whl.metadata (1.8 kB)
Collecting nvidia-cusolver-cu12>=11.4.5.107 (from jax-cuda12-plugin[with-cuda]<=0.10.1,>=0.10.1; extra == "cuda12"->jax[cuda12])
  Downloading nvidia_cusolver_cu12-11.7.5.82-py3-none-manylinux_2_27_x86_64.whl.metadata (1.9 kB)
Collecting nvidia-cusparse-cu12>=12.1.0.106 (from jax-cuda12-plugin[with-cuda]<=0.10.1,>=0.10.1; extra == "cuda12"->jax[cuda12])
  Downloading nvidia_cusparse_cu12-12.5.10.65-py3-none-manylinux2014_x86_64.manylinux_2_17_x86_64.whl.metadata (1.8 kB)
Collecting nvidia-nccl-cu12>=2.18.1 (from jax-cuda12-plugin[with-cuda]<=0.10.1,>=0.10.1; extra == "cuda12"->jax[cuda12])
  Downloading nvidia_nccl_cu12-2.30.7-py3-none-manylinux_2_18_x86_64.whl.metadata (2.1 kB)
Collecting nvidia-nvjitlink-cu12>=12.1.105 (from jax-cuda12-plugin[with-cuda]<=0.10.1,>=0.10.1; extra == "cuda12"->jax[cuda12])
  Downloading nvidia_nvjitlink_cu12-12.9.86-py3-none-manylinux2010_x86_64.manylinux_2_12_x86_64.whl.metadata (1.7 kB)
Collecting nvidia-cuda-nvrtc-cu12>=12.1.55 (from jax-cuda12-plugin[with-cuda]<=0.10.1,>=0.10.1; extra == "cuda12"->jax[cuda12])
  Downloading nvidia_cuda_nvrtc_cu12-12.9.86-py3-none-manylinux2010_x86_64.manylinux_2_12_x86_64.whl.metadata (1.7 kB)
Collecting nvidia-nvshmem-cu12>=3.2.5 (from jax-cuda12-plugin[with-cuda]<=0.10.1,>=0.10.1; extra == "cuda12"->jax[cuda12])
  Downloading nvidia_nvshmem_cu12-3.7.0-py3-none-manylinux2014_x86_64.manylinux_2_17_x86_64.whl.metadata (2.2 kB)
Requirement already satisfied: python-dateutil>=2.8.2 in ./.venv/lib/python3.11/site-packages (from pandas) (2.9.0.post0)
Requirement already satisfied: contourpy>=1.0.1 in ./.venv/lib/python3.11/site-packages (from matplotlib) (1.3.3)
Requirement already satisfied: cycler>=0.10 in ./.venv/lib/python3.11/site-packages (from matplotlib) (0.12.1)
Requirement already satisfied: fonttools>=4.22.0 in ./.venv/lib/python3.11/site-packages (from matplotlib) (4.63.0)
Requirement already satisfied: kiwisolver>=1.3.1 in ./.venv/lib/python3.11/site-packages (from matplotlib) (1.5.0)
Requirement already satisfied: packaging>=20.0 in ./.venv/lib/python3.11/site-packages (from matplotlib) (26.2)
Requirement already satisfied: pillow>=9 in ./.venv/lib/python3.11/site-packages (from matplotlib) (12.2.0)
Requirement already satisfied: pyparsing>=3 in ./.venv/lib/python3.11/site-packages (from matplotlib) (3.3.2)
Collecting nvidia-cuda-cccl-cu12 (from nvidia-nvshmem-cu12>=3.2.5->jax-cuda12-plugin[with-cuda]<=0.10.1,>=0.10.1; extra == "cuda12"->jax[cuda12])
  Downloading nvidia_cuda_cccl_cu12-12.9.27-py3-none-manylinux2014_x86_64.manylinux_2_17_x86_64.whl.metadata (1.7 kB)
Requirement already satisfied: six>=1.5 in ./.venv/lib/python3.11/site-packages (from python-dateutil>=2.8.2->pandas) (1.17.0)
Downloading jax_cuda12_plugin-0.10.1-cp311-cp311-manylinux_2_27_x86_64.whl (7.9 MB)
   ━━━━━━━━━━━━━━━━━━━━━━━━━━━━━━━━━━━━━━━━ 7.9/7.9 MB 83.8 MB/s  0:00:00
Downloading jax_cuda12_pjrt-0.10.1-py3-none-manylinux_2_27_x86_64.whl (164.8 MB)
   ━━━━━━━━━━━━━━━━━━━━━━━━━━━━━━━━━━━━━━━━ 164.8/164.8 MB 83.9 MB/s  0:00:01
Downloading nvidia_cudnn_cu12-9.23.1.3-py3-none-manylinux_2_27_x86_64.whl (721.1 MB)
   ━━━━━━━━━━━━━━━━━━━━━━━━━━━━━━━━━━━━━━━━ 721.1/721.1 MB 28.2 MB/s  0:00:11
Downloading nvidia_cublas_cu12-12.9.2.10-py3-none-manylinux_2_27_x86_64.whl (581.2 MB)
   ━━━━━━━━━━━━━━━━━━━━━━━━━━━━━━━━━━━━━━━━ 581.2/581.2 MB 46.7 MB/s  0:00:07
Downloading nvidia_cuda_cupti_cu12-12.9.79-py3-none-manylinux_2_25_x86_64.whl (10.8 MB)
   ━━━━━━━━━━━━━━━━━━━━━━━━━━━━━━━━━━━━━━━━ 10.8/10.8 MB 157.4 MB/s  0:00:00
Downloading nvidia_cuda_nvcc_cu12-12.9.86-py3-none-manylinux2010_x86_64.manylinux_2_12_x86_64.whl (40.5 MB)
   ━━━━━━━━━━━━━━━━━━━━━━━━━━━━━━━━━━━━━━━━ 40.5/40.5 MB 86.0 MB/s  0:00:00
Downloading nvidia_cuda_nvrtc_cu12-12.9.86-py3-none-manylinux2010_x86_64.manylinux_2_12_x86_64.whl (89.6 MB)
   ━━━━━━━━━━━━━━━━━━━━━━━━━━━━━━━━━━━━━━━━ 89.6/89.6 MB 77.0 MB/s  0:00:01
Downloading nvidia_cuda_runtime_cu12-12.9.79-py3-none-manylinux2014_x86_64.manylinux_2_17_x86_64.whl (3.5 MB)
   ━━━━━━━━━━━━━━━━━━━━━━━━━━━━━━━━━━━━━━━━ 3.5/3.5 MB 93.8 MB/s  0:00:00
Downloading nvidia_cufft_cu12-11.4.1.4-py3-none-manylinux2014_x86_64.manylinux_2_17_x86_64.whl (200.9 MB)
   ━━━━━━━━━━━━━━━━━━━━━━━━━━━━━━━━━━━━━━━━ 200.9/200.9 MB 84.4 MB/s  0:00:02
Downloading nvidia_cusolver_cu12-11.7.5.82-py3-none-manylinux_2_27_x86_64.whl (338.1 MB)
   ━━━━━━━━━━━━━━━━━━━━━━━━━━━━━━━━━━━━━━━━ 338.1/338.1 MB 68.7 MB/s  0:00:04
Downloading nvidia_cusparse_cu12-12.5.10.65-py3-none-manylinux2014_x86_64.manylinux_2_17_x86_64.whl (366.5 MB)
   ━━━━━━━━━━━━━━━━━━━━━━━━━━━━━━━━━━━━━━━━ 366.5/366.5 MB 66.3 MB/s  0:00:04
Downloading nvidia_nccl_cu12-2.30.7-py3-none-manylinux_2_18_x86_64.whl (303.4 MB)
   ━━━━━━━━━━━━━━━━━━━━━━━━━━━━━━━━━━━━━━━━ 303.4/303.4 MB 38.1 MB/s  0:00:07
Downloading nvidia_nvjitlink_cu12-12.9.86-py3-none-manylinux2010_x86_64.manylinux_2_12_x86_64.whl (39.7 MB)
   ━━━━━━━━━━━━━━━━━━━━━━━━━━━━━━━━━━━━━━━━ 39.7/39.7 MB 91.9 MB/s  0:00:00
Downloading nvidia_nvshmem_cu12-3.7.0-py3-none-manylinux2014_x86_64.manylinux_2_17_x86_64.whl (230.3 MB)
   ━━━━━━━━━━━━━━━━━━━━━━━━━━━━━━━━━━━━━━━━ 230.3/230.3 MB 90.2 MB/s  0:00:02
Downloading nvidia_cuda_cccl_cu12-12.9.27-py3-none-manylinux2014_x86_64.manylinux_2_17_x86_64.whl (3.2 MB)
   ━━━━━━━━━━━━━━━━━━━━━━━━━━━━━━━━━━━━━━━━ 3.2/3.2 MB 44.2 MB/s  0:00:00
Installing collected packages: jax-cuda12-pjrt, nvidia-nvjitlink-cu12, nvidia-nccl-cu12, nvidia-cuda-runtime-cu12, nvidia-cuda-nvrtc-cu12, nvidia-cuda-nvcc-cu12, nvidia-cuda-cupti-cu12, nvidia-cuda-cccl-cu12, jax-cuda12-plugin, nvidia-nvshmem-cu12, nvidia-cusparse-cu12, nvidia-cufft-cu12, nvidia-cublas-cu12, nvidia-cusolver-cu12, nvidia-cudnn-cu12
   ━━━━━━━━━━━━━━━━━━━━━━━━━━━━━━━━━━━━━━━━ 581.2/581.2 MB 46.7 MB/s  0:00:07
Downloading nvidia_cuda_cupti_cu12-12.9.79-py3-none-manylinux_2_25_x86_64.whl (10.8 MB)
   ━━━━━━━━━━━━━━━━━━━━━━━━━━━━━━━━━━━━━━━━ 10.8/10.8 MB 157.4 MB/s  0:00:00
Downloading nvidia_cuda_nvcc_cu12-12.9.86-py3-none-manylinux2010_x86_64.manylinux_2_12_x86_64.whl (40.5 MB)
   ━━━━━━━━━━━━━━━━━━━━━━━━━━━━━━━━━━━━━━━━ 40.5/40.5 MB 86.0 MB/s  0:00:00
Downloading nvidia_cuda_nvrtc_cu12-12.9.86-py3-none-manylinux2010_x86_64.manylinux_2_12_x86_64.whl (89.6 MB)
   ━━━━━━━━━━━━━━━━━━━━━━━━━━━━━━━━━━━━━━━━ 89.6/89.6 MB 77.0 MB/s  0:00:01
Downloading nvidia_cuda_runtime_cu12-12.9.79-py3-none-manylinux2014_x86_64.manylinux_2_17_x86_64.whl (3.5 MB)
   ━━━━━━━━━━━━━━━━━━━━━━━━━━━━━━━━━━━━━━━━ 3.5/3.5 MB 93.8 MB/s  0:00:00
Downloading nvidia_cufft_cu12-11.4.1.4-py3-none-manylinux2014_x86_64.manylinux_2_17_x86_64.whl (200.9 MB)
   ━━━━━━━━━━━━━━━━━━━━━━━━━━━━━━━━━━━━━━━━ 200.9/200.9 MB 84.4 MB/s  0:00:02
Downloading nvidia_cusolver_cu12-11.7.5.82-py3-none-manylinux_2_27_x86_64.whl (338.1 MB)
   ━━━━━━━━━━━━━━━━━━━━━━━━━━━━━━━━━━━━━━━━ 338.1/338.1 MB 68.7 MB/s  0:00:04
Downloading nvidia_cusparse_cu12-12.5.10.65-py3-none-manylinux2014_x86_64.manylinux_2_17_x86_64.whl (366.5 MB)
   ━━━━━━━━━━━━━━━━━━━━━━━━━━━━━━━━━━━━━━━━ 366.5/366.5 MB 66.3 MB/s  0:00:04
Downloading nvidia_nccl_cu12-2.30.7-py3-none-manylinux_2_18_x86_64.whl (303.4 MB)
   ━━━━━━━━━━━━━━━━━━━━━━━━━━━━━━━━━━━━━━━━ 303.4/303.4 MB 38.1 MB/s  0:00:07
Downloading nvidia_nvjitlink_cu12-12.9.86-py3-none-manylinux2010_x86_64.manylinux_2_12_x86_64.whl (39.7 MB)
   ━━━━━━━━━━━━━━━━━━━━━━━━━━━━━━━━━━━━━━━━ 39.7/39.7 MB 91.9 MB/s  0:00:00
Downloading nvidia_nvshmem_cu12-3.7.0-py3-none-manylinux2014_x86_64.manylinux_2_17_x86_64.whl (230.3 MB)
   ━━━━━━━━━━━━━━━━━━━━━━━━━━━━━━━━━━━━━━━━ 230.3/230.3 MB 90.2 MB/s  0:00:02
Downloading nvidia_cuda_cccl_cu12-12.9.27-py3-none-manylinux2014_x86_64.manylinux_2_17_x86_64.whl (3.2 MB)
   ━━━━━━━━━━━━━━━━━━━━━━━━━━━━━━━━━━━━━━━━ 3.2/3.2 MB 44.2 MB/s  0:00:00
Installing collected packages: jax-cuda12-pjrt, nvidia-nvjitlink-cu12, nvidia-nccl-cu12, nvidia-cuda-runtime-cu12, nvidia-cuda-nvrtc-cu12, nvidia-cuda-nvcc-cu12, nvidia-cuda-cupti-cu12, nvidia-cuda-cccl-cu12, jax-cuda12-plugin, nvidia-nvshmem-cu12, nvidia-cusparse-cu12, nvidia-cufft-cu12, nvidia-cublas-cu12, nvidia-cusolver-cu12, nvidia-cudnn-cu12
Successfully installed jax-cuda12-pjrt-0.10.1 jax-cuda12-plugin-0.10.1 nvidia-cublas-cu12-12.9.2.10 nvidia-cuda-cccl-cu12-12.9.27 nvidia-cuda-cupti-cu12-12.9.79 nvidia-cuda-nvcc-cu12-12.9.86 nvidia-cuda-nvrtc-cu12-12.9.86 nvidia-cuda-runtime-cu12-12.9.79 nvidia-cudnn-cu12-9.23.1.3 nvidia-cufft-cu12-11.4.1.4 nvidia-cusolver-cu12-11.7.5.82 nvidia-cusparse-cu12-12.5.10.65 nvidia-nccl-cu12-2.30.7 nvidia-nvjitlink-cu12-12.9.86 nvidia-nvshmem-cu12-3.7.0
jax 0.10.1 backend gpu devices [CudaDevice(id=0), CudaDevice(id=1), CudaDevice(id=2), CudaDevice(id=3)]
total_experiments=4 selected_experiments=4
results_jsonl=/tmp/mesh-pathology-gpu-a100-80gb-4-cce-retry2/results/shard_0.jsonl
run 1/4 experiment_id=0 exp0000_gpu-a100-80gb-4_cce_train_bad_fsdp2_tp2_tc128_vc8192_r0
   ━━━━━━━━━━━━━━━━━━━━━━━━━━━━━━━━━━━━━━━━ 721.1/721.1 MB 28.2 MB/s  0:00:11
Downloading nvidia_cublas_cu12-12.9.2.10-py3-none-manylinux_2_27_x86_64.whl (581.2 MB)
   ━━━━━━━━━━━━━━━━━━━━━━━━━━━━━━━━━━━━━━━━ 581.2/581.2 MB 46.7 MB/s  0:00:07
Downloading nvidia_cuda_cupti_cu12-12.9.79-py3-none-manylinux_2_25_x86_64.whl (10.8 MB)
   ━━━━━━━━━━━━━━━━━━━━━━━━━━━━━━━━━━━━━━━━ 10.8/10.8 MB 157.4 MB/s  0:00:00
Downloading nvidia_cuda_nvcc_cu12-12.9.86-py3-none-manylinux2010_x86_64.manylinux_2_12_x86_64.whl (40.5 MB)
   ━━━━━━━━━━━━━━━━━━━━━━━━━━━━━━━━━━━━━━━━ 40.5/40.5 MB 86.0 MB/s  0:00:00
Downloading nvidia_cuda_nvrtc_cu12-12.9.86-py3-none-manylinux2010_x86_64.manylinux_2_12_x86_64.whl (89.6 MB)
   ━━━━━━━━━━━━━━━━━━━━━━━━━━━━━━━━━━━━━━━━ 89.6/89.6 MB 77.0 MB/s  0:00:01
Downloading nvidia_cuda_runtime_cu12-12.9.79-py3-none-manylinux2014_x86_64.manylinux_2_17_x86_64.whl (3.5 MB)
   ━━━━━━━━━━━━━━━━━━━━━━━━━━━━━━━━━━━━━━━━ 3.5/3.5 MB 93.8 MB/s  0:00:00
Downloading nvidia_cufft_cu12-11.4.1.4-py3-none-manylinux2014_x86_64.manylinux_2_17_x86_64.whl (200.9 MB)
   ━━━━━━━━━━━━━━━━━━━━━━━━━━━━━━━━━━━━━━━━ 200.9/200.9 MB 84.4 MB/s  0:00:02
Downloading nvidia_cusolver_cu12-11.7.5.82-py3-none-manylinux_2_27_x86_64.whl (338.1 MB)
   ━━━━━━━━━━━━━━━━━━━━━━━━━━━━━━━━━━━━━━━━ 338.1/338.1 MB 68.7 MB/s  0:00:04
Downloading nvidia_cusparse_cu12-12.5.10.65-py3-none-manylinux2014_x86_64.manylinux_2_17_x86_64.whl (366.5 MB)
   ━━━━━━━━━━━━━━━━━━━━━━━━━━━━━━━━━━━━━━━━ 366.5/366.5 MB 66.3 MB/s  0:00:04
Downloading nvidia_nccl_cu12-2.30.7-py3-none-manylinux_2_18_x86_64.whl (303.4 MB)
   ━━━━━━━━━━━━━━━━━━━━━━━━━━━━━━━━━━━━━━━━ 303.4/303.4 MB 38.1 MB/s  0:00:07
Downloading nvidia_nvjitlink_cu12-12.9.86-py3-none-manylinux2010_x86_64.manylinux_2_12_x86_64.whl (39.7 MB)
   ━━━━━━━━━━━━━━━━━━━━━━━━━━━━━━━━━━━━━━━━ 39.7/39.7 MB 91.9 MB/s  0:00:00
Downloading nvidia_nvshmem_cu12-3.7.0-py3-none-manylinux2014_x86_64.manylinux_2_17_x86_64.whl (230.3 MB)
   ━━━━━━━━━━━━━━━━━━━━━━━━━━━━━━━━━━━━━━━━ 230.3/230.3 MB 90.2 MB/s  0:00:02
Downloading nvidia_cuda_cccl_cu12-12.9.27-py3-none-manylinux2014_x86_64.manylinux_2_17_x86_64.whl (3.2 MB)
   ━━━━━━━━━━━━━━━━━━━━━━━━━━━━━━━━━━━━━━━━ 3.2/3.2 MB 44.2 MB/s  0:00:00
Installing collected packages: jax-cuda12-pjrt, nvidia-nvjitlink-cu12, nvidia-nccl-cu12, nvidia-cuda-runtime-cu12, nvidia-cuda-nvrtc-cu12, nvidia-cuda-nvcc-cu12, nvidia-cuda-cupti-cu12, nvidia-cuda-cccl-cu12, jax-cuda12-plugin, nvidia-nvshmem-cu12, nvidia-cusparse-cu12, nvidia-cufft-cu12, nvidia-cublas-cu12, nvidia-cusolver-cu12, nvidia-cudnn-cu12
Successfully installed jax-cuda12-pjrt-0.10.1 jax-cuda12-plugin-0.10.1 nvidia-cublas-cu12-12.9.2.10 nvidia-cuda-cccl-cu12-12.9.27 nvidia-cuda-cupti-cu12-12.9.79 nvidia-cuda-nvcc-cu12-12.9.86 nvidia-cuda-nvrtc-cu12-12.9.86 nvidia-cuda-runtime-cu12-12.9.79 nvidia-cudnn-cu12-9.23.1.3 nvidia-cufft-cu12-11.4.1.4 nvidia-cusolver-cu12-11.7.5.82 nvidia-cusparse-cu12-12.5.10.65 nvidia-nccl-cu12-2.30.7 nvidia-nvjitlink-cu12-12.9.86 nvidia-nvshmem-cu12-3.7.0
jax 0.10.1 backend gpu devices [CudaDevice(id=0), CudaDevice(id=1), CudaDevice(id=2), CudaDevice(id=3)]
total_experiments=4 selected_experiments=4
results_jsonl=/tmp/mesh-pathology-gpu-a100-80gb-4-cce-retry2/results/shard_0.jsonl
run 1/4 experiment_id=0 exp0000_gpu-a100-80gb-4_cce_train_bad_fsdp2_tp2_tc128_vc8192_r0
done success experiment_id=0 step_s=4.278101753399983
run 2/4 experiment_id=1 exp0001_gpu-a100-80gb-4_cce_train_good_fsdp2_tp2_tc512_vc65536_r0
done success experiment_id=1 step_s=0.6359425583000075
run 3/4 experiment_id=2 exp0002_gpu-a100-80gb-4_cce_train_control-fsdp4-tp1_fsdp4_tp1_tc128_vc8192_r0
done success experiment_id=1 step_s=0.6359425583000075
run 3/4 experiment_id=2 exp0002_gpu-a100-80gb-4_cce_train_control-fsdp4-tp1_fsdp4_tp1_tc128_vc8192_r0
done success experiment_id=2 step_s=0.8150184732999832
run 4/4 experiment_id=3 exp0003_gpu-a100-80gb-4_cce_train_control-fsdp1-tp4_fsdp1_tp4_tc128_vc8192_r0
done success experiment_id=2 step_s=0.8150184732999832
run 4/4 experiment_id=3 exp0003_gpu-a100-80gb-4_cce_train_control-fsdp1-tp4_fsdp1_tp4_tc128_vc8192_r0
done success experiment_id=3 step_s=0.6173381800999891
=== MESH_PATHOLOGY_RESULTS_JSONL_BEGIN ===
/tmp/mesh-pathology-gpu-a100-80gb-4-cce-retry2/results/shard_0.jsonl
{"accelerator_type": "A100-80GB", "allow_download": true, "backend": "gpu-a100-80gb-4", "benchmark_wall_time_sec": 143.50500343000004, "capacity_tokens_per_sec": 1914.867965328193, "case_name": "exp0000_fsdp2_tp2_b16_l512_tc128_vc8192_r0", "cce_enabled": true, "cce_loop_count": 76, "cce_profiler_experiment_id": 0, "chips": 4, "chunk_configuration": "128/8192", "chunk_loop_count": 2048, "compile_time_estimate_method": "max(first_step_time - steady_median, 0)", "compile_time_sec": 46.532476171500036, "dataset_mode": "synthetic", "device_count": 4, "dstack_gpu_spec": "A100:4:80GB", "elapsed_sec": 153.81100953000004, "enable_gemma4_hf_loader": false, "experiment_id": 0, "final_loss": 0.013903413899242878, "first_step_time_sec": 50.810394523000014, "fsdp_degree": 2, "global_batch_size": 16, "google_tunix_version": "0.1.7", "hardware_role": "primary_gpu_baseline", "hardware_target": "gpu-a100-80gb-4", "hidden_size": 320, "hostname": "dstack-deep-diver-main-mesh-pathology-a100-fleet-retry-1hfpznbo", "hostname_manifest": "dstack-deep-diver-main-mesh-pathology-a100-fleet-retry-1hfpznbo", "jax_version": "0.10.1", "learning_rate": 0.0002, "log_path": "/tmp/mesh-pathology-gpu-a100-80gb-4-cce-retry2/runs/exp0000_gpu-a100-80gb-4_cce_train_bad_fsdp2_tp2_tc128_vc8192_r0/cce_delegate/runs/exp0000_fsdp2_tp2_b16_l512_tc128_vc8192_r0/runner.log", "lora_alpha": 32.0, "lora_rank": 16, "loss_impl": "cce", "max_inflight": 1, "max_steps": 13, "mean_loss": 0.5063011861907748, "measured_step_count": 10, "measured_steps": 10, "measured_time_sec": 42.78101753399983, "median_step_time_sec": 4.277918351499977, "mesh_configuration": "fsdp=2,tp=2", "model_download_path": "/tmp/mesh-pathology-gpu-a100-80gb-4-cce-retry2/runs/exp0000_gpu-a100-80gb-4_cce_train_bad_fsdp2_tp2_tc128_vc8192_r0/cce_delegate/model_cache/Qwen_Qwen3-0.6B", "model_id": "Qwen/Qwen3-0.6B", "model_name": "Qwen3 0.6B", "model_path": "", "model_size": "qwen3_0p6b", "model_source": "huggingface", "num_examples": 2048, "p95_step_time_sec": 4.284237365999957, "preset": "profiler", "profiler_enabled": false, "profiler_path": "", "repeat_index": 0, "returncode": 0, "run_dir": "/tmp/mesh-pathology-gpu-a100-80gb-4-cce-retry2/runs/exp0000_gpu-a100-80gb-4_cce_train_bad_fsdp2_tp2_tc128_vc8192_r0/cce_delegate/runs/exp0000_fsdp2_tp2_b16_l512_tc128_vc8192_r0", "run_id": "20260615T164938Z", "runtime_hbm_headroom_gb": 173.836827648, "runtime_hbm_limit_gb": 255.281332224, "runtime_hbm_peak_gb": 81.444504576, "scenario_group": "gpu-a100-80gb-4/cce_train", "seed": 0, "sequence_length": 512, "shape": "b16/L512", "signature_label": "bad", "status": "success", "steady_state_mean_step_time_sec": 4.278101753399983, "steps_recorded": 13, "summary_hostname": "dstack-deep-diver-main-mesh-pathology-a100-fleet-retry-1hfpznbo", "summary_mean_step_time_sec_excl_first": 4.283971646916655, "summary_tpu_name": "", "summary_tpu_zone": "", "summary_valid_tokens_per_sec_excl_first": 485.9976142695759, "timestamp": "2026-06-15T16:52:11+00:00", "timestamp_manifest": "2026-06-15T16:49:38+00:00", "token_chunk": 128, "token_loop_count": 4, "tokenizer_path": "", "tokenizer_source": "huggingface", "tokens_per_sec": 487.50593609478506, "tp_degree": 2, "tpu_type": "A100-80GB", "tpu_worker_id": "dstack-deep-diver-main-mesh-pathology-a100-fleet-retry-1hfpznbo", "tpu_worker_id_manifest": "dstack-deep-diver-main-mesh-pathology-a100-fleet-retry-1hfpznbo", "tunix_accel_version": "0.1.0", "vocab_chunk": 8192, "vocab_loop_count": 19, "vocab_size": 151936, "warmup_steps": 3, "workload_description": "Existing Tunix CCE training path.", "workload_family": "cce_train", "workload_runner": "tunix_cce", "xla_dir": "/tmp/mesh-pathology-gpu-a100-80gb-4-cce-retry2/runs/exp0000_gpu-a100-80gb-4_cce_train_bad_fsdp2_tp2_tc128_vc8192_r0/cce_delegate/runs/exp0000_fsdp2_tp2_b16_l512_tc128_vc8192_r0/xla", "xla_planned_hbm_gib_per_chip": 18.96, "xla_report_path": "/tmp/mesh-pathology-gpu-a100-80gb-4-cce-retry2/runs/exp0000_gpu-a100-80gb-4_cce_train_bad_fsdp2_tp2_tc128_vc8192_r0/cce_delegate/runs/exp0000_fsdp2_tp2_b16_l512_tc128_vc8192_r0/xla/module_0788.jit__train_step.sm_8.0_gpu_after_optimizations-memory-usage-report.txt"}
{"accelerator_type": "A100-80GB", "allow_download": true, "backend": "gpu-a100-80gb-4", "benchmark_wall_time_sec": 86.19548388500004, "capacity_tokens_per_sec": 12881.666579916804, "case_name": "exp0001_fsdp2_tp2_b16_l512_tc512_vc65536_r0", "cce_enabled": true, "cce_loop_count": 3, "cce_profiler_experiment_id": 1, "chips": 4, "chunk_configuration": "512/65536", "chunk_loop_count": 64, "compile_time_estimate_method": "max(first_step_time - steady_median, 0)", "compile_time_sec": 45.51349147899998, "dataset_mode": "synthetic", "device_count": 4, "dstack_gpu_spec": "A100:4:80GB", "elapsed_sec": 95.54461782299995, "enable_gemma4_hf_loader": false, "experiment_id": 1, "final_loss": 0.013838092796504498, "first_step_time_sec": 46.14955745899999, "fsdp_degree": 2, "global_batch_size": 16, "google_tunix_version": "0.1.7", "hardware_role": "primary_gpu_baseline", "hardware_target": "gpu-a100-80gb-4", "hidden_size": 320, "hostname": "dstack-deep-diver-main-mesh-pathology-a100-fleet-retry-1hfpznbo", "hostname_manifest": "dstack-deep-diver-main-mesh-pathology-a100-fleet-retry-1hfpznbo", "jax_version": "0.10.1", "learning_rate": 0.0002, "log_path": "/tmp/mesh-pathology-gpu-a100-80gb-4-cce-retry2/runs/exp0001_gpu-a100-80gb-4_cce_train_good_fsdp2_tp2_tc512_vc65536_r0/cce_delegate/runs/exp0001_fsdp2_tp2_b16_l512_tc512_vc65536_r0/runner.log", "lora_alpha": 32.0, "lora_rank": 16, "loss_impl": "cce", "max_inflight": 1, "max_steps": 13, "mean_loss": 0.5063294111392819, "measured_step_count": 10, "measured_steps": 10, "measured_time_sec": 6.359425583000075, "median_step_time_sec": 0.6360659800000121, "mesh_configuration": "fsdp=2,tp=2", "model_download_path": "/tmp/mesh-pathology-gpu-a100-80gb-4-cce-retry2/runs/exp0001_gpu-a100-80gb-4_cce_train_good_fsdp2_tp2_tc512_vc65536_r0/cce_delegate/model_cache/Qwen_Qwen3-0.6B", "model_id": "Qwen/Qwen3-0.6B", "model_name": "Qwen3 0.6B", "model_path": "", "model_size": "qwen3_0p6b", "model_source": "huggingface", "num_examples": 2048, "p95_step_time_sec": 0.6380790959999558, "preset": "profiler", "profiler_enabled": false, "profiler_path": "", "repeat_index": 0, "returncode": 0, "run_dir": "/tmp/mesh-pathology-gpu-a100-80gb-4-cce-retry2/runs/exp0001_gpu-a100-80gb-4_cce_train_good_fsdp2_tp2_tc512_vc65536_r0/cce_delegate/runs/exp0001_fsdp2_tp2_b16_l512_tc512_vc65536_r0", "run_id": "20260615T165213Z", "runtime_hbm_headroom_gb": 172.259821568, "runtime_hbm_limit_gb": 255.281332224, "runtime_hbm_peak_gb": 83.021510656, "scenario_group": "gpu-a100-80gb-4/cce_train", "seed": 0, "sequence_length": 512, "shape": "b16/L512", "signature_label": "good", "status": "success", "steady_state_mean_step_time_sec": 0.6359425583000075, "steps_recorded": 13, "summary_hostname": "dstack-deep-diver-main-mesh-pathology-a100-fleet-retry-1hfpznbo", "summary_mean_step_time_sec_excl_first": 0.6413741978333481, "summary_tpu_name": "", "summary_tpu_zone": "", "summary_valid_tokens_per_sec_excl_first": 3246.1549077485306, "timestamp": "2026-06-15T16:53:49+00:00", "timestamp_manifest": "2026-06-15T16:52:13+00:00", "token_chunk": 512, "token_loop_count": 1, "tokenizer_path": "", "tokenizer_source": "huggingface", "tokens_per_sec": 3279.541481820616, "tp_degree": 2, "tpu_type": "A100-80GB", "tpu_worker_id": "dstack-deep-diver-main-mesh-pathology-a100-fleet-retry-1hfpznbo", "tpu_worker_id_manifest": "dstack-deep-diver-main-mesh-pathology-a100-fleet-retry-1hfpznbo", "tunix_accel_version": "0.1.0", "vocab_chunk": 65536, "vocab_loop_count": 3, "vocab_size": 151936, "warmup_steps": 3, "workload_description": "Existing Tunix CCE training path.", "workload_family": "cce_train", "workload_runner": "tunix_cce", "xla_dir": "/tmp/mesh-pathology-gpu-a100-80gb-4-cce-retry2/runs/exp0001_gpu-a100-80gb-4_cce_train_good_fsdp2_tp2_tc512_vc65536_r0/cce_delegate/runs/exp0001_fsdp2_tp2_b16_l512_tc512_vc65536_r0/xla", "xla_planned_hbm_gib_per_chip": 19.32, "xla_report_path": "/tmp/mesh-pathology-gpu-a100-80gb-4-cce-retry2/runs/exp0001_gpu-a100-80gb-4_cce_train_good_fsdp2_tp2_tc512_vc65536_r0/cce_delegate/runs/exp0001_fsdp2_tp2_b16_l512_tc512_vc65536_r0/xla/module_0788.jit__train_step.sm_8.0_gpu_after_optimizations-memory-usage-report.txt"}
{"accelerator_type": "A100-80GB", "allow_download": true, "backend": "gpu-a100-80gb-4", "benchmark_wall_time_sec": 87.27809039500005, "capacity_tokens_per_sec": 10051.305913141892, "case_name": "exp0002_fsdp4_tp1_b16_l512_tc128_vc8192_r0", "cce_enabled": true, "cce_loop_count": 76, "cce_profiler_experiment_id": 2, "chips": 4, "chunk_configuration": "128/8192", "chunk_loop_count": 2048, "compile_time_estimate_method": "max(first_step_time - steady_median, 0)", "compile_time_sec": 46.654773980000016, "dataset_mode": "synthetic", "device_count": 4, "dstack_gpu_spec": "A100:4:80GB", "elapsed_sec": 96.70202821400005, "enable_gemma4_hf_loader": false, "experiment_id": 2, "final_loss": 0.01384451612830162, "first_step_time_sec": 47.469743514000015, "fsdp_degree": 4, "global_batch_size": 16, "google_tunix_version": "0.1.7", "hardware_role": "primary_gpu_baseline", "hardware_target": "gpu-a100-80gb-4", "hidden_size": 320, "hostname": "dstack-deep-diver-main-mesh-pathology-a100-fleet-retry-1hfpznbo", "hostname_manifest": "dstack-deep-diver-main-mesh-pathology-a100-fleet-retry-1hfpznbo", "jax_version": "0.10.1", "learning_rate": 0.0002, "log_path": "/tmp/mesh-pathology-gpu-a100-80gb-4-cce-retry2/runs/exp0002_gpu-a100-80gb-4_cce_train_control-fsdp4-tp1_fsdp4_tp1_tc128_vc8192_r0/cce_delegate/runs/exp0002_fsdp4_tp1_b16_l512_tc128_vc8192_r0/runner.log", "lora_alpha": 32.0, "lora_rank": 16, "loss_impl": "cce", "max_inflight": 1, "max_steps": 13, "mean_loss": 0.5063012276704495, "measured_step_count": 10, "measured_steps": 10, "measured_time_sec": 8.150184732999833, "median_step_time_sec": 0.8149695339999994, "mesh_configuration": "fsdp=4,tp=1", "model_download_path": "/tmp/mesh-pathology-gpu-a100-80gb-4-cce-retry2/runs/exp0002_gpu-a100-80gb-4_cce_train_control-fsdp4-tp1_fsdp4_tp1_tc128_vc8192_r0/cce_delegate/model_cache/Qwen_Qwen3-0.6B", "model_id": "Qwen/Qwen3-0.6B", "model_name": "Qwen3 0.6B", "model_path": "", "model_size": "qwen3_0p6b", "model_source": "huggingface", "num_examples": 2048, "p95_step_time_sec": 0.8166745879999553, "preset": "profiler", "profiler_enabled": false, "profiler_path": "", "repeat_index": 0, "returncode": 0, "run_dir": "/tmp/mesh-pathology-gpu-a100-80gb-4-cce-retry2/runs/exp0002_gpu-a100-80gb-4_cce_train_control-fsdp4-tp1_fsdp4_tp1_tc128_vc8192_r0/cce_delegate/runs/exp0002_fsdp4_tp1_b16_l512_tc128_vc8192_r0", "run_id": "20260615T165350Z", "runtime_hbm_headroom_gb": 107.181913088, "runtime_hbm_limit_gb": 255.281332224, "runtime_hbm_peak_gb": 148.099419136, "scenario_group": "gpu-a100-80gb-4/cce_train", "seed": 0, "sequence_length": 512, "shape": "b16/L512", "signature_label": "control-fsdp4-tp1", "status": "success", "steady_state_mean_step_time_sec": 0.8150184732999832, "steps_recorded": 13, "summary_hostname": "dstack-deep-diver-main-mesh-pathology-a100-fleet-retry-1hfpznbo", "summary_mean_step_time_sec_excl_first": 0.8193781714166638, "summary_tpu_name": "", "summary_tpu_zone": "", "summary_valid_tokens_per_sec_excl_first": 2540.951263566524, "timestamp": "2026-06-15T16:55:27+00:00", "timestamp_manifest": "2026-06-15T16:53:50+00:00", "token_chunk": 128, "token_loop_count": 4, "tokenizer_path": "", "tokenizer_source": "huggingface", "tokens_per_sec": 2558.9604019102458, "tp_degree": 1, "tpu_type": "A100-80GB", "tpu_worker_id": "dstack-deep-diver-main-mesh-pathology-a100-fleet-retry-1hfpznbo", "tpu_worker_id_manifest": "dstack-deep-diver-main-mesh-pathology-a100-fleet-retry-1hfpznbo", "tunix_accel_version": "0.1.0", "vocab_chunk": 8192, "vocab_loop_count": 19, "vocab_size": 151936, "warmup_steps": 3, "workload_description": "Existing Tunix CCE training path.", "workload_family": "cce_train", "workload_runner": "tunix_cce", "xla_dir": "/tmp/mesh-pathology-gpu-a100-80gb-4-cce-retry2/runs/exp0002_gpu-a100-80gb-4_cce_train_control-fsdp4-tp1_fsdp4_tp1_tc128_vc8192_r0/cce_delegate/runs/exp0002_fsdp4_tp1_b16_l512_tc128_vc8192_r0/xla", "xla_planned_hbm_gib_per_chip": 34.47, "xla_report_path": "/tmp/mesh-pathology-gpu-a100-80gb-4-cce-retry2/runs/exp0002_gpu-a100-80gb-4_cce_train_control-fsdp4-tp1_fsdp4_tp1_tc128_vc8192_r0/cce_delegate/runs/exp0002_fsdp4_tp1_b16_l512_tc128_vc8192_r0/xla/module_0623.jit__train_step.sm_8.0_gpu_after_optimizations-memory-usage-report.txt"}
{"accelerator_type": "A100-80GB", "allow_download": true, "backend": "gpu-a100-80gb-4", "benchmark_wall_time_sec": 104.51288374900003, "capacity_tokens_per_sec": 13269.874218168648, "case_name": "exp0003_fsdp1_tp4_b16_l512_tc128_vc8192_r0", "cce_enabled": true, "cce_loop_count": 76, "cce_profiler_experiment_id": 3, "chips": 4, "chunk_configuration": "128/8192", "chunk_loop_count": 2048, "compile_time_estimate_method": "max(first_step_time - steady_median, 0)", "compile_time_sec": 39.451610627000036, "dataset_mode": "synthetic", "device_count": 4, "dstack_gpu_spec": "A100:4:80GB", "elapsed_sec": 114.39525367399995, "enable_gemma4_hf_loader": false, "experiment_id": 3, "final_loss": 0.01373081374913454, "first_step_time_sec": 40.069218921000015, "fsdp_degree": 1, "global_batch_size": 16, "google_tunix_version": "0.1.7", "hardware_role": "primary_gpu_baseline", "hardware_target": "gpu-a100-80gb-4", "hidden_size": 320, "hostname": "dstack-deep-diver-main-mesh-pathology-a100-fleet-retry-1hfpznbo", "hostname_manifest": "dstack-deep-diver-main-mesh-pathology-a100-fleet-retry-1hfpznbo", "jax_version": "0.10.1", "learning_rate": 0.0002, "log_path": "/tmp/mesh-pathology-gpu-a100-80gb-4-cce-retry2/runs/exp0003_gpu-a100-80gb-4_cce_train_control-fsdp1-tp4_fsdp1_tp4_tc128_vc8192_r0/cce_delegate/runs/exp0003_fsdp1_tp4_b16_l512_tc128_vc8192_r0/runner.log", "lora_alpha": 32.0, "lora_rank": 16, "loss_impl": "cce", "max_inflight": 1, "max_steps": 13, "mean_loss": 0.5059105223044753, "measured_step_count": 10, "measured_steps": 10, "measured_time_sec": 6.173381800999891, "median_step_time_sec": 0.6176082939999787, "mesh_configuration": "fsdp=1,tp=4", "model_download_path": "/tmp/mesh-pathology-gpu-a100-80gb-4-cce-retry2/runs/exp0003_gpu-a100-80gb-4_cce_train_control-fsdp1-tp4_fsdp1_tp4_tc128_vc8192_r0/cce_delegate/model_cache/Qwen_Qwen3-0.6B", "model_id": "Qwen/Qwen3-0.6B", "model_name": "Qwen3 0.6B", "model_path": "", "model_size": "qwen3_0p6b", "model_source": "huggingface", "num_examples": 2048, "p95_step_time_sec": 0.62231715300004, "preset": "profiler", "profiler_enabled": false, "profiler_path": "", "repeat_index": 0, "returncode": 0, "run_dir": "/tmp/mesh-pathology-gpu-a100-80gb-4-cce-retry2/runs/exp0003_gpu-a100-80gb-4_cce_train_control-fsdp1-tp4_fsdp1_tp4_tc128_vc8192_r0/cce_delegate/runs/exp0003_fsdp1_tp4_b16_l512_tc128_vc8192_r0", "run_id": "20260615T165529Z", "runtime_hbm_headroom_gb": 211.231942656, "runtime_hbm_limit_gb": 255.281332224, "runtime_hbm_peak_gb": 44.049389568, "scenario_group": "gpu-a100-80gb-4/cce_train", "seed": 0, "sequence_length": 512, "shape": "b16/L512", "signature_label": "control-fsdp1-tp4", "status": "success", "steady_state_mean_step_time_sec": 0.6173381800999891, "steps_recorded": 13, "summary_hostname": "dstack-deep-diver-main-mesh-pathology-a100-fleet-retry-1hfpznbo", "summary_mean_step_time_sec_excl_first": 2.7103954330833155, "summary_tpu_name": "", "summary_tpu_zone": "", "summary_valid_tokens_per_sec_excl_first": 768.1535965516072, "timestamp": "2026-06-15T16:57:23+00:00", "timestamp_manifest": "2026-06-15T16:55:29+00:00", "token_chunk": 128, "token_loop_count": 4, "tokenizer_path": "", "tokenizer_source": "huggingface", "tokens_per_sec": 3378.37520378571, "tp_degree": 4, "tpu_type": "A100-80GB", "tpu_worker_id": "dstack-deep-diver-main-mesh-pathology-a100-fleet-retry-1hfpznbo", "tpu_worker_id_manifest": "dstack-deep-diver-main-mesh-pathology-a100-fleet-retry-1hfpznbo", "tunix_accel_version": "0.1.0", "vocab_chunk": 8192, "vocab_loop_count": 19, "vocab_size": 151936, "warmup_steps": 3, "workload_description": "Existing Tunix CCE training path.", "workload_family": "cce_train", "workload_runner": "tunix_cce", "xla_dir": "/tmp/mesh-pathology-gpu-a100-80gb-4-cce-retry2/runs/exp0003_gpu-a100-80gb-4_cce_train_control-fsdp1-tp4_fsdp1_tp4_tc128_vc8192_r0/cce_delegate/runs/exp0003_fsdp1_tp4_b16_l512_tc128_vc8192_r0/xla", "xla_planned_hbm_gib_per_chip": 10.1, "xla_report_path": "/tmp/mesh-pathology-gpu-a100-80gb-4-cce-retry2/runs/exp0003_gpu-a100-80gb-4_cce_train_control-fsdp1-tp4_fsdp1_tp4_tc128_vc8192_r0/cce_delegate/runs/exp0003_fsdp1_tp4_b16_l512_tc128_vc8192_r0/xla/module_2798.jit__train_step.sm_8.0_gpu_after_optimizations-memory-usage-report.txt"}
=== MESH_PATHOLOGY_RESULTS_JSONL_END ===
=== MESH_PATHOLOGY_CASE_LOG_TAILS_BEGIN ===
/tmp/mesh-pathology-gpu-a100-80gb-4-cce-retry2/runs/exp0001_gpu-a100-80gb-4_cce_train_good_fsdp2_tp2_tc512_vc65536_r0/cce_delegate/runs/exp0001_fsdp2_tp2_b16_l512_tc512_vc65536_r0/runner.log
$ /workflow/.venv/bin/python /workflow/01-CCE/run_gemma_training_benchmark.py --model-id Qwen/Qwen3-0.6B --model-source huggingface --tokenizer-source huggingface --dataset-mode synthetic --num-examples 2048 --variants unpacked --batch-size 16 --max-length 512 --max-steps 13 --learning-rate 0.0002 --lora-rank 16 --lora-alpha 32.0 --mesh-fsdp 2 --mesh-tp 2 --max-inflight 1 --log-every 1 --seed 0 --outdir /tmp/mesh-pathology-gpu-a100-80gb-4-cce-retry2/runs/exp0001_gpu-a100-80gb-4_cce_train_good_fsdp2_tp2_tc512_vc65536_r0/cce_delegate/runs/exp0001_fsdp2_tp2_b16_l512_tc512_vc65536_r0 --skip-quality-eval --model-download-path /tmp/mesh-pathology-gpu-a100-80gb-4-cce-retry2/runs/exp0001_gpu-a100-80gb-4_cce_train_good_fsdp2_tp2_tc512_vc65536_r0/cce_delegate/model_cache/Qwen_Qwen3-0.6B --allow-autopatch --allow-download
outdir=/tmp/mesh-pathology-gpu-a100-80gb-4-cce-retry2/runs/exp0001_gpu-a100-80gb-4_cce_train_good_fsdp2_tp2_tc512_vc65536_r0/cce_delegate/runs/exp0001_fsdp2_tp2_b16_l512_tc512_vc65536_r0
summary=/tmp/mesh-pathology-gpu-a100-80gb-4-cce-retry2/runs/exp0001_gpu-a100-80gb-4_cce_train_good_fsdp2_tp2_tc512_vc65536_r0/cce_delegate/runs/exp0001_fsdp2_tp2_b16_l512_tc512_vc65536_r0/summary.json
history=/tmp/mesh-pathology-gpu-a100-80gb-4-cce-retry2/runs/exp0001_gpu-a100-80gb-4_cce_train_good_fsdp2_tp2_tc512_vc65536_r0/cce_delegate/runs/exp0001_fsdp2_tp2_b16_l512_tc512_vc65536_r0/history.csv
plot=/tmp/mesh-pathology-gpu-a100-80gb-4-cce-retry2/runs/exp0001_gpu-a100-80gb-4_cce_train_good_fsdp2_tp2_tc512_vc65536_r0/cce_delegate/runs/exp0001_fsdp2_tp2_b16_l512_tc512_vc65536_r0/training_comparison.png
/tmp/mesh-pathology-gpu-a100-80gb-4-cce-retry2/runs/exp0001_gpu-a100-80gb-4_cce_train_good_fsdp2_tp2_tc512_vc65536_r0/runner.log
$ /workflow/.venv/bin/python /workflow/01-CCE/run_v5e_cce_matrix.py --preset profiler --backend gpu-a100-80gb-4 --chips 4 --tpu-type A100-80GB --experiment-id 1 --warmup-steps 3 --measured-steps 10 --outdir /tmp/mesh-pathology-gpu-a100-80gb-4-cce-retry2/runs/exp0001_gpu-a100-80gb-4_cce_train_good_fsdp2_tp2_tc512_vc65536_r0/cce_delegate --results-path /tmp/mesh-pathology-gpu-a100-80gb-4-cce-retry2/runs/exp0001_gpu-a100-80gb-4_cce_train_good_fsdp2_tp2_tc512_vc65536_r0/cce_delegate_result.jsonl --force --model-size qwen3_0p6b
total_experiments=4 selected_experiments=1
results_jsonl=/tmp/mesh-pathology-gpu-a100-80gb-4-cce-retry2/runs/exp0001_gpu-a100-80gb-4_cce_train_good_fsdp2_tp2_tc512_vc65536_r0/cce_delegate_result.jsonl
run 1/1 experiment_id=1 exp0001_fsdp2_tp2_b16_l512_tc512_vc65536_r0
done success experiment_id=1 step_s=0.6359425583000075 hbm_gib=19.32
/tmp/mesh-pathology-gpu-a100-80gb-4-cce-retry2/runs/exp0002_gpu-a100-80gb-4_cce_train_control-fsdp4-tp1_fsdp4_tp1_tc128_vc8192_r0/cce_delegate/runs/exp0002_fsdp4_tp1_b16_l512_tc128_vc8192_r0/runner.log
$ /workflow/.venv/bin/python /workflow/01-CCE/run_gemma_training_benchmark.py --model-id Qwen/Qwen3-0.6B --model-source huggingface --tokenizer-source huggingface --dataset-mode synthetic --num-examples 2048 --variants unpacked --batch-size 16 --max-length 512 --max-steps 13 --learning-rate 0.0002 --lora-rank 16 --lora-alpha 32.0 --mesh-fsdp 4 --mesh-tp 1 --max-inflight 1 --log-every 1 --seed 0 --outdir /tmp/mesh-pathology-gpu-a100-80gb-4-cce-retry2/runs/exp0002_gpu-a100-80gb-4_cce_train_control-fsdp4-tp1_fsdp4_tp1_tc128_vc8192_r0/cce_delegate/runs/exp0002_fsdp4_tp1_b16_l512_tc128_vc8192_r0 --skip-quality-eval --model-download-path /tmp/mesh-pathology-gpu-a100-80gb-4-cce-retry2/runs/exp0002_gpu-a100-80gb-4_cce_train_control-fsdp4-tp1_fsdp4_tp1_tc128_vc8192_r0/cce_delegate/model_cache/Qwen_Qwen3-0.6B --allow-autopatch --allow-download
outdir=/tmp/mesh-pathology-gpu-a100-80gb-4-cce-retry2/runs/exp0002_gpu-a100-80gb-4_cce_train_control-fsdp4-tp1_fsdp4_tp1_tc128_vc8192_r0/cce_delegate/runs/exp0002_fsdp4_tp1_b16_l512_tc128_vc8192_r0
summary=/tmp/mesh-pathology-gpu-a100-80gb-4-cce-retry2/runs/exp0002_gpu-a100-80gb-4_cce_train_control-fsdp4-tp1_fsdp4_tp1_tc128_vc8192_r0/cce_delegate/runs/exp0002_fsdp4_tp1_b16_l512_tc128_vc8192_r0/summary.json
history=/tmp/mesh-pathology-gpu-a100-80gb-4-cce-retry2/runs/exp0002_gpu-a100-80gb-4_cce_train_control-fsdp4-tp1_fsdp4_tp1_tc128_vc8192_r0/cce_delegate/runs/exp0002_fsdp4_tp1_b16_l512_tc128_vc8192_r0/history.csv
plot=/tmp/mesh-pathology-gpu-a100-80gb-4-cce-retry2/runs/exp0002_gpu-a100-80gb-4_cce_train_control-fsdp4-tp1_fsdp4_tp1_tc128_vc8192_r0/cce_delegate/runs/exp0002_fsdp4_tp1_b16_l512_tc128_vc8192_r0/training_comparison.png
/tmp/mesh-pathology-gpu-a100-80gb-4-cce-retry2/runs/exp0002_gpu-a100-80gb-4_cce_train_control-fsdp4-tp1_fsdp4_tp1_tc128_vc8192_r0/runner.log
$ /workflow/.venv/bin/python /workflow/01-CCE/run_v5e_cce_matrix.py --preset profiler --backend gpu-a100-80gb-4 --chips 4 --tpu-type A100-80GB --experiment-id 2 --warmup-steps 3 --measured-steps 10 --outdir /tmp/mesh-pathology-gpu-a100-80gb-4-cce-retry2/runs/exp0002_gpu-a100-80gb-4_cce_train_control-fsdp4-tp1_fsdp4_tp1_tc128_vc8192_r0/cce_delegate --results-path /tmp/mesh-pathology-gpu-a100-80gb-4-cce-retry2/runs/exp0002_gpu-a100-80gb-4_cce_train_control-fsdp4-tp1_fsdp4_tp1_tc128_vc8192_r0/cce_delegate_result.jsonl --force --model-size qwen3_0p6b
total_experiments=4 selected_experiments=1
results_jsonl=/tmp/mesh-pathology-gpu-a100-80gb-4-cce-retry2/runs/exp0002_gpu-a100-80gb-4_cce_train_control-fsdp4-tp1_fsdp4_tp1_tc128_vc8192_r0/cce_delegate_result.jsonl
run 1/1 experiment_id=2 exp0002_fsdp4_tp1_b16_l512_tc128_vc8192_r0
done success experiment_id=2 step_s=0.8150184732999832 hbm_gib=34.47
/tmp/mesh-pathology-gpu-a100-80gb-4-cce-retry2/runs/exp0000_gpu-a100-80gb-4_cce_train_bad_fsdp2_tp2_tc128_vc8192_r0/cce_delegate/runs/exp0000_fsdp2_tp2_b16_l512_tc128_vc8192_r0/runner.log
$ /workflow/.venv/bin/python /workflow/01-CCE/run_gemma_training_benchmark.py --model-id Qwen/Qwen3-0.6B --model-source huggingface --tokenizer-source huggingface --dataset-mode synthetic --num-examples 2048 --variants unpacked --batch-size 16 --max-length 512 --max-steps 13 --learning-rate 0.0002 --lora-rank 16 --lora-alpha 32.0 --mesh-fsdp 2 --mesh-tp 2 --max-inflight 1 --log-every 1 --seed 0 --outdir /tmp/mesh-pathology-gpu-a100-80gb-4-cce-retry2/runs/exp0000_gpu-a100-80gb-4_cce_train_bad_fsdp2_tp2_tc128_vc8192_r0/cce_delegate/runs/exp0000_fsdp2_tp2_b16_l512_tc128_vc8192_r0 --skip-quality-eval --model-download-path /tmp/mesh-pathology-gpu-a100-80gb-4-cce-retry2/runs/exp0000_gpu-a100-80gb-4_cce_train_bad_fsdp2_tp2_tc128_vc8192_r0/cce_delegate/model_cache/Qwen_Qwen3-0.6B --allow-autopatch --allow-download
outdir=/tmp/mesh-pathology-gpu-a100-80gb-4-cce-retry2/runs/exp0000_gpu-a100-80gb-4_cce_train_bad_fsdp2_tp2_tc128_vc8192_r0/cce_delegate/runs/exp0000_fsdp2_tp2_b16_l512_tc128_vc8192_r0
summary=/tmp/mesh-pathology-gpu-a100-80gb-4-cce-retry2/runs/exp0000_gpu-a100-80gb-4_cce_train_bad_fsdp2_tp2_tc128_vc8192_r0/cce_delegate/runs/exp0000_fsdp2_tp2_b16_l512_tc128_vc8192_r0/summary.json
history=/tmp/mesh-pathology-gpu-a100-80gb-4-cce-retry2/runs/exp0000_gpu-a100-80gb-4_cce_train_bad_fsdp2_tp2_tc128_vc8192_r0/cce_delegate/runs/exp0000_fsdp2_tp2_b16_l512_tc128_vc8192_r0/history.csv
plot=/tmp/mesh-pathology-gpu-a100-80gb-4-cce-retry2/runs/exp0000_gpu-a100-80gb-4_cce_train_bad_fsdp2_tp2_tc128_vc8192_r0/cce_delegate/runs/exp0000_fsdp2_tp2_b16_l512_tc128_vc8192_r0/training_comparison.png
/tmp/mesh-pathology-gpu-a100-80gb-4-cce-retry2/runs/exp0000_gpu-a100-80gb-4_cce_train_bad_fsdp2_tp2_tc128_vc8192_r0/runner.log
$ /workflow/.venv/bin/python /workflow/01-CCE/run_v5e_cce_matrix.py --preset profiler --backend gpu-a100-80gb-4 --chips 4 --tpu-type A100-80GB --experiment-id 0 --warmup-steps 3 --measured-steps 10 --outdir /tmp/mesh-pathology-gpu-a100-80gb-4-cce-retry2/runs/exp0000_gpu-a100-80gb-4_cce_train_bad_fsdp2_tp2_tc128_vc8192_r0/cce_delegate --results-path /tmp/mesh-pathology-gpu-a100-80gb-4-cce-retry2/runs/exp0000_gpu-a100-80gb-4_cce_train_bad_fsdp2_tp2_tc128_vc8192_r0/cce_delegate_result.jsonl --force --model-size qwen3_0p6b
total_experiments=4 selected_experiments=1
results_jsonl=/tmp/mesh-pathology-gpu-a100-80gb-4-cce-retry2/runs/exp0000_gpu-a100-80gb-4_cce_train_bad_fsdp2_tp2_tc128_vc8192_r0/cce_delegate_result.jsonl
run 1/1 experiment_id=0 exp0000_fsdp2_tp2_b16_l512_tc128_vc8192_r0
done success experiment_id=0 step_s=4.278101753399983 hbm_gib=18.96
/tmp/mesh-pathology-gpu-a100-80gb-4-cce-retry2/runs/exp0003_gpu-a100-80gb-4_cce_train_control-fsdp1-tp4_fsdp1_tp4_tc128_vc8192_r0/cce_delegate/runs/exp0003_fsdp1_tp4_b16_l512_tc128_vc8192_r0/runner.log
$ /workflow/.venv/bin/python /workflow/01-CCE/run_gemma_training_benchmark.py --model-id Qwen/Qwen3-0.6B --model-source huggingface --tokenizer-source huggingface --dataset-mode synthetic --num-examples 2048 --variants unpacked --batch-size 16 --max-length 512 --max-steps 13 --learning-rate 0.0002 --lora-rank 16 --lora-alpha 32.0 --mesh-fsdp 1 --mesh-tp 4 --max-inflight 1 --log-every 1 --seed 0 --outdir /tmp/mesh-pathology-gpu-a100-80gb-4-cce-retry2/runs/exp0003_gpu-a100-80gb-4_cce_train_control-fsdp1-tp4_fsdp1_tp4_tc128_vc8192_r0/cce_delegate/runs/exp0003_fsdp1_tp4_b16_l512_tc128_vc8192_r0 --skip-quality-eval --model-download-path /tmp/mesh-pathology-gpu-a100-80gb-4-cce-retry2/runs/exp0003_gpu-a100-80gb-4_cce_train_control-fsdp1-tp4_fsdp1_tp4_tc128_vc8192_r0/cce_delegate/model_cache/Qwen_Qwen3-0.6B --allow-autopatch --allow-download
outdir=/tmp/mesh-pathology-gpu-a100-80gb-4-cce-retry2/runs/exp0003_gpu-a100-80gb-4_cce_train_control-fsdp1-tp4_fsdp1_tp4_tc128_vc8192_r0/cce_delegate/runs/exp0003_fsdp1_tp4_b16_l512_tc128_vc8192_r0
summary=/tmp/mesh-pathology-gpu-a100-80gb-4-cce-retry2/runs/exp0003_gpu-a100-80gb-4_cce_train_control-fsdp1-tp4_fsdp1_tp4_tc128_vc8192_r0/cce_delegate/runs/exp0003_fsdp1_tp4_b16_l512_tc128_vc8192_r0/summary.json
history=/tmp/mesh-pathology-gpu-a100-80gb-4-cce-retry2/runs/exp0003_gpu-a100-80gb-4_cce_train_control-fsdp1-tp4_fsdp1_tp4_tc128_vc8192_r0/cce_delegate/runs/exp0003_fsdp1_tp4_b16_l512_tc128_vc8192_r0/history.csv
plot=/tmp/mesh-pathology-gpu-a100-80gb-4-cce-retry2/runs/exp0003_gpu-a100-80gb-4_cce_train_control-fsdp1-tp4_fsdp1_tp4_tc128_vc8192_r0/cce_delegate/runs/exp0003_fsdp1_tp4_b16_l512_tc128_vc8192_r0/training_comparison.png
/tmp/mesh-pathology-gpu-a100-80gb-4-cce-retry2/runs/exp0003_gpu-a100-80gb-4_cce_train_control-fsdp1-tp4_fsdp1_tp4_tc128_vc8192_r0/runner.log
$ /workflow/.venv/bin/python /workflow/01-CCE/run_v5e_cce_matrix.py --preset profiler --backend gpu-a100-80gb-4 --chips 4 --tpu-type A100-80GB --experiment-id 3 --warmup-steps 3 --measured-steps 10 --outdir /tmp/mesh-pathology-gpu-a100-80gb-4-cce-retry2/runs/exp0003_gpu-a100-80gb-4_cce_train_control-fsdp1-tp4_fsdp1_tp4_tc128_vc8192_r0/cce_delegate --results-path /tmp/mesh-pathology-gpu-a100-80gb-4-cce-retry2/runs/exp0003_gpu-a100-80gb-4_cce_train_control-fsdp1-tp4_fsdp1_tp4_tc128_vc8192_r0/cce_delegate_result.jsonl --force --model-size qwen3_0p6b
total_experiments=4 selected_experiments=1
results_jsonl=/tmp/mesh-pathology-gpu-a100-80gb-4-cce-retry2/runs/exp0003_gpu-a100-80gb-4_cce_train_control-fsdp1-tp4_fsdp1_tp4_tc128_vc8192_r0/cce_delegate_result.jsonl
run 1/1 experiment_id=3 exp0003_fsdp1_tp4_b16_l512_tc128_vc8192_r0
done success experiment_id=3 step_s=0.6173381800999891 hbm_gib=10.1
=== MESH_PATHOLOGY_CASE_LOG_TAILS_END ===
