experiment_id,run_id,preset,timestamp_manifest,hostname_manifest,hardware_target,hardware_role,backend,accelerator_type,device_count,dstack_gpu_spec,workload_family,workload_runner,workload_description,operation_family,execution_mode,signature_label,fsdp_degree,tp_degree,global_batch_size,sequence_length,shape,hidden_size,vocab_size,token_chunk,vocab_chunk,chunk_configuration,token_loop_count,vocab_loop_count,chunk_loop_count,cce_loop_count,mesh_configuration,warmup_steps,measured_steps,seed,repeat_index,cce_profiler_experiment_id,case_name,run_dir,xla_dir,profiler_path,scenario_group
0,20260616T031040Z,dense-synthetic,2026-06-16T03:10:40+00:00,Chansungs-MacBook-Pro-2.local,gpu-a100-80gb-4,primary_gpu_baseline,gpu,A100-80GB,4,A100:4:80GB,torch_eager_chunked_matmul_loop,torch_microbench,PyTorch eager chunk-loop projection matmul without XLA.,chunked_matmul_loop,eager,b16_L512_fsdp4_tp1_tc64_vc4096,4,1,16,512,b16/L512,320,262144,64,4096,64/4096,128,64,8192,,"fsdp=4,tp=1",3,10,0,0,-1,exp0000_gpu-a100-80gb-4_torch_eager_chunked_matmul_loop_b16_L512_fsdp4_tp1_tc64_vc4096_fsdp4_tp1_tc64_vc4096_r0,/Users/deep-diver/Developers/TUNIX-TRY/01-CCE/data/mesh_pathology_dense_a100_torch/runs/exp0000_gpu-a100-80gb-4_torch_eager_chunked_matmul_loop_b16_L512_fsdp4_tp1_tc64_vc4096_fsdp4_tp1_tc64_vc4096_r0,/Users/deep-diver/Developers/TUNIX-TRY/01-CCE/data/mesh_pathology_dense_a100_torch/runs/exp0000_gpu-a100-80gb-4_torch_eager_chunked_matmul_loop_b16_L512_fsdp4_tp1_tc64_vc4096_fsdp4_tp1_tc64_vc4096_r0/xla,,gpu-a100-80gb-4/torch_eager_chunked_matmul_loop
1,20260616T031040Z,dense-synthetic,2026-06-16T03:10:40+00:00,Chansungs-MacBook-Pro-2.local,gpu-a100-80gb-4,primary_gpu_baseline,gpu,A100-80GB,4,A100:4:80GB,torch_eager_chunked_matmul_loop,torch_microbench,PyTorch eager chunk-loop projection matmul without XLA.,chunked_matmul_loop,eager,b16_L512_fsdp4_tp1_tc64_vc8192,4,1,16,512,b16/L512,320,262144,64,8192,64/8192,128,32,4096,,"fsdp=4,tp=1",3,10,0,0,-1,exp0001_gpu-a100-80gb-4_torch_eager_chunked_matmul_loop_b16_L512_fsdp4_tp1_tc64_vc8192_fsdp4_tp1_tc64_vc8192_r0,/Users/deep-diver/Developers/TUNIX-TRY/01-CCE/data/mesh_pathology_dense_a100_torch/runs/exp0001_gpu-a100-80gb-4_torch_eager_chunked_matmul_loop_b16_L512_fsdp4_tp1_tc64_vc8192_fsdp4_tp1_tc64_vc8192_r0,/Users/deep-diver/Developers/TUNIX-TRY/01-CCE/data/mesh_pathology_dense_a100_torch/runs/exp0001_gpu-a100-80gb-4_torch_eager_chunked_matmul_loop_b16_L512_fsdp4_tp1_tc64_vc8192_fsdp4_tp1_tc64_vc8192_r0/xla,,gpu-a100-80gb-4/torch_eager_chunked_matmul_loop
2,20260616T031040Z,dense-synthetic,2026-06-16T03:10:40+00:00,Chansungs-MacBook-Pro-2.local,gpu-a100-80gb-4,primary_gpu_baseline,gpu,A100-80GB,4,A100:4:80GB,torch_eager_chunked_matmul_loop,torch_microbench,PyTorch eager chunk-loop projection matmul without XLA.,chunked_matmul_loop,eager,b16_L512_fsdp4_tp1_tc64_vc16384,4,1,16,512,b16/L512,320,262144,64,16384,64/16384,128,16,2048,,"fsdp=4,tp=1",3,10,0,0,-1,exp0002_gpu-a100-80gb-4_torch_eager_chunked_matmul_loop_b16_L512_fsdp4_tp1_tc64_vc16384_fsdp4_tp1_tc64_vc16384_r0,/Users/deep-diver/Developers/TUNIX-TRY/01-CCE/data/mesh_pathology_dense_a100_torch/runs/exp0002_gpu-a100-80gb-4_torch_eager_chunked_matmul_loop_b16_L512_fsdp4_tp1_tc64_vc16384_fsdp4_tp1_tc64_vc16384_r0,/Users/deep-diver/Developers/TUNIX-TRY/01-CCE/data/mesh_pathology_dense_a100_torch/runs/exp0002_gpu-a100-80gb-4_torch_eager_chunked_matmul_loop_b16_L512_fsdp4_tp1_tc64_vc16384_fsdp4_tp1_tc64_vc16384_r0/xla,,gpu-a100-80gb-4/torch_eager_chunked_matmul_loop
3,20260616T031040Z,dense-synthetic,2026-06-16T03:10:40+00:00,Chansungs-MacBook-Pro-2.local,gpu-a100-80gb-4,primary_gpu_baseline,gpu,A100-80GB,4,A100:4:80GB,torch_eager_chunked_matmul_loop,torch_microbench,PyTorch eager chunk-loop projection matmul without XLA.,chunked_matmul_loop,eager,b16_L512_fsdp4_tp1_tc64_vc32768,4,1,16,512,b16/L512,320,262144,64,32768,64/32768,128,8,1024,,"fsdp=4,tp=1",3,10,0,0,-1,exp0003_gpu-a100-80gb-4_torch_eager_chunked_matmul_loop_b16_L512_fsdp4_tp1_tc64_vc32768_fsdp4_tp1_tc64_vc32768_r0,/Users/deep-diver/Developers/TUNIX-TRY/01-CCE/data/mesh_pathology_dense_a100_torch/runs/exp0003_gpu-a100-80gb-4_torch_eager_chunked_matmul_loop_b16_L512_fsdp4_tp1_tc64_vc32768_fsdp4_tp1_tc64_vc32768_r0,/Users/deep-diver/Developers/TUNIX-TRY/01-CCE/data/mesh_pathology_dense_a100_torch/runs/exp0003_gpu-a100-80gb-4_torch_eager_chunked_matmul_loop_b16_L512_fsdp4_tp1_tc64_vc32768_fsdp4_tp1_tc64_vc32768_r0/xla,,gpu-a100-80gb-4/torch_eager_chunked_matmul_loop
4,20260616T031040Z,dense-synthetic,2026-06-16T03:10:40+00:00,Chansungs-MacBook-Pro-2.local,gpu-a100-80gb-4,primary_gpu_baseline,gpu,A100-80GB,4,A100:4:80GB,torch_eager_chunked_matmul_loop,torch_microbench,PyTorch eager chunk-loop projection matmul without XLA.,chunked_matmul_loop,eager,b16_L512_fsdp4_tp1_tc64_vc65536,4,1,16,512,b16/L512,320,262144,64,65536,64/65536,128,4,512,,"fsdp=4,tp=1",3,10,0,0,-1,exp0004_gpu-a100-80gb-4_torch_eager_chunked_matmul_loop_b16_L512_fsdp4_tp1_tc64_vc65536_fsdp4_tp1_tc64_vc65536_r0,/Users/deep-diver/Developers/TUNIX-TRY/01-CCE/data/mesh_pathology_dense_a100_torch/runs/exp0004_gpu-a100-80gb-4_torch_eager_chunked_matmul_loop_b16_L512_fsdp4_tp1_tc64_vc65536_fsdp4_tp1_tc64_vc65536_r0,/Users/deep-diver/Developers/TUNIX-TRY/01-CCE/data/mesh_pathology_dense_a100_torch/runs/exp0004_gpu-a100-80gb-4_torch_eager_chunked_matmul_loop_b16_L512_fsdp4_tp1_tc64_vc65536_fsdp4_tp1_tc64_vc65536_r0/xla,,gpu-a100-80gb-4/torch_eager_chunked_matmul_loop
5,20260616T031040Z,dense-synthetic,2026-06-16T03:10:40+00:00,Chansungs-MacBook-Pro-2.local,gpu-a100-80gb-4,primary_gpu_baseline,gpu,A100-80GB,4,A100:4:80GB,torch_eager_chunked_matmul_loop,torch_microbench,PyTorch eager chunk-loop projection matmul without XLA.,chunked_matmul_loop,eager,b16_L512_fsdp4_tp1_tc64_vc131072,4,1,16,512,b16/L512,320,262144,64,131072,64/131072,128,2,256,,"fsdp=4,tp=1",3,10,0,0,-1,exp0005_gpu-a100-80gb-4_torch_eager_chunked_matmul_loop_b16_L512_fsdp4_tp1_tc64_vc131072_fsdp4_tp1_tc64_vc131072_r0,/Users/deep-diver/Developers/TUNIX-TRY/01-CCE/data/mesh_pathology_dense_a100_torch/runs/exp0005_gpu-a100-80gb-4_torch_eager_chunked_matmul_loop_b16_L512_fsdp4_tp1_tc64_vc131072_fsdp4_tp1_tc64_vc131072_r0,/Users/deep-diver/Developers/TUNIX-TRY/01-CCE/data/mesh_pathology_dense_a100_torch/runs/exp0005_gpu-a100-80gb-4_torch_eager_chunked_matmul_loop_b16_L512_fsdp4_tp1_tc64_vc131072_fsdp4_tp1_tc64_vc131072_r0/xla,,gpu-a100-80gb-4/torch_eager_chunked_matmul_loop
6,20260616T031040Z,dense-synthetic,2026-06-16T03:10:40+00:00,Chansungs-MacBook-Pro-2.local,gpu-a100-80gb-4,primary_gpu_baseline,gpu,A100-80GB,4,A100:4:80GB,torch_eager_chunked_matmul_loop,torch_microbench,PyTorch eager chunk-loop projection matmul without XLA.,chunked_matmul_loop,eager,b16_L512_fsdp4_tp1_tc64_vc262144,4,1,16,512,b16/L512,320,262144,64,262144,64/262144,128,1,128,,"fsdp=4,tp=1",3,10,0,0,-1,exp0006_gpu-a100-80gb-4_torch_eager_chunked_matmul_loop_b16_L512_fsdp4_tp1_tc64_vc262144_fsdp4_tp1_tc64_vc262144_r0,/Users/deep-diver/Developers/TUNIX-TRY/01-CCE/data/mesh_pathology_dense_a100_torch/runs/exp0006_gpu-a100-80gb-4_torch_eager_chunked_matmul_loop_b16_L512_fsdp4_tp1_tc64_vc262144_fsdp4_tp1_tc64_vc262144_r0,/Users/deep-diver/Developers/TUNIX-TRY/01-CCE/data/mesh_pathology_dense_a100_torch/runs/exp0006_gpu-a100-80gb-4_torch_eager_chunked_matmul_loop_b16_L512_fsdp4_tp1_tc64_vc262144_fsdp4_tp1_tc64_vc262144_r0/xla,,gpu-a100-80gb-4/torch_eager_chunked_matmul_loop
7,20260616T031040Z,dense-synthetic,2026-06-16T03:10:40+00:00,Chansungs-MacBook-Pro-2.local,gpu-a100-80gb-4,primary_gpu_baseline,gpu,A100-80GB,4,A100:4:80GB,torch_eager_chunked_matmul_loop,torch_microbench,PyTorch eager chunk-loop projection matmul without XLA.,chunked_matmul_loop,eager,b16_L512_fsdp4_tp1_tc128_vc4096,4,1,16,512,b16/L512,320,262144,128,4096,128/4096,64,64,4096,,"fsdp=4,tp=1",3,10,0,0,-1,exp0007_gpu-a100-80gb-4_torch_eager_chunked_matmul_loop_b16_L512_fsdp4_tp1_tc128_vc4096_fsdp4_tp1_tc128_vc4096_r0,/Users/deep-diver/Developers/TUNIX-TRY/01-CCE/data/mesh_pathology_dense_a100_torch/runs/exp0007_gpu-a100-80gb-4_torch_eager_chunked_matmul_loop_b16_L512_fsdp4_tp1_tc128_vc4096_fsdp4_tp1_tc128_vc4096_r0,/Users/deep-diver/Developers/TUNIX-TRY/01-CCE/data/mesh_pathology_dense_a100_torch/runs/exp0007_gpu-a100-80gb-4_torch_eager_chunked_matmul_loop_b16_L512_fsdp4_tp1_tc128_vc4096_fsdp4_tp1_tc128_vc4096_r0/xla,,gpu-a100-80gb-4/torch_eager_chunked_matmul_loop
8,20260616T031040Z,dense-synthetic,2026-06-16T03:10:40+00:00,Chansungs-MacBook-Pro-2.local,gpu-a100-80gb-4,primary_gpu_baseline,gpu,A100-80GB,4,A100:4:80GB,torch_eager_chunked_matmul_loop,torch_microbench,PyTorch eager chunk-loop projection matmul without XLA.,chunked_matmul_loop,eager,b16_L512_fsdp4_tp1_tc128_vc8192,4,1,16,512,b16/L512,320,262144,128,8192,128/8192,64,32,2048,,"fsdp=4,tp=1",3,10,0,0,-1,exp0008_gpu-a100-80gb-4_torch_eager_chunked_matmul_loop_b16_L512_fsdp4_tp1_tc128_vc8192_fsdp4_tp1_tc128_vc8192_r0,/Users/deep-diver/Developers/TUNIX-TRY/01-CCE/data/mesh_pathology_dense_a100_torch/runs/exp0008_gpu-a100-80gb-4_torch_eager_chunked_matmul_loop_b16_L512_fsdp4_tp1_tc128_vc8192_fsdp4_tp1_tc128_vc8192_r0,/Users/deep-diver/Developers/TUNIX-TRY/01-CCE/data/mesh_pathology_dense_a100_torch/runs/exp0008_gpu-a100-80gb-4_torch_eager_chunked_matmul_loop_b16_L512_fsdp4_tp1_tc128_vc8192_fsdp4_tp1_tc128_vc8192_r0/xla,,gpu-a100-80gb-4/torch_eager_chunked_matmul_loop
9,20260616T031040Z,dense-synthetic,2026-06-16T03:10:40+00:00,Chansungs-MacBook-Pro-2.local,gpu-a100-80gb-4,primary_gpu_baseline,gpu,A100-80GB,4,A100:4:80GB,torch_eager_chunked_matmul_loop,torch_microbench,PyTorch eager chunk-loop projection matmul without XLA.,chunked_matmul_loop,eager,b16_L512_fsdp4_tp1_tc128_vc16384,4,1,16,512,b16/L512,320,262144,128,16384,128/16384,64,16,1024,,"fsdp=4,tp=1",3,10,0,0,-1,exp0009_gpu-a100-80gb-4_torch_eager_chunked_matmul_loop_b16_L512_fsdp4_tp1_tc128_vc16384_fsdp4_tp1_tc128_vc16384_r0,/Users/deep-diver/Developers/TUNIX-TRY/01-CCE/data/mesh_pathology_dense_a100_torch/runs/exp0009_gpu-a100-80gb-4_torch_eager_chunked_matmul_loop_b16_L512_fsdp4_tp1_tc128_vc16384_fsdp4_tp1_tc128_vc16384_r0,/Users/deep-diver/Developers/TUNIX-TRY/01-CCE/data/mesh_pathology_dense_a100_torch/runs/exp0009_gpu-a100-80gb-4_torch_eager_chunked_matmul_loop_b16_L512_fsdp4_tp1_tc128_vc16384_fsdp4_tp1_tc128_vc16384_r0/xla,,gpu-a100-80gb-4/torch_eager_chunked_matmul_loop
10,20260616T031040Z,dense-synthetic,2026-06-16T03:10:40+00:00,Chansungs-MacBook-Pro-2.local,gpu-a100-80gb-4,primary_gpu_baseline,gpu,A100-80GB,4,A100:4:80GB,torch_eager_chunked_matmul_loop,torch_microbench,PyTorch eager chunk-loop projection matmul without XLA.,chunked_matmul_loop,eager,b16_L512_fsdp4_tp1_tc128_vc32768,4,1,16,512,b16/L512,320,262144,128,32768,128/32768,64,8,512,,"fsdp=4,tp=1",3,10,0,0,-1,exp0010_gpu-a100-80gb-4_torch_eager_chunked_matmul_loop_b16_L512_fsdp4_tp1_tc128_vc32768_fsdp4_tp1_tc128_vc32768_r0,/Users/deep-diver/Developers/TUNIX-TRY/01-CCE/data/mesh_pathology_dense_a100_torch/runs/exp0010_gpu-a100-80gb-4_torch_eager_chunked_matmul_loop_b16_L512_fsdp4_tp1_tc128_vc32768_fsdp4_tp1_tc128_vc32768_r0,/Users/deep-diver/Developers/TUNIX-TRY/01-CCE/data/mesh_pathology_dense_a100_torch/runs/exp0010_gpu-a100-80gb-4_torch_eager_chunked_matmul_loop_b16_L512_fsdp4_tp1_tc128_vc32768_fsdp4_tp1_tc128_vc32768_r0/xla,,gpu-a100-80gb-4/torch_eager_chunked_matmul_loop
11,20260616T031040Z,dense-synthetic,2026-06-16T03:10:40+00:00,Chansungs-MacBook-Pro-2.local,gpu-a100-80gb-4,primary_gpu_baseline,gpu,A100-80GB,4,A100:4:80GB,torch_eager_chunked_matmul_loop,torch_microbench,PyTorch eager chunk-loop projection matmul without XLA.,chunked_matmul_loop,eager,b16_L512_fsdp4_tp1_tc128_vc65536,4,1,16,512,b16/L512,320,262144,128,65536,128/65536,64,4,256,,"fsdp=4,tp=1",3,10,0,0,-1,exp0011_gpu-a100-80gb-4_torch_eager_chunked_matmul_loop_b16_L512_fsdp4_tp1_tc128_vc65536_fsdp4_tp1_tc128_vc65536_r0,/Users/deep-diver/Developers/TUNIX-TRY/01-CCE/data/mesh_pathology_dense_a100_torch/runs/exp0011_gpu-a100-80gb-4_torch_eager_chunked_matmul_loop_b16_L512_fsdp4_tp1_tc128_vc65536_fsdp4_tp1_tc128_vc65536_r0,/Users/deep-diver/Developers/TUNIX-TRY/01-CCE/data/mesh_pathology_dense_a100_torch/runs/exp0011_gpu-a100-80gb-4_torch_eager_chunked_matmul_loop_b16_L512_fsdp4_tp1_tc128_vc65536_fsdp4_tp1_tc128_vc65536_r0/xla,,gpu-a100-80gb-4/torch_eager_chunked_matmul_loop
12,20260616T031040Z,dense-synthetic,2026-06-16T03:10:40+00:00,Chansungs-MacBook-Pro-2.local,gpu-a100-80gb-4,primary_gpu_baseline,gpu,A100-80GB,4,A100:4:80GB,torch_eager_chunked_matmul_loop,torch_microbench,PyTorch eager chunk-loop projection matmul without XLA.,chunked_matmul_loop,eager,b16_L512_fsdp4_tp1_tc128_vc131072,4,1,16,512,b16/L512,320,262144,128,131072,128/131072,64,2,128,,"fsdp=4,tp=1",3,10,0,0,-1,exp0012_gpu-a100-80gb-4_torch_eager_chunked_matmul_loop_b16_L512_fsdp4_tp1_tc128_vc131072_fsdp4_tp1_tc128_vc131072_r0,/Users/deep-diver/Developers/TUNIX-TRY/01-CCE/data/mesh_pathology_dense_a100_torch/runs/exp0012_gpu-a100-80gb-4_torch_eager_chunked_matmul_loop_b16_L512_fsdp4_tp1_tc128_vc131072_fsdp4_tp1_tc128_vc131072_r0,/Users/deep-diver/Developers/TUNIX-TRY/01-CCE/data/mesh_pathology_dense_a100_torch/runs/exp0012_gpu-a100-80gb-4_torch_eager_chunked_matmul_loop_b16_L512_fsdp4_tp1_tc128_vc131072_fsdp4_tp1_tc128_vc131072_r0/xla,,gpu-a100-80gb-4/torch_eager_chunked_matmul_loop
13,20260616T031040Z,dense-synthetic,2026-06-16T03:10:40+00:00,Chansungs-MacBook-Pro-2.local,gpu-a100-80gb-4,primary_gpu_baseline,gpu,A100-80GB,4,A100:4:80GB,torch_eager_chunked_matmul_loop,torch_microbench,PyTorch eager chunk-loop projection matmul without XLA.,chunked_matmul_loop,eager,b16_L512_fsdp4_tp1_tc128_vc262144,4,1,16,512,b16/L512,320,262144,128,262144,128/262144,64,1,64,,"fsdp=4,tp=1",3,10,0,0,-1,exp0013_gpu-a100-80gb-4_torch_eager_chunked_matmul_loop_b16_L512_fsdp4_tp1_tc128_vc262144_fsdp4_tp1_tc128_vc262144_r0,/Users/deep-diver/Developers/TUNIX-TRY/01-CCE/data/mesh_pathology_dense_a100_torch/runs/exp0013_gpu-a100-80gb-4_torch_eager_chunked_matmul_loop_b16_L512_fsdp4_tp1_tc128_vc262144_fsdp4_tp1_tc128_vc262144_r0,/Users/deep-diver/Developers/TUNIX-TRY/01-CCE/data/mesh_pathology_dense_a100_torch/runs/exp0013_gpu-a100-80gb-4_torch_eager_chunked_matmul_loop_b16_L512_fsdp4_tp1_tc128_vc262144_fsdp4_tp1_tc128_vc262144_r0/xla,,gpu-a100-80gb-4/torch_eager_chunked_matmul_loop
14,20260616T031040Z,dense-synthetic,2026-06-16T03:10:40+00:00,Chansungs-MacBook-Pro-2.local,gpu-a100-80gb-4,primary_gpu_baseline,gpu,A100-80GB,4,A100:4:80GB,torch_eager_chunked_matmul_loop,torch_microbench,PyTorch eager chunk-loop projection matmul without XLA.,chunked_matmul_loop,eager,b16_L512_fsdp4_tp1_tc256_vc4096,4,1,16,512,b16/L512,320,262144,256,4096,256/4096,32,64,2048,,"fsdp=4,tp=1",3,10,0,0,-1,exp0014_gpu-a100-80gb-4_torch_eager_chunked_matmul_loop_b16_L512_fsdp4_tp1_tc256_vc4096_fsdp4_tp1_tc256_vc4096_r0,/Users/deep-diver/Developers/TUNIX-TRY/01-CCE/data/mesh_pathology_dense_a100_torch/runs/exp0014_gpu-a100-80gb-4_torch_eager_chunked_matmul_loop_b16_L512_fsdp4_tp1_tc256_vc4096_fsdp4_tp1_tc256_vc4096_r0,/Users/deep-diver/Developers/TUNIX-TRY/01-CCE/data/mesh_pathology_dense_a100_torch/runs/exp0014_gpu-a100-80gb-4_torch_eager_chunked_matmul_loop_b16_L512_fsdp4_tp1_tc256_vc4096_fsdp4_tp1_tc256_vc4096_r0/xla,,gpu-a100-80gb-4/torch_eager_chunked_matmul_loop
15,20260616T031040Z,dense-synthetic,2026-06-16T03:10:40+00:00,Chansungs-MacBook-Pro-2.local,gpu-a100-80gb-4,primary_gpu_baseline,gpu,A100-80GB,4,A100:4:80GB,torch_eager_chunked_matmul_loop,torch_microbench,PyTorch eager chunk-loop projection matmul without XLA.,chunked_matmul_loop,eager,b16_L512_fsdp4_tp1_tc256_vc8192,4,1,16,512,b16/L512,320,262144,256,8192,256/8192,32,32,1024,,"fsdp=4,tp=1",3,10,0,0,-1,exp0015_gpu-a100-80gb-4_torch_eager_chunked_matmul_loop_b16_L512_fsdp4_tp1_tc256_vc8192_fsdp4_tp1_tc256_vc8192_r0,/Users/deep-diver/Developers/TUNIX-TRY/01-CCE/data/mesh_pathology_dense_a100_torch/runs/exp0015_gpu-a100-80gb-4_torch_eager_chunked_matmul_loop_b16_L512_fsdp4_tp1_tc256_vc8192_fsdp4_tp1_tc256_vc8192_r0,/Users/deep-diver/Developers/TUNIX-TRY/01-CCE/data/mesh_pathology_dense_a100_torch/runs/exp0015_gpu-a100-80gb-4_torch_eager_chunked_matmul_loop_b16_L512_fsdp4_tp1_tc256_vc8192_fsdp4_tp1_tc256_vc8192_r0/xla,,gpu-a100-80gb-4/torch_eager_chunked_matmul_loop
16,20260616T031040Z,dense-synthetic,2026-06-16T03:10:40+00:00,Chansungs-MacBook-Pro-2.local,gpu-a100-80gb-4,primary_gpu_baseline,gpu,A100-80GB,4,A100:4:80GB,torch_eager_chunked_matmul_loop,torch_microbench,PyTorch eager chunk-loop projection matmul without XLA.,chunked_matmul_loop,eager,b16_L512_fsdp4_tp1_tc256_vc16384,4,1,16,512,b16/L512,320,262144,256,16384,256/16384,32,16,512,,"fsdp=4,tp=1",3,10,0,0,-1,exp0016_gpu-a100-80gb-4_torch_eager_chunked_matmul_loop_b16_L512_fsdp4_tp1_tc256_vc16384_fsdp4_tp1_tc256_vc16384_r0,/Users/deep-diver/Developers/TUNIX-TRY/01-CCE/data/mesh_pathology_dense_a100_torch/runs/exp0016_gpu-a100-80gb-4_torch_eager_chunked_matmul_loop_b16_L512_fsdp4_tp1_tc256_vc16384_fsdp4_tp1_tc256_vc16384_r0,/Users/deep-diver/Developers/TUNIX-TRY/01-CCE/data/mesh_pathology_dense_a100_torch/runs/exp0016_gpu-a100-80gb-4_torch_eager_chunked_matmul_loop_b16_L512_fsdp4_tp1_tc256_vc16384_fsdp4_tp1_tc256_vc16384_r0/xla,,gpu-a100-80gb-4/torch_eager_chunked_matmul_loop
17,20260616T031040Z,dense-synthetic,2026-06-16T03:10:40+00:00,Chansungs-MacBook-Pro-2.local,gpu-a100-80gb-4,primary_gpu_baseline,gpu,A100-80GB,4,A100:4:80GB,torch_eager_chunked_matmul_loop,torch_microbench,PyTorch eager chunk-loop projection matmul without XLA.,chunked_matmul_loop,eager,b16_L512_fsdp4_tp1_tc256_vc32768,4,1,16,512,b16/L512,320,262144,256,32768,256/32768,32,8,256,,"fsdp=4,tp=1",3,10,0,0,-1,exp0017_gpu-a100-80gb-4_torch_eager_chunked_matmul_loop_b16_L512_fsdp4_tp1_tc256_vc32768_fsdp4_tp1_tc256_vc32768_r0,/Users/deep-diver/Developers/TUNIX-TRY/01-CCE/data/mesh_pathology_dense_a100_torch/runs/exp0017_gpu-a100-80gb-4_torch_eager_chunked_matmul_loop_b16_L512_fsdp4_tp1_tc256_vc32768_fsdp4_tp1_tc256_vc32768_r0,/Users/deep-diver/Developers/TUNIX-TRY/01-CCE/data/mesh_pathology_dense_a100_torch/runs/exp0017_gpu-a100-80gb-4_torch_eager_chunked_matmul_loop_b16_L512_fsdp4_tp1_tc256_vc32768_fsdp4_tp1_tc256_vc32768_r0/xla,,gpu-a100-80gb-4/torch_eager_chunked_matmul_loop
18,20260616T031040Z,dense-synthetic,2026-06-16T03:10:40+00:00,Chansungs-MacBook-Pro-2.local,gpu-a100-80gb-4,primary_gpu_baseline,gpu,A100-80GB,4,A100:4:80GB,torch_eager_chunked_matmul_loop,torch_microbench,PyTorch eager chunk-loop projection matmul without XLA.,chunked_matmul_loop,eager,b16_L512_fsdp4_tp1_tc256_vc65536,4,1,16,512,b16/L512,320,262144,256,65536,256/65536,32,4,128,,"fsdp=4,tp=1",3,10,0,0,-1,exp0018_gpu-a100-80gb-4_torch_eager_chunked_matmul_loop_b16_L512_fsdp4_tp1_tc256_vc65536_fsdp4_tp1_tc256_vc65536_r0,/Users/deep-diver/Developers/TUNIX-TRY/01-CCE/data/mesh_pathology_dense_a100_torch/runs/exp0018_gpu-a100-80gb-4_torch_eager_chunked_matmul_loop_b16_L512_fsdp4_tp1_tc256_vc65536_fsdp4_tp1_tc256_vc65536_r0,/Users/deep-diver/Developers/TUNIX-TRY/01-CCE/data/mesh_pathology_dense_a100_torch/runs/exp0018_gpu-a100-80gb-4_torch_eager_chunked_matmul_loop_b16_L512_fsdp4_tp1_tc256_vc65536_fsdp4_tp1_tc256_vc65536_r0/xla,,gpu-a100-80gb-4/torch_eager_chunked_matmul_loop
19,20260616T031040Z,dense-synthetic,2026-06-16T03:10:40+00:00,Chansungs-MacBook-Pro-2.local,gpu-a100-80gb-4,primary_gpu_baseline,gpu,A100-80GB,4,A100:4:80GB,torch_eager_chunked_matmul_loop,torch_microbench,PyTorch eager chunk-loop projection matmul without XLA.,chunked_matmul_loop,eager,b16_L512_fsdp4_tp1_tc256_vc131072,4,1,16,512,b16/L512,320,262144,256,131072,256/131072,32,2,64,,"fsdp=4,tp=1",3,10,0,0,-1,exp0019_gpu-a100-80gb-4_torch_eager_chunked_matmul_loop_b16_L512_fsdp4_tp1_tc256_vc131072_fsdp4_tp1_tc256_vc131072_r0,/Users/deep-diver/Developers/TUNIX-TRY/01-CCE/data/mesh_pathology_dense_a100_torch/runs/exp0019_gpu-a100-80gb-4_torch_eager_chunked_matmul_loop_b16_L512_fsdp4_tp1_tc256_vc131072_fsdp4_tp1_tc256_vc131072_r0,/Users/deep-diver/Developers/TUNIX-TRY/01-CCE/data/mesh_pathology_dense_a100_torch/runs/exp0019_gpu-a100-80gb-4_torch_eager_chunked_matmul_loop_b16_L512_fsdp4_tp1_tc256_vc131072_fsdp4_tp1_tc256_vc131072_r0/xla,,gpu-a100-80gb-4/torch_eager_chunked_matmul_loop
20,20260616T031040Z,dense-synthetic,2026-06-16T03:10:40+00:00,Chansungs-MacBook-Pro-2.local,gpu-a100-80gb-4,primary_gpu_baseline,gpu,A100-80GB,4,A100:4:80GB,torch_eager_chunked_matmul_loop,torch_microbench,PyTorch eager chunk-loop projection matmul without XLA.,chunked_matmul_loop,eager,b16_L512_fsdp4_tp1_tc256_vc262144,4,1,16,512,b16/L512,320,262144,256,262144,256/262144,32,1,32,,"fsdp=4,tp=1",3,10,0,0,-1,exp0020_gpu-a100-80gb-4_torch_eager_chunked_matmul_loop_b16_L512_fsdp4_tp1_tc256_vc262144_fsdp4_tp1_tc256_vc262144_r0,/Users/deep-diver/Developers/TUNIX-TRY/01-CCE/data/mesh_pathology_dense_a100_torch/runs/exp0020_gpu-a100-80gb-4_torch_eager_chunked_matmul_loop_b16_L512_fsdp4_tp1_tc256_vc262144_fsdp4_tp1_tc256_vc262144_r0,/Users/deep-diver/Developers/TUNIX-TRY/01-CCE/data/mesh_pathology_dense_a100_torch/runs/exp0020_gpu-a100-80gb-4_torch_eager_chunked_matmul_loop_b16_L512_fsdp4_tp1_tc256_vc262144_fsdp4_tp1_tc256_vc262144_r0/xla,,gpu-a100-80gb-4/torch_eager_chunked_matmul_loop
21,20260616T031040Z,dense-synthetic,2026-06-16T03:10:40+00:00,Chansungs-MacBook-Pro-2.local,gpu-a100-80gb-4,primary_gpu_baseline,gpu,A100-80GB,4,A100:4:80GB,torch_eager_chunked_matmul_loop,torch_microbench,PyTorch eager chunk-loop projection matmul without XLA.,chunked_matmul_loop,eager,b16_L512_fsdp4_tp1_tc512_vc4096,4,1,16,512,b16/L512,320,262144,512,4096,512/4096,16,64,1024,,"fsdp=4,tp=1",3,10,0,0,-1,exp0021_gpu-a100-80gb-4_torch_eager_chunked_matmul_loop_b16_L512_fsdp4_tp1_tc512_vc4096_fsdp4_tp1_tc512_vc4096_r0,/Users/deep-diver/Developers/TUNIX-TRY/01-CCE/data/mesh_pathology_dense_a100_torch/runs/exp0021_gpu-a100-80gb-4_torch_eager_chunked_matmul_loop_b16_L512_fsdp4_tp1_tc512_vc4096_fsdp4_tp1_tc512_vc4096_r0,/Users/deep-diver/Developers/TUNIX-TRY/01-CCE/data/mesh_pathology_dense_a100_torch/runs/exp0021_gpu-a100-80gb-4_torch_eager_chunked_matmul_loop_b16_L512_fsdp4_tp1_tc512_vc4096_fsdp4_tp1_tc512_vc4096_r0/xla,,gpu-a100-80gb-4/torch_eager_chunked_matmul_loop
22,20260616T031040Z,dense-synthetic,2026-06-16T03:10:40+00:00,Chansungs-MacBook-Pro-2.local,gpu-a100-80gb-4,primary_gpu_baseline,gpu,A100-80GB,4,A100:4:80GB,torch_eager_chunked_matmul_loop,torch_microbench,PyTorch eager chunk-loop projection matmul without XLA.,chunked_matmul_loop,eager,b16_L512_fsdp4_tp1_tc512_vc8192,4,1,16,512,b16/L512,320,262144,512,8192,512/8192,16,32,512,,"fsdp=4,tp=1",3,10,0,0,-1,exp0022_gpu-a100-80gb-4_torch_eager_chunked_matmul_loop_b16_L512_fsdp4_tp1_tc512_vc8192_fsdp4_tp1_tc512_vc8192_r0,/Users/deep-diver/Developers/TUNIX-TRY/01-CCE/data/mesh_pathology_dense_a100_torch/runs/exp0022_gpu-a100-80gb-4_torch_eager_chunked_matmul_loop_b16_L512_fsdp4_tp1_tc512_vc8192_fsdp4_tp1_tc512_vc8192_r0,/Users/deep-diver/Developers/TUNIX-TRY/01-CCE/data/mesh_pathology_dense_a100_torch/runs/exp0022_gpu-a100-80gb-4_torch_eager_chunked_matmul_loop_b16_L512_fsdp4_tp1_tc512_vc8192_fsdp4_tp1_tc512_vc8192_r0/xla,,gpu-a100-80gb-4/torch_eager_chunked_matmul_loop
23,20260616T031040Z,dense-synthetic,2026-06-16T03:10:40+00:00,Chansungs-MacBook-Pro-2.local,gpu-a100-80gb-4,primary_gpu_baseline,gpu,A100-80GB,4,A100:4:80GB,torch_eager_chunked_matmul_loop,torch_microbench,PyTorch eager chunk-loop projection matmul without XLA.,chunked_matmul_loop,eager,b16_L512_fsdp4_tp1_tc512_vc16384,4,1,16,512,b16/L512,320,262144,512,16384,512/16384,16,16,256,,"fsdp=4,tp=1",3,10,0,0,-1,exp0023_gpu-a100-80gb-4_torch_eager_chunked_matmul_loop_b16_L512_fsdp4_tp1_tc512_vc16384_fsdp4_tp1_tc512_vc16384_r0,/Users/deep-diver/Developers/TUNIX-TRY/01-CCE/data/mesh_pathology_dense_a100_torch/runs/exp0023_gpu-a100-80gb-4_torch_eager_chunked_matmul_loop_b16_L512_fsdp4_tp1_tc512_vc16384_fsdp4_tp1_tc512_vc16384_r0,/Users/deep-diver/Developers/TUNIX-TRY/01-CCE/data/mesh_pathology_dense_a100_torch/runs/exp0023_gpu-a100-80gb-4_torch_eager_chunked_matmul_loop_b16_L512_fsdp4_tp1_tc512_vc16384_fsdp4_tp1_tc512_vc16384_r0/xla,,gpu-a100-80gb-4/torch_eager_chunked_matmul_loop
24,20260616T031040Z,dense-synthetic,2026-06-16T03:10:40+00:00,Chansungs-MacBook-Pro-2.local,gpu-a100-80gb-4,primary_gpu_baseline,gpu,A100-80GB,4,A100:4:80GB,torch_eager_chunked_matmul_loop,torch_microbench,PyTorch eager chunk-loop projection matmul without XLA.,chunked_matmul_loop,eager,b16_L512_fsdp4_tp1_tc512_vc32768,4,1,16,512,b16/L512,320,262144,512,32768,512/32768,16,8,128,,"fsdp=4,tp=1",3,10,0,0,-1,exp0024_gpu-a100-80gb-4_torch_eager_chunked_matmul_loop_b16_L512_fsdp4_tp1_tc512_vc32768_fsdp4_tp1_tc512_vc32768_r0,/Users/deep-diver/Developers/TUNIX-TRY/01-CCE/data/mesh_pathology_dense_a100_torch/runs/exp0024_gpu-a100-80gb-4_torch_eager_chunked_matmul_loop_b16_L512_fsdp4_tp1_tc512_vc32768_fsdp4_tp1_tc512_vc32768_r0,/Users/deep-diver/Developers/TUNIX-TRY/01-CCE/data/mesh_pathology_dense_a100_torch/runs/exp0024_gpu-a100-80gb-4_torch_eager_chunked_matmul_loop_b16_L512_fsdp4_tp1_tc512_vc32768_fsdp4_tp1_tc512_vc32768_r0/xla,,gpu-a100-80gb-4/torch_eager_chunked_matmul_loop
25,20260616T031040Z,dense-synthetic,2026-06-16T03:10:40+00:00,Chansungs-MacBook-Pro-2.local,gpu-a100-80gb-4,primary_gpu_baseline,gpu,A100-80GB,4,A100:4:80GB,torch_eager_chunked_matmul_loop,torch_microbench,PyTorch eager chunk-loop projection matmul without XLA.,chunked_matmul_loop,eager,b16_L512_fsdp4_tp1_tc512_vc65536,4,1,16,512,b16/L512,320,262144,512,65536,512/65536,16,4,64,,"fsdp=4,tp=1",3,10,0,0,-1,exp0025_gpu-a100-80gb-4_torch_eager_chunked_matmul_loop_b16_L512_fsdp4_tp1_tc512_vc65536_fsdp4_tp1_tc512_vc65536_r0,/Users/deep-diver/Developers/TUNIX-TRY/01-CCE/data/mesh_pathology_dense_a100_torch/runs/exp0025_gpu-a100-80gb-4_torch_eager_chunked_matmul_loop_b16_L512_fsdp4_tp1_tc512_vc65536_fsdp4_tp1_tc512_vc65536_r0,/Users/deep-diver/Developers/TUNIX-TRY/01-CCE/data/mesh_pathology_dense_a100_torch/runs/exp0025_gpu-a100-80gb-4_torch_eager_chunked_matmul_loop_b16_L512_fsdp4_tp1_tc512_vc65536_fsdp4_tp1_tc512_vc65536_r0/xla,,gpu-a100-80gb-4/torch_eager_chunked_matmul_loop
26,20260616T031040Z,dense-synthetic,2026-06-16T03:10:40+00:00,Chansungs-MacBook-Pro-2.local,gpu-a100-80gb-4,primary_gpu_baseline,gpu,A100-80GB,4,A100:4:80GB,torch_eager_chunked_matmul_loop,torch_microbench,PyTorch eager chunk-loop projection matmul without XLA.,chunked_matmul_loop,eager,b16_L512_fsdp4_tp1_tc512_vc131072,4,1,16,512,b16/L512,320,262144,512,131072,512/131072,16,2,32,,"fsdp=4,tp=1",3,10,0,0,-1,exp0026_gpu-a100-80gb-4_torch_eager_chunked_matmul_loop_b16_L512_fsdp4_tp1_tc512_vc131072_fsdp4_tp1_tc512_vc131072_r0,/Users/deep-diver/Developers/TUNIX-TRY/01-CCE/data/mesh_pathology_dense_a100_torch/runs/exp0026_gpu-a100-80gb-4_torch_eager_chunked_matmul_loop_b16_L512_fsdp4_tp1_tc512_vc131072_fsdp4_tp1_tc512_vc131072_r0,/Users/deep-diver/Developers/TUNIX-TRY/01-CCE/data/mesh_pathology_dense_a100_torch/runs/exp0026_gpu-a100-80gb-4_torch_eager_chunked_matmul_loop_b16_L512_fsdp4_tp1_tc512_vc131072_fsdp4_tp1_tc512_vc131072_r0/xla,,gpu-a100-80gb-4/torch_eager_chunked_matmul_loop
27,20260616T031040Z,dense-synthetic,2026-06-16T03:10:40+00:00,Chansungs-MacBook-Pro-2.local,gpu-a100-80gb-4,primary_gpu_baseline,gpu,A100-80GB,4,A100:4:80GB,torch_eager_chunked_matmul_loop,torch_microbench,PyTorch eager chunk-loop projection matmul without XLA.,chunked_matmul_loop,eager,b16_L512_fsdp4_tp1_tc512_vc262144,4,1,16,512,b16/L512,320,262144,512,262144,512/262144,16,1,16,,"fsdp=4,tp=1",3,10,0,0,-1,exp0027_gpu-a100-80gb-4_torch_eager_chunked_matmul_loop_b16_L512_fsdp4_tp1_tc512_vc262144_fsdp4_tp1_tc512_vc262144_r0,/Users/deep-diver/Developers/TUNIX-TRY/01-CCE/data/mesh_pathology_dense_a100_torch/runs/exp0027_gpu-a100-80gb-4_torch_eager_chunked_matmul_loop_b16_L512_fsdp4_tp1_tc512_vc262144_fsdp4_tp1_tc512_vc262144_r0,/Users/deep-diver/Developers/TUNIX-TRY/01-CCE/data/mesh_pathology_dense_a100_torch/runs/exp0027_gpu-a100-80gb-4_torch_eager_chunked_matmul_loop_b16_L512_fsdp4_tp1_tc512_vc262144_fsdp4_tp1_tc512_vc262144_r0/xla,,gpu-a100-80gb-4/torch_eager_chunked_matmul_loop
28,20260616T031040Z,dense-synthetic,2026-06-16T03:10:40+00:00,Chansungs-MacBook-Pro-2.local,gpu-a100-80gb-4,primary_gpu_baseline,gpu,A100-80GB,4,A100:4:80GB,torch_eager_chunked_matmul_loop,torch_microbench,PyTorch eager chunk-loop projection matmul without XLA.,chunked_matmul_loop,eager,b16_L512_fsdp4_tp1_tc1024_vc4096,4,1,16,512,b16/L512,320,262144,1024,4096,1024/4096,8,64,512,,"fsdp=4,tp=1",3,10,0,0,-1,exp0028_gpu-a100-80gb-4_torch_eager_chunked_matmul_loop_b16_L512_fsdp4_tp1_tc1024_vc4096_fsdp4_tp1_tc1024_vc4096_r0,/Users/deep-diver/Developers/TUNIX-TRY/01-CCE/data/mesh_pathology_dense_a100_torch/runs/exp0028_gpu-a100-80gb-4_torch_eager_chunked_matmul_loop_b16_L512_fsdp4_tp1_tc1024_vc4096_fsdp4_tp1_tc1024_vc4096_r0,/Users/deep-diver/Developers/TUNIX-TRY/01-CCE/data/mesh_pathology_dense_a100_torch/runs/exp0028_gpu-a100-80gb-4_torch_eager_chunked_matmul_loop_b16_L512_fsdp4_tp1_tc1024_vc4096_fsdp4_tp1_tc1024_vc4096_r0/xla,,gpu-a100-80gb-4/torch_eager_chunked_matmul_loop
29,20260616T031040Z,dense-synthetic,2026-06-16T03:10:40+00:00,Chansungs-MacBook-Pro-2.local,gpu-a100-80gb-4,primary_gpu_baseline,gpu,A100-80GB,4,A100:4:80GB,torch_eager_chunked_matmul_loop,torch_microbench,PyTorch eager chunk-loop projection matmul without XLA.,chunked_matmul_loop,eager,b16_L512_fsdp4_tp1_tc1024_vc8192,4,1,16,512,b16/L512,320,262144,1024,8192,1024/8192,8,32,256,,"fsdp=4,tp=1",3,10,0,0,-1,exp0029_gpu-a100-80gb-4_torch_eager_chunked_matmul_loop_b16_L512_fsdp4_tp1_tc1024_vc8192_fsdp4_tp1_tc1024_vc8192_r0,/Users/deep-diver/Developers/TUNIX-TRY/01-CCE/data/mesh_pathology_dense_a100_torch/runs/exp0029_gpu-a100-80gb-4_torch_eager_chunked_matmul_loop_b16_L512_fsdp4_tp1_tc1024_vc8192_fsdp4_tp1_tc1024_vc8192_r0,/Users/deep-diver/Developers/TUNIX-TRY/01-CCE/data/mesh_pathology_dense_a100_torch/runs/exp0029_gpu-a100-80gb-4_torch_eager_chunked_matmul_loop_b16_L512_fsdp4_tp1_tc1024_vc8192_fsdp4_tp1_tc1024_vc8192_r0/xla,,gpu-a100-80gb-4/torch_eager_chunked_matmul_loop
30,20260616T031040Z,dense-synthetic,2026-06-16T03:10:40+00:00,Chansungs-MacBook-Pro-2.local,gpu-a100-80gb-4,primary_gpu_baseline,gpu,A100-80GB,4,A100:4:80GB,torch_eager_chunked_matmul_loop,torch_microbench,PyTorch eager chunk-loop projection matmul without XLA.,chunked_matmul_loop,eager,b16_L512_fsdp4_tp1_tc1024_vc16384,4,1,16,512,b16/L512,320,262144,1024,16384,1024/16384,8,16,128,,"fsdp=4,tp=1",3,10,0,0,-1,exp0030_gpu-a100-80gb-4_torch_eager_chunked_matmul_loop_b16_L512_fsdp4_tp1_tc1024_vc16384_fsdp4_tp1_tc1024_vc16384_r0,/Users/deep-diver/Developers/TUNIX-TRY/01-CCE/data/mesh_pathology_dense_a100_torch/runs/exp0030_gpu-a100-80gb-4_torch_eager_chunked_matmul_loop_b16_L512_fsdp4_tp1_tc1024_vc16384_fsdp4_tp1_tc1024_vc16384_r0,/Users/deep-diver/Developers/TUNIX-TRY/01-CCE/data/mesh_pathology_dense_a100_torch/runs/exp0030_gpu-a100-80gb-4_torch_eager_chunked_matmul_loop_b16_L512_fsdp4_tp1_tc1024_vc16384_fsdp4_tp1_tc1024_vc16384_r0/xla,,gpu-a100-80gb-4/torch_eager_chunked_matmul_loop
31,20260616T031040Z,dense-synthetic,2026-06-16T03:10:40+00:00,Chansungs-MacBook-Pro-2.local,gpu-a100-80gb-4,primary_gpu_baseline,gpu,A100-80GB,4,A100:4:80GB,torch_eager_chunked_matmul_loop,torch_microbench,PyTorch eager chunk-loop projection matmul without XLA.,chunked_matmul_loop,eager,b16_L512_fsdp4_tp1_tc1024_vc32768,4,1,16,512,b16/L512,320,262144,1024,32768,1024/32768,8,8,64,,"fsdp=4,tp=1",3,10,0,0,-1,exp0031_gpu-a100-80gb-4_torch_eager_chunked_matmul_loop_b16_L512_fsdp4_tp1_tc1024_vc32768_fsdp4_tp1_tc1024_vc32768_r0,/Users/deep-diver/Developers/TUNIX-TRY/01-CCE/data/mesh_pathology_dense_a100_torch/runs/exp0031_gpu-a100-80gb-4_torch_eager_chunked_matmul_loop_b16_L512_fsdp4_tp1_tc1024_vc32768_fsdp4_tp1_tc1024_vc32768_r0,/Users/deep-diver/Developers/TUNIX-TRY/01-CCE/data/mesh_pathology_dense_a100_torch/runs/exp0031_gpu-a100-80gb-4_torch_eager_chunked_matmul_loop_b16_L512_fsdp4_tp1_tc1024_vc32768_fsdp4_tp1_tc1024_vc32768_r0/xla,,gpu-a100-80gb-4/torch_eager_chunked_matmul_loop
32,20260616T031040Z,dense-synthetic,2026-06-16T03:10:40+00:00,Chansungs-MacBook-Pro-2.local,gpu-a100-80gb-4,primary_gpu_baseline,gpu,A100-80GB,4,A100:4:80GB,torch_eager_chunked_matmul_loop,torch_microbench,PyTorch eager chunk-loop projection matmul without XLA.,chunked_matmul_loop,eager,b16_L512_fsdp4_tp1_tc1024_vc65536,4,1,16,512,b16/L512,320,262144,1024,65536,1024/65536,8,4,32,,"fsdp=4,tp=1",3,10,0,0,-1,exp0032_gpu-a100-80gb-4_torch_eager_chunked_matmul_loop_b16_L512_fsdp4_tp1_tc1024_vc65536_fsdp4_tp1_tc1024_vc65536_r0,/Users/deep-diver/Developers/TUNIX-TRY/01-CCE/data/mesh_pathology_dense_a100_torch/runs/exp0032_gpu-a100-80gb-4_torch_eager_chunked_matmul_loop_b16_L512_fsdp4_tp1_tc1024_vc65536_fsdp4_tp1_tc1024_vc65536_r0,/Users/deep-diver/Developers/TUNIX-TRY/01-CCE/data/mesh_pathology_dense_a100_torch/runs/exp0032_gpu-a100-80gb-4_torch_eager_chunked_matmul_loop_b16_L512_fsdp4_tp1_tc1024_vc65536_fsdp4_tp1_tc1024_vc65536_r0/xla,,gpu-a100-80gb-4/torch_eager_chunked_matmul_loop
33,20260616T031040Z,dense-synthetic,2026-06-16T03:10:40+00:00,Chansungs-MacBook-Pro-2.local,gpu-a100-80gb-4,primary_gpu_baseline,gpu,A100-80GB,4,A100:4:80GB,torch_eager_chunked_matmul_loop,torch_microbench,PyTorch eager chunk-loop projection matmul without XLA.,chunked_matmul_loop,eager,b16_L512_fsdp4_tp1_tc1024_vc131072,4,1,16,512,b16/L512,320,262144,1024,131072,1024/131072,8,2,16,,"fsdp=4,tp=1",3,10,0,0,-1,exp0033_gpu-a100-80gb-4_torch_eager_chunked_matmul_loop_b16_L512_fsdp4_tp1_tc1024_vc131072_fsdp4_tp1_tc1024_vc131072_r0,/Users/deep-diver/Developers/TUNIX-TRY/01-CCE/data/mesh_pathology_dense_a100_torch/runs/exp0033_gpu-a100-80gb-4_torch_eager_chunked_matmul_loop_b16_L512_fsdp4_tp1_tc1024_vc131072_fsdp4_tp1_tc1024_vc131072_r0,/Users/deep-diver/Developers/TUNIX-TRY/01-CCE/data/mesh_pathology_dense_a100_torch/runs/exp0033_gpu-a100-80gb-4_torch_eager_chunked_matmul_loop_b16_L512_fsdp4_tp1_tc1024_vc131072_fsdp4_tp1_tc1024_vc131072_r0/xla,,gpu-a100-80gb-4/torch_eager_chunked_matmul_loop
34,20260616T031040Z,dense-synthetic,2026-06-16T03:10:40+00:00,Chansungs-MacBook-Pro-2.local,gpu-a100-80gb-4,primary_gpu_baseline,gpu,A100-80GB,4,A100:4:80GB,torch_eager_chunked_matmul_loop,torch_microbench,PyTorch eager chunk-loop projection matmul without XLA.,chunked_matmul_loop,eager,b16_L512_fsdp4_tp1_tc1024_vc262144,4,1,16,512,b16/L512,320,262144,1024,262144,1024/262144,8,1,8,,"fsdp=4,tp=1",3,10,0,0,-1,exp0034_gpu-a100-80gb-4_torch_eager_chunked_matmul_loop_b16_L512_fsdp4_tp1_tc1024_vc262144_fsdp4_tp1_tc1024_vc262144_r0,/Users/deep-diver/Developers/TUNIX-TRY/01-CCE/data/mesh_pathology_dense_a100_torch/runs/exp0034_gpu-a100-80gb-4_torch_eager_chunked_matmul_loop_b16_L512_fsdp4_tp1_tc1024_vc262144_fsdp4_tp1_tc1024_vc262144_r0,/Users/deep-diver/Developers/TUNIX-TRY/01-CCE/data/mesh_pathology_dense_a100_torch/runs/exp0034_gpu-a100-80gb-4_torch_eager_chunked_matmul_loop_b16_L512_fsdp4_tp1_tc1024_vc262144_fsdp4_tp1_tc1024_vc262144_r0/xla,,gpu-a100-80gb-4/torch_eager_chunked_matmul_loop
35,20260616T031040Z,dense-synthetic,2026-06-16T03:10:40+00:00,Chansungs-MacBook-Pro-2.local,gpu-a100-80gb-4,primary_gpu_baseline,gpu,A100-80GB,4,A100:4:80GB,torch_eager_chunked_matmul_loop,torch_microbench,PyTorch eager chunk-loop projection matmul without XLA.,chunked_matmul_loop,eager,b16_L512_fsdp2_tp2_tc64_vc4096,2,2,16,512,b16/L512,320,262144,64,4096,64/4096,128,64,8192,,"fsdp=2,tp=2",3,10,0,0,-1,exp0035_gpu-a100-80gb-4_torch_eager_chunked_matmul_loop_b16_L512_fsdp2_tp2_tc64_vc4096_fsdp2_tp2_tc64_vc4096_r0,/Users/deep-diver/Developers/TUNIX-TRY/01-CCE/data/mesh_pathology_dense_a100_torch/runs/exp0035_gpu-a100-80gb-4_torch_eager_chunked_matmul_loop_b16_L512_fsdp2_tp2_tc64_vc4096_fsdp2_tp2_tc64_vc4096_r0,/Users/deep-diver/Developers/TUNIX-TRY/01-CCE/data/mesh_pathology_dense_a100_torch/runs/exp0035_gpu-a100-80gb-4_torch_eager_chunked_matmul_loop_b16_L512_fsdp2_tp2_tc64_vc4096_fsdp2_tp2_tc64_vc4096_r0/xla,,gpu-a100-80gb-4/torch_eager_chunked_matmul_loop
36,20260616T031040Z,dense-synthetic,2026-06-16T03:10:40+00:00,Chansungs-MacBook-Pro-2.local,gpu-a100-80gb-4,primary_gpu_baseline,gpu,A100-80GB,4,A100:4:80GB,torch_eager_chunked_matmul_loop,torch_microbench,PyTorch eager chunk-loop projection matmul without XLA.,chunked_matmul_loop,eager,b16_L512_fsdp2_tp2_tc64_vc8192,2,2,16,512,b16/L512,320,262144,64,8192,64/8192,128,32,4096,,"fsdp=2,tp=2",3,10,0,0,-1,exp0036_gpu-a100-80gb-4_torch_eager_chunked_matmul_loop_b16_L512_fsdp2_tp2_tc64_vc8192_fsdp2_tp2_tc64_vc8192_r0,/Users/deep-diver/Developers/TUNIX-TRY/01-CCE/data/mesh_pathology_dense_a100_torch/runs/exp0036_gpu-a100-80gb-4_torch_eager_chunked_matmul_loop_b16_L512_fsdp2_tp2_tc64_vc8192_fsdp2_tp2_tc64_vc8192_r0,/Users/deep-diver/Developers/TUNIX-TRY/01-CCE/data/mesh_pathology_dense_a100_torch/runs/exp0036_gpu-a100-80gb-4_torch_eager_chunked_matmul_loop_b16_L512_fsdp2_tp2_tc64_vc8192_fsdp2_tp2_tc64_vc8192_r0/xla,,gpu-a100-80gb-4/torch_eager_chunked_matmul_loop
37,20260616T031040Z,dense-synthetic,2026-06-16T03:10:40+00:00,Chansungs-MacBook-Pro-2.local,gpu-a100-80gb-4,primary_gpu_baseline,gpu,A100-80GB,4,A100:4:80GB,torch_eager_chunked_matmul_loop,torch_microbench,PyTorch eager chunk-loop projection matmul without XLA.,chunked_matmul_loop,eager,b16_L512_fsdp2_tp2_tc64_vc16384,2,2,16,512,b16/L512,320,262144,64,16384,64/16384,128,16,2048,,"fsdp=2,tp=2",3,10,0,0,-1,exp0037_gpu-a100-80gb-4_torch_eager_chunked_matmul_loop_b16_L512_fsdp2_tp2_tc64_vc16384_fsdp2_tp2_tc64_vc16384_r0,/Users/deep-diver/Developers/TUNIX-TRY/01-CCE/data/mesh_pathology_dense_a100_torch/runs/exp0037_gpu-a100-80gb-4_torch_eager_chunked_matmul_loop_b16_L512_fsdp2_tp2_tc64_vc16384_fsdp2_tp2_tc64_vc16384_r0,/Users/deep-diver/Developers/TUNIX-TRY/01-CCE/data/mesh_pathology_dense_a100_torch/runs/exp0037_gpu-a100-80gb-4_torch_eager_chunked_matmul_loop_b16_L512_fsdp2_tp2_tc64_vc16384_fsdp2_tp2_tc64_vc16384_r0/xla,,gpu-a100-80gb-4/torch_eager_chunked_matmul_loop
38,20260616T031040Z,dense-synthetic,2026-06-16T03:10:40+00:00,Chansungs-MacBook-Pro-2.local,gpu-a100-80gb-4,primary_gpu_baseline,gpu,A100-80GB,4,A100:4:80GB,torch_eager_chunked_matmul_loop,torch_microbench,PyTorch eager chunk-loop projection matmul without XLA.,chunked_matmul_loop,eager,b16_L512_fsdp2_tp2_tc64_vc32768,2,2,16,512,b16/L512,320,262144,64,32768,64/32768,128,8,1024,,"fsdp=2,tp=2",3,10,0,0,-1,exp0038_gpu-a100-80gb-4_torch_eager_chunked_matmul_loop_b16_L512_fsdp2_tp2_tc64_vc32768_fsdp2_tp2_tc64_vc32768_r0,/Users/deep-diver/Developers/TUNIX-TRY/01-CCE/data/mesh_pathology_dense_a100_torch/runs/exp0038_gpu-a100-80gb-4_torch_eager_chunked_matmul_loop_b16_L512_fsdp2_tp2_tc64_vc32768_fsdp2_tp2_tc64_vc32768_r0,/Users/deep-diver/Developers/TUNIX-TRY/01-CCE/data/mesh_pathology_dense_a100_torch/runs/exp0038_gpu-a100-80gb-4_torch_eager_chunked_matmul_loop_b16_L512_fsdp2_tp2_tc64_vc32768_fsdp2_tp2_tc64_vc32768_r0/xla,,gpu-a100-80gb-4/torch_eager_chunked_matmul_loop
39,20260616T031040Z,dense-synthetic,2026-06-16T03:10:40+00:00,Chansungs-MacBook-Pro-2.local,gpu-a100-80gb-4,primary_gpu_baseline,gpu,A100-80GB,4,A100:4:80GB,torch_eager_chunked_matmul_loop,torch_microbench,PyTorch eager chunk-loop projection matmul without XLA.,chunked_matmul_loop,eager,b16_L512_fsdp2_tp2_tc64_vc65536,2,2,16,512,b16/L512,320,262144,64,65536,64/65536,128,4,512,,"fsdp=2,tp=2",3,10,0,0,-1,exp0039_gpu-a100-80gb-4_torch_eager_chunked_matmul_loop_b16_L512_fsdp2_tp2_tc64_vc65536_fsdp2_tp2_tc64_vc65536_r0,/Users/deep-diver/Developers/TUNIX-TRY/01-CCE/data/mesh_pathology_dense_a100_torch/runs/exp0039_gpu-a100-80gb-4_torch_eager_chunked_matmul_loop_b16_L512_fsdp2_tp2_tc64_vc65536_fsdp2_tp2_tc64_vc65536_r0,/Users/deep-diver/Developers/TUNIX-TRY/01-CCE/data/mesh_pathology_dense_a100_torch/runs/exp0039_gpu-a100-80gb-4_torch_eager_chunked_matmul_loop_b16_L512_fsdp2_tp2_tc64_vc65536_fsdp2_tp2_tc64_vc65536_r0/xla,,gpu-a100-80gb-4/torch_eager_chunked_matmul_loop
40,20260616T031040Z,dense-synthetic,2026-06-16T03:10:40+00:00,Chansungs-MacBook-Pro-2.local,gpu-a100-80gb-4,primary_gpu_baseline,gpu,A100-80GB,4,A100:4:80GB,torch_eager_chunked_matmul_loop,torch_microbench,PyTorch eager chunk-loop projection matmul without XLA.,chunked_matmul_loop,eager,b16_L512_fsdp2_tp2_tc64_vc131072,2,2,16,512,b16/L512,320,262144,64,131072,64/131072,128,2,256,,"fsdp=2,tp=2",3,10,0,0,-1,exp0040_gpu-a100-80gb-4_torch_eager_chunked_matmul_loop_b16_L512_fsdp2_tp2_tc64_vc131072_fsdp2_tp2_tc64_vc131072_r0,/Users/deep-diver/Developers/TUNIX-TRY/01-CCE/data/mesh_pathology_dense_a100_torch/runs/exp0040_gpu-a100-80gb-4_torch_eager_chunked_matmul_loop_b16_L512_fsdp2_tp2_tc64_vc131072_fsdp2_tp2_tc64_vc131072_r0,/Users/deep-diver/Developers/TUNIX-TRY/01-CCE/data/mesh_pathology_dense_a100_torch/runs/exp0040_gpu-a100-80gb-4_torch_eager_chunked_matmul_loop_b16_L512_fsdp2_tp2_tc64_vc131072_fsdp2_tp2_tc64_vc131072_r0/xla,,gpu-a100-80gb-4/torch_eager_chunked_matmul_loop
41,20260616T031040Z,dense-synthetic,2026-06-16T03:10:40+00:00,Chansungs-MacBook-Pro-2.local,gpu-a100-80gb-4,primary_gpu_baseline,gpu,A100-80GB,4,A100:4:80GB,torch_eager_chunked_matmul_loop,torch_microbench,PyTorch eager chunk-loop projection matmul without XLA.,chunked_matmul_loop,eager,b16_L512_fsdp2_tp2_tc64_vc262144,2,2,16,512,b16/L512,320,262144,64,262144,64/262144,128,1,128,,"fsdp=2,tp=2",3,10,0,0,-1,exp0041_gpu-a100-80gb-4_torch_eager_chunked_matmul_loop_b16_L512_fsdp2_tp2_tc64_vc262144_fsdp2_tp2_tc64_vc262144_r0,/Users/deep-diver/Developers/TUNIX-TRY/01-CCE/data/mesh_pathology_dense_a100_torch/runs/exp0041_gpu-a100-80gb-4_torch_eager_chunked_matmul_loop_b16_L512_fsdp2_tp2_tc64_vc262144_fsdp2_tp2_tc64_vc262144_r0,/Users/deep-diver/Developers/TUNIX-TRY/01-CCE/data/mesh_pathology_dense_a100_torch/runs/exp0041_gpu-a100-80gb-4_torch_eager_chunked_matmul_loop_b16_L512_fsdp2_tp2_tc64_vc262144_fsdp2_tp2_tc64_vc262144_r0/xla,,gpu-a100-80gb-4/torch_eager_chunked_matmul_loop
42,20260616T031040Z,dense-synthetic,2026-06-16T03:10:40+00:00,Chansungs-MacBook-Pro-2.local,gpu-a100-80gb-4,primary_gpu_baseline,gpu,A100-80GB,4,A100:4:80GB,torch_eager_chunked_matmul_loop,torch_microbench,PyTorch eager chunk-loop projection matmul without XLA.,chunked_matmul_loop,eager,b16_L512_fsdp2_tp2_tc128_vc4096,2,2,16,512,b16/L512,320,262144,128,4096,128/4096,64,64,4096,,"fsdp=2,tp=2",3,10,0,0,-1,exp0042_gpu-a100-80gb-4_torch_eager_chunked_matmul_loop_b16_L512_fsdp2_tp2_tc128_vc4096_fsdp2_tp2_tc128_vc4096_r0,/Users/deep-diver/Developers/TUNIX-TRY/01-CCE/data/mesh_pathology_dense_a100_torch/runs/exp0042_gpu-a100-80gb-4_torch_eager_chunked_matmul_loop_b16_L512_fsdp2_tp2_tc128_vc4096_fsdp2_tp2_tc128_vc4096_r0,/Users/deep-diver/Developers/TUNIX-TRY/01-CCE/data/mesh_pathology_dense_a100_torch/runs/exp0042_gpu-a100-80gb-4_torch_eager_chunked_matmul_loop_b16_L512_fsdp2_tp2_tc128_vc4096_fsdp2_tp2_tc128_vc4096_r0/xla,,gpu-a100-80gb-4/torch_eager_chunked_matmul_loop
43,20260616T031040Z,dense-synthetic,2026-06-16T03:10:40+00:00,Chansungs-MacBook-Pro-2.local,gpu-a100-80gb-4,primary_gpu_baseline,gpu,A100-80GB,4,A100:4:80GB,torch_eager_chunked_matmul_loop,torch_microbench,PyTorch eager chunk-loop projection matmul without XLA.,chunked_matmul_loop,eager,b16_L512_fsdp2_tp2_tc128_vc8192,2,2,16,512,b16/L512,320,262144,128,8192,128/8192,64,32,2048,,"fsdp=2,tp=2",3,10,0,0,-1,exp0043_gpu-a100-80gb-4_torch_eager_chunked_matmul_loop_b16_L512_fsdp2_tp2_tc128_vc8192_fsdp2_tp2_tc128_vc8192_r0,/Users/deep-diver/Developers/TUNIX-TRY/01-CCE/data/mesh_pathology_dense_a100_torch/runs/exp0043_gpu-a100-80gb-4_torch_eager_chunked_matmul_loop_b16_L512_fsdp2_tp2_tc128_vc8192_fsdp2_tp2_tc128_vc8192_r0,/Users/deep-diver/Developers/TUNIX-TRY/01-CCE/data/mesh_pathology_dense_a100_torch/runs/exp0043_gpu-a100-80gb-4_torch_eager_chunked_matmul_loop_b16_L512_fsdp2_tp2_tc128_vc8192_fsdp2_tp2_tc128_vc8192_r0/xla,,gpu-a100-80gb-4/torch_eager_chunked_matmul_loop
44,20260616T031040Z,dense-synthetic,2026-06-16T03:10:40+00:00,Chansungs-MacBook-Pro-2.local,gpu-a100-80gb-4,primary_gpu_baseline,gpu,A100-80GB,4,A100:4:80GB,torch_eager_chunked_matmul_loop,torch_microbench,PyTorch eager chunk-loop projection matmul without XLA.,chunked_matmul_loop,eager,b16_L512_fsdp2_tp2_tc128_vc16384,2,2,16,512,b16/L512,320,262144,128,16384,128/16384,64,16,1024,,"fsdp=2,tp=2",3,10,0,0,-1,exp0044_gpu-a100-80gb-4_torch_eager_chunked_matmul_loop_b16_L512_fsdp2_tp2_tc128_vc16384_fsdp2_tp2_tc128_vc16384_r0,/Users/deep-diver/Developers/TUNIX-TRY/01-CCE/data/mesh_pathology_dense_a100_torch/runs/exp0044_gpu-a100-80gb-4_torch_eager_chunked_matmul_loop_b16_L512_fsdp2_tp2_tc128_vc16384_fsdp2_tp2_tc128_vc16384_r0,/Users/deep-diver/Developers/TUNIX-TRY/01-CCE/data/mesh_pathology_dense_a100_torch/runs/exp0044_gpu-a100-80gb-4_torch_eager_chunked_matmul_loop_b16_L512_fsdp2_tp2_tc128_vc16384_fsdp2_tp2_tc128_vc16384_r0/xla,,gpu-a100-80gb-4/torch_eager_chunked_matmul_loop
45,20260616T031040Z,dense-synthetic,2026-06-16T03:10:40+00:00,Chansungs-MacBook-Pro-2.local,gpu-a100-80gb-4,primary_gpu_baseline,gpu,A100-80GB,4,A100:4:80GB,torch_eager_chunked_matmul_loop,torch_microbench,PyTorch eager chunk-loop projection matmul without XLA.,chunked_matmul_loop,eager,b16_L512_fsdp2_tp2_tc128_vc32768,2,2,16,512,b16/L512,320,262144,128,32768,128/32768,64,8,512,,"fsdp=2,tp=2",3,10,0,0,-1,exp0045_gpu-a100-80gb-4_torch_eager_chunked_matmul_loop_b16_L512_fsdp2_tp2_tc128_vc32768_fsdp2_tp2_tc128_vc32768_r0,/Users/deep-diver/Developers/TUNIX-TRY/01-CCE/data/mesh_pathology_dense_a100_torch/runs/exp0045_gpu-a100-80gb-4_torch_eager_chunked_matmul_loop_b16_L512_fsdp2_tp2_tc128_vc32768_fsdp2_tp2_tc128_vc32768_r0,/Users/deep-diver/Developers/TUNIX-TRY/01-CCE/data/mesh_pathology_dense_a100_torch/runs/exp0045_gpu-a100-80gb-4_torch_eager_chunked_matmul_loop_b16_L512_fsdp2_tp2_tc128_vc32768_fsdp2_tp2_tc128_vc32768_r0/xla,,gpu-a100-80gb-4/torch_eager_chunked_matmul_loop
46,20260616T031040Z,dense-synthetic,2026-06-16T03:10:40+00:00,Chansungs-MacBook-Pro-2.local,gpu-a100-80gb-4,primary_gpu_baseline,gpu,A100-80GB,4,A100:4:80GB,torch_eager_chunked_matmul_loop,torch_microbench,PyTorch eager chunk-loop projection matmul without XLA.,chunked_matmul_loop,eager,b16_L512_fsdp2_tp2_tc128_vc65536,2,2,16,512,b16/L512,320,262144,128,65536,128/65536,64,4,256,,"fsdp=2,tp=2",3,10,0,0,-1,exp0046_gpu-a100-80gb-4_torch_eager_chunked_matmul_loop_b16_L512_fsdp2_tp2_tc128_vc65536_fsdp2_tp2_tc128_vc65536_r0,/Users/deep-diver/Developers/TUNIX-TRY/01-CCE/data/mesh_pathology_dense_a100_torch/runs/exp0046_gpu-a100-80gb-4_torch_eager_chunked_matmul_loop_b16_L512_fsdp2_tp2_tc128_vc65536_fsdp2_tp2_tc128_vc65536_r0,/Users/deep-diver/Developers/TUNIX-TRY/01-CCE/data/mesh_pathology_dense_a100_torch/runs/exp0046_gpu-a100-80gb-4_torch_eager_chunked_matmul_loop_b16_L512_fsdp2_tp2_tc128_vc65536_fsdp2_tp2_tc128_vc65536_r0/xla,,gpu-a100-80gb-4/torch_eager_chunked_matmul_loop
47,20260616T031040Z,dense-synthetic,2026-06-16T03:10:40+00:00,Chansungs-MacBook-Pro-2.local,gpu-a100-80gb-4,primary_gpu_baseline,gpu,A100-80GB,4,A100:4:80GB,torch_eager_chunked_matmul_loop,torch_microbench,PyTorch eager chunk-loop projection matmul without XLA.,chunked_matmul_loop,eager,b16_L512_fsdp2_tp2_tc128_vc131072,2,2,16,512,b16/L512,320,262144,128,131072,128/131072,64,2,128,,"fsdp=2,tp=2",3,10,0,0,-1,exp0047_gpu-a100-80gb-4_torch_eager_chunked_matmul_loop_b16_L512_fsdp2_tp2_tc128_vc131072_fsdp2_tp2_tc128_vc131072_r0,/Users/deep-diver/Developers/TUNIX-TRY/01-CCE/data/mesh_pathology_dense_a100_torch/runs/exp0047_gpu-a100-80gb-4_torch_eager_chunked_matmul_loop_b16_L512_fsdp2_tp2_tc128_vc131072_fsdp2_tp2_tc128_vc131072_r0,/Users/deep-diver/Developers/TUNIX-TRY/01-CCE/data/mesh_pathology_dense_a100_torch/runs/exp0047_gpu-a100-80gb-4_torch_eager_chunked_matmul_loop_b16_L512_fsdp2_tp2_tc128_vc131072_fsdp2_tp2_tc128_vc131072_r0/xla,,gpu-a100-80gb-4/torch_eager_chunked_matmul_loop
48,20260616T031040Z,dense-synthetic,2026-06-16T03:10:40+00:00,Chansungs-MacBook-Pro-2.local,gpu-a100-80gb-4,primary_gpu_baseline,gpu,A100-80GB,4,A100:4:80GB,torch_eager_chunked_matmul_loop,torch_microbench,PyTorch eager chunk-loop projection matmul without XLA.,chunked_matmul_loop,eager,b16_L512_fsdp2_tp2_tc128_vc262144,2,2,16,512,b16/L512,320,262144,128,262144,128/262144,64,1,64,,"fsdp=2,tp=2",3,10,0,0,-1,exp0048_gpu-a100-80gb-4_torch_eager_chunked_matmul_loop_b16_L512_fsdp2_tp2_tc128_vc262144_fsdp2_tp2_tc128_vc262144_r0,/Users/deep-diver/Developers/TUNIX-TRY/01-CCE/data/mesh_pathology_dense_a100_torch/runs/exp0048_gpu-a100-80gb-4_torch_eager_chunked_matmul_loop_b16_L512_fsdp2_tp2_tc128_vc262144_fsdp2_tp2_tc128_vc262144_r0,/Users/deep-diver/Developers/TUNIX-TRY/01-CCE/data/mesh_pathology_dense_a100_torch/runs/exp0048_gpu-a100-80gb-4_torch_eager_chunked_matmul_loop_b16_L512_fsdp2_tp2_tc128_vc262144_fsdp2_tp2_tc128_vc262144_r0/xla,,gpu-a100-80gb-4/torch_eager_chunked_matmul_loop
49,20260616T031040Z,dense-synthetic,2026-06-16T03:10:40+00:00,Chansungs-MacBook-Pro-2.local,gpu-a100-80gb-4,primary_gpu_baseline,gpu,A100-80GB,4,A100:4:80GB,torch_eager_chunked_matmul_loop,torch_microbench,PyTorch eager chunk-loop projection matmul without XLA.,chunked_matmul_loop,eager,b16_L512_fsdp2_tp2_tc256_vc4096,2,2,16,512,b16/L512,320,262144,256,4096,256/4096,32,64,2048,,"fsdp=2,tp=2",3,10,0,0,-1,exp0049_gpu-a100-80gb-4_torch_eager_chunked_matmul_loop_b16_L512_fsdp2_tp2_tc256_vc4096_fsdp2_tp2_tc256_vc4096_r0,/Users/deep-diver/Developers/TUNIX-TRY/01-CCE/data/mesh_pathology_dense_a100_torch/runs/exp0049_gpu-a100-80gb-4_torch_eager_chunked_matmul_loop_b16_L512_fsdp2_tp2_tc256_vc4096_fsdp2_tp2_tc256_vc4096_r0,/Users/deep-diver/Developers/TUNIX-TRY/01-CCE/data/mesh_pathology_dense_a100_torch/runs/exp0049_gpu-a100-80gb-4_torch_eager_chunked_matmul_loop_b16_L512_fsdp2_tp2_tc256_vc4096_fsdp2_tp2_tc256_vc4096_r0/xla,,gpu-a100-80gb-4/torch_eager_chunked_matmul_loop
50,20260616T031040Z,dense-synthetic,2026-06-16T03:10:40+00:00,Chansungs-MacBook-Pro-2.local,gpu-a100-80gb-4,primary_gpu_baseline,gpu,A100-80GB,4,A100:4:80GB,torch_eager_chunked_matmul_loop,torch_microbench,PyTorch eager chunk-loop projection matmul without XLA.,chunked_matmul_loop,eager,b16_L512_fsdp2_tp2_tc256_vc8192,2,2,16,512,b16/L512,320,262144,256,8192,256/8192,32,32,1024,,"fsdp=2,tp=2",3,10,0,0,-1,exp0050_gpu-a100-80gb-4_torch_eager_chunked_matmul_loop_b16_L512_fsdp2_tp2_tc256_vc8192_fsdp2_tp2_tc256_vc8192_r0,/Users/deep-diver/Developers/TUNIX-TRY/01-CCE/data/mesh_pathology_dense_a100_torch/runs/exp0050_gpu-a100-80gb-4_torch_eager_chunked_matmul_loop_b16_L512_fsdp2_tp2_tc256_vc8192_fsdp2_tp2_tc256_vc8192_r0,/Users/deep-diver/Developers/TUNIX-TRY/01-CCE/data/mesh_pathology_dense_a100_torch/runs/exp0050_gpu-a100-80gb-4_torch_eager_chunked_matmul_loop_b16_L512_fsdp2_tp2_tc256_vc8192_fsdp2_tp2_tc256_vc8192_r0/xla,,gpu-a100-80gb-4/torch_eager_chunked_matmul_loop
51,20260616T031040Z,dense-synthetic,2026-06-16T03:10:40+00:00,Chansungs-MacBook-Pro-2.local,gpu-a100-80gb-4,primary_gpu_baseline,gpu,A100-80GB,4,A100:4:80GB,torch_eager_chunked_matmul_loop,torch_microbench,PyTorch eager chunk-loop projection matmul without XLA.,chunked_matmul_loop,eager,b16_L512_fsdp2_tp2_tc256_vc16384,2,2,16,512,b16/L512,320,262144,256,16384,256/16384,32,16,512,,"fsdp=2,tp=2",3,10,0,0,-1,exp0051_gpu-a100-80gb-4_torch_eager_chunked_matmul_loop_b16_L512_fsdp2_tp2_tc256_vc16384_fsdp2_tp2_tc256_vc16384_r0,/Users/deep-diver/Developers/TUNIX-TRY/01-CCE/data/mesh_pathology_dense_a100_torch/runs/exp0051_gpu-a100-80gb-4_torch_eager_chunked_matmul_loop_b16_L512_fsdp2_tp2_tc256_vc16384_fsdp2_tp2_tc256_vc16384_r0,/Users/deep-diver/Developers/TUNIX-TRY/01-CCE/data/mesh_pathology_dense_a100_torch/runs/exp0051_gpu-a100-80gb-4_torch_eager_chunked_matmul_loop_b16_L512_fsdp2_tp2_tc256_vc16384_fsdp2_tp2_tc256_vc16384_r0/xla,,gpu-a100-80gb-4/torch_eager_chunked_matmul_loop
52,20260616T031040Z,dense-synthetic,2026-06-16T03:10:40+00:00,Chansungs-MacBook-Pro-2.local,gpu-a100-80gb-4,primary_gpu_baseline,gpu,A100-80GB,4,A100:4:80GB,torch_eager_chunked_matmul_loop,torch_microbench,PyTorch eager chunk-loop projection matmul without XLA.,chunked_matmul_loop,eager,b16_L512_fsdp2_tp2_tc256_vc32768,2,2,16,512,b16/L512,320,262144,256,32768,256/32768,32,8,256,,"fsdp=2,tp=2",3,10,0,0,-1,exp0052_gpu-a100-80gb-4_torch_eager_chunked_matmul_loop_b16_L512_fsdp2_tp2_tc256_vc32768_fsdp2_tp2_tc256_vc32768_r0,/Users/deep-diver/Developers/TUNIX-TRY/01-CCE/data/mesh_pathology_dense_a100_torch/runs/exp0052_gpu-a100-80gb-4_torch_eager_chunked_matmul_loop_b16_L512_fsdp2_tp2_tc256_vc32768_fsdp2_tp2_tc256_vc32768_r0,/Users/deep-diver/Developers/TUNIX-TRY/01-CCE/data/mesh_pathology_dense_a100_torch/runs/exp0052_gpu-a100-80gb-4_torch_eager_chunked_matmul_loop_b16_L512_fsdp2_tp2_tc256_vc32768_fsdp2_tp2_tc256_vc32768_r0/xla,,gpu-a100-80gb-4/torch_eager_chunked_matmul_loop
53,20260616T031040Z,dense-synthetic,2026-06-16T03:10:40+00:00,Chansungs-MacBook-Pro-2.local,gpu-a100-80gb-4,primary_gpu_baseline,gpu,A100-80GB,4,A100:4:80GB,torch_eager_chunked_matmul_loop,torch_microbench,PyTorch eager chunk-loop projection matmul without XLA.,chunked_matmul_loop,eager,b16_L512_fsdp2_tp2_tc256_vc65536,2,2,16,512,b16/L512,320,262144,256,65536,256/65536,32,4,128,,"fsdp=2,tp=2",3,10,0,0,-1,exp0053_gpu-a100-80gb-4_torch_eager_chunked_matmul_loop_b16_L512_fsdp2_tp2_tc256_vc65536_fsdp2_tp2_tc256_vc65536_r0,/Users/deep-diver/Developers/TUNIX-TRY/01-CCE/data/mesh_pathology_dense_a100_torch/runs/exp0053_gpu-a100-80gb-4_torch_eager_chunked_matmul_loop_b16_L512_fsdp2_tp2_tc256_vc65536_fsdp2_tp2_tc256_vc65536_r0,/Users/deep-diver/Developers/TUNIX-TRY/01-CCE/data/mesh_pathology_dense_a100_torch/runs/exp0053_gpu-a100-80gb-4_torch_eager_chunked_matmul_loop_b16_L512_fsdp2_tp2_tc256_vc65536_fsdp2_tp2_tc256_vc65536_r0/xla,,gpu-a100-80gb-4/torch_eager_chunked_matmul_loop
54,20260616T031040Z,dense-synthetic,2026-06-16T03:10:40+00:00,Chansungs-MacBook-Pro-2.local,gpu-a100-80gb-4,primary_gpu_baseline,gpu,A100-80GB,4,A100:4:80GB,torch_eager_chunked_matmul_loop,torch_microbench,PyTorch eager chunk-loop projection matmul without XLA.,chunked_matmul_loop,eager,b16_L512_fsdp2_tp2_tc256_vc131072,2,2,16,512,b16/L512,320,262144,256,131072,256/131072,32,2,64,,"fsdp=2,tp=2",3,10,0,0,-1,exp0054_gpu-a100-80gb-4_torch_eager_chunked_matmul_loop_b16_L512_fsdp2_tp2_tc256_vc131072_fsdp2_tp2_tc256_vc131072_r0,/Users/deep-diver/Developers/TUNIX-TRY/01-CCE/data/mesh_pathology_dense_a100_torch/runs/exp0054_gpu-a100-80gb-4_torch_eager_chunked_matmul_loop_b16_L512_fsdp2_tp2_tc256_vc131072_fsdp2_tp2_tc256_vc131072_r0,/Users/deep-diver/Developers/TUNIX-TRY/01-CCE/data/mesh_pathology_dense_a100_torch/runs/exp0054_gpu-a100-80gb-4_torch_eager_chunked_matmul_loop_b16_L512_fsdp2_tp2_tc256_vc131072_fsdp2_tp2_tc256_vc131072_r0/xla,,gpu-a100-80gb-4/torch_eager_chunked_matmul_loop
55,20260616T031040Z,dense-synthetic,2026-06-16T03:10:40+00:00,Chansungs-MacBook-Pro-2.local,gpu-a100-80gb-4,primary_gpu_baseline,gpu,A100-80GB,4,A100:4:80GB,torch_eager_chunked_matmul_loop,torch_microbench,PyTorch eager chunk-loop projection matmul without XLA.,chunked_matmul_loop,eager,b16_L512_fsdp2_tp2_tc256_vc262144,2,2,16,512,b16/L512,320,262144,256,262144,256/262144,32,1,32,,"fsdp=2,tp=2",3,10,0,0,-1,exp0055_gpu-a100-80gb-4_torch_eager_chunked_matmul_loop_b16_L512_fsdp2_tp2_tc256_vc262144_fsdp2_tp2_tc256_vc262144_r0,/Users/deep-diver/Developers/TUNIX-TRY/01-CCE/data/mesh_pathology_dense_a100_torch/runs/exp0055_gpu-a100-80gb-4_torch_eager_chunked_matmul_loop_b16_L512_fsdp2_tp2_tc256_vc262144_fsdp2_tp2_tc256_vc262144_r0,/Users/deep-diver/Developers/TUNIX-TRY/01-CCE/data/mesh_pathology_dense_a100_torch/runs/exp0055_gpu-a100-80gb-4_torch_eager_chunked_matmul_loop_b16_L512_fsdp2_tp2_tc256_vc262144_fsdp2_tp2_tc256_vc262144_r0/xla,,gpu-a100-80gb-4/torch_eager_chunked_matmul_loop
56,20260616T031040Z,dense-synthetic,2026-06-16T03:10:40+00:00,Chansungs-MacBook-Pro-2.local,gpu-a100-80gb-4,primary_gpu_baseline,gpu,A100-80GB,4,A100:4:80GB,torch_eager_chunked_matmul_loop,torch_microbench,PyTorch eager chunk-loop projection matmul without XLA.,chunked_matmul_loop,eager,b16_L512_fsdp2_tp2_tc512_vc4096,2,2,16,512,b16/L512,320,262144,512,4096,512/4096,16,64,1024,,"fsdp=2,tp=2",3,10,0,0,-1,exp0056_gpu-a100-80gb-4_torch_eager_chunked_matmul_loop_b16_L512_fsdp2_tp2_tc512_vc4096_fsdp2_tp2_tc512_vc4096_r0,/Users/deep-diver/Developers/TUNIX-TRY/01-CCE/data/mesh_pathology_dense_a100_torch/runs/exp0056_gpu-a100-80gb-4_torch_eager_chunked_matmul_loop_b16_L512_fsdp2_tp2_tc512_vc4096_fsdp2_tp2_tc512_vc4096_r0,/Users/deep-diver/Developers/TUNIX-TRY/01-CCE/data/mesh_pathology_dense_a100_torch/runs/exp0056_gpu-a100-80gb-4_torch_eager_chunked_matmul_loop_b16_L512_fsdp2_tp2_tc512_vc4096_fsdp2_tp2_tc512_vc4096_r0/xla,,gpu-a100-80gb-4/torch_eager_chunked_matmul_loop
57,20260616T031040Z,dense-synthetic,2026-06-16T03:10:40+00:00,Chansungs-MacBook-Pro-2.local,gpu-a100-80gb-4,primary_gpu_baseline,gpu,A100-80GB,4,A100:4:80GB,torch_eager_chunked_matmul_loop,torch_microbench,PyTorch eager chunk-loop projection matmul without XLA.,chunked_matmul_loop,eager,b16_L512_fsdp2_tp2_tc512_vc8192,2,2,16,512,b16/L512,320,262144,512,8192,512/8192,16,32,512,,"fsdp=2,tp=2",3,10,0,0,-1,exp0057_gpu-a100-80gb-4_torch_eager_chunked_matmul_loop_b16_L512_fsdp2_tp2_tc512_vc8192_fsdp2_tp2_tc512_vc8192_r0,/Users/deep-diver/Developers/TUNIX-TRY/01-CCE/data/mesh_pathology_dense_a100_torch/runs/exp0057_gpu-a100-80gb-4_torch_eager_chunked_matmul_loop_b16_L512_fsdp2_tp2_tc512_vc8192_fsdp2_tp2_tc512_vc8192_r0,/Users/deep-diver/Developers/TUNIX-TRY/01-CCE/data/mesh_pathology_dense_a100_torch/runs/exp0057_gpu-a100-80gb-4_torch_eager_chunked_matmul_loop_b16_L512_fsdp2_tp2_tc512_vc8192_fsdp2_tp2_tc512_vc8192_r0/xla,,gpu-a100-80gb-4/torch_eager_chunked_matmul_loop
58,20260616T031040Z,dense-synthetic,2026-06-16T03:10:40+00:00,Chansungs-MacBook-Pro-2.local,gpu-a100-80gb-4,primary_gpu_baseline,gpu,A100-80GB,4,A100:4:80GB,torch_eager_chunked_matmul_loop,torch_microbench,PyTorch eager chunk-loop projection matmul without XLA.,chunked_matmul_loop,eager,b16_L512_fsdp2_tp2_tc512_vc16384,2,2,16,512,b16/L512,320,262144,512,16384,512/16384,16,16,256,,"fsdp=2,tp=2",3,10,0,0,-1,exp0058_gpu-a100-80gb-4_torch_eager_chunked_matmul_loop_b16_L512_fsdp2_tp2_tc512_vc16384_fsdp2_tp2_tc512_vc16384_r0,/Users/deep-diver/Developers/TUNIX-TRY/01-CCE/data/mesh_pathology_dense_a100_torch/runs/exp0058_gpu-a100-80gb-4_torch_eager_chunked_matmul_loop_b16_L512_fsdp2_tp2_tc512_vc16384_fsdp2_tp2_tc512_vc16384_r0,/Users/deep-diver/Developers/TUNIX-TRY/01-CCE/data/mesh_pathology_dense_a100_torch/runs/exp0058_gpu-a100-80gb-4_torch_eager_chunked_matmul_loop_b16_L512_fsdp2_tp2_tc512_vc16384_fsdp2_tp2_tc512_vc16384_r0/xla,,gpu-a100-80gb-4/torch_eager_chunked_matmul_loop
59,20260616T031040Z,dense-synthetic,2026-06-16T03:10:40+00:00,Chansungs-MacBook-Pro-2.local,gpu-a100-80gb-4,primary_gpu_baseline,gpu,A100-80GB,4,A100:4:80GB,torch_eager_chunked_matmul_loop,torch_microbench,PyTorch eager chunk-loop projection matmul without XLA.,chunked_matmul_loop,eager,b16_L512_fsdp2_tp2_tc512_vc32768,2,2,16,512,b16/L512,320,262144,512,32768,512/32768,16,8,128,,"fsdp=2,tp=2",3,10,0,0,-1,exp0059_gpu-a100-80gb-4_torch_eager_chunked_matmul_loop_b16_L512_fsdp2_tp2_tc512_vc32768_fsdp2_tp2_tc512_vc32768_r0,/Users/deep-diver/Developers/TUNIX-TRY/01-CCE/data/mesh_pathology_dense_a100_torch/runs/exp0059_gpu-a100-80gb-4_torch_eager_chunked_matmul_loop_b16_L512_fsdp2_tp2_tc512_vc32768_fsdp2_tp2_tc512_vc32768_r0,/Users/deep-diver/Developers/TUNIX-TRY/01-CCE/data/mesh_pathology_dense_a100_torch/runs/exp0059_gpu-a100-80gb-4_torch_eager_chunked_matmul_loop_b16_L512_fsdp2_tp2_tc512_vc32768_fsdp2_tp2_tc512_vc32768_r0/xla,,gpu-a100-80gb-4/torch_eager_chunked_matmul_loop
60,20260616T031040Z,dense-synthetic,2026-06-16T03:10:40+00:00,Chansungs-MacBook-Pro-2.local,gpu-a100-80gb-4,primary_gpu_baseline,gpu,A100-80GB,4,A100:4:80GB,torch_eager_chunked_matmul_loop,torch_microbench,PyTorch eager chunk-loop projection matmul without XLA.,chunked_matmul_loop,eager,b16_L512_fsdp2_tp2_tc512_vc65536,2,2,16,512,b16/L512,320,262144,512,65536,512/65536,16,4,64,,"fsdp=2,tp=2",3,10,0,0,-1,exp0060_gpu-a100-80gb-4_torch_eager_chunked_matmul_loop_b16_L512_fsdp2_tp2_tc512_vc65536_fsdp2_tp2_tc512_vc65536_r0,/Users/deep-diver/Developers/TUNIX-TRY/01-CCE/data/mesh_pathology_dense_a100_torch/runs/exp0060_gpu-a100-80gb-4_torch_eager_chunked_matmul_loop_b16_L512_fsdp2_tp2_tc512_vc65536_fsdp2_tp2_tc512_vc65536_r0,/Users/deep-diver/Developers/TUNIX-TRY/01-CCE/data/mesh_pathology_dense_a100_torch/runs/exp0060_gpu-a100-80gb-4_torch_eager_chunked_matmul_loop_b16_L512_fsdp2_tp2_tc512_vc65536_fsdp2_tp2_tc512_vc65536_r0/xla,,gpu-a100-80gb-4/torch_eager_chunked_matmul_loop
61,20260616T031040Z,dense-synthetic,2026-06-16T03:10:40+00:00,Chansungs-MacBook-Pro-2.local,gpu-a100-80gb-4,primary_gpu_baseline,gpu,A100-80GB,4,A100:4:80GB,torch_eager_chunked_matmul_loop,torch_microbench,PyTorch eager chunk-loop projection matmul without XLA.,chunked_matmul_loop,eager,b16_L512_fsdp2_tp2_tc512_vc131072,2,2,16,512,b16/L512,320,262144,512,131072,512/131072,16,2,32,,"fsdp=2,tp=2",3,10,0,0,-1,exp0061_gpu-a100-80gb-4_torch_eager_chunked_matmul_loop_b16_L512_fsdp2_tp2_tc512_vc131072_fsdp2_tp2_tc512_vc131072_r0,/Users/deep-diver/Developers/TUNIX-TRY/01-CCE/data/mesh_pathology_dense_a100_torch/runs/exp0061_gpu-a100-80gb-4_torch_eager_chunked_matmul_loop_b16_L512_fsdp2_tp2_tc512_vc131072_fsdp2_tp2_tc512_vc131072_r0,/Users/deep-diver/Developers/TUNIX-TRY/01-CCE/data/mesh_pathology_dense_a100_torch/runs/exp0061_gpu-a100-80gb-4_torch_eager_chunked_matmul_loop_b16_L512_fsdp2_tp2_tc512_vc131072_fsdp2_tp2_tc512_vc131072_r0/xla,,gpu-a100-80gb-4/torch_eager_chunked_matmul_loop
62,20260616T031040Z,dense-synthetic,2026-06-16T03:10:40+00:00,Chansungs-MacBook-Pro-2.local,gpu-a100-80gb-4,primary_gpu_baseline,gpu,A100-80GB,4,A100:4:80GB,torch_eager_chunked_matmul_loop,torch_microbench,PyTorch eager chunk-loop projection matmul without XLA.,chunked_matmul_loop,eager,b16_L512_fsdp2_tp2_tc512_vc262144,2,2,16,512,b16/L512,320,262144,512,262144,512/262144,16,1,16,,"fsdp=2,tp=2",3,10,0,0,-1,exp0062_gpu-a100-80gb-4_torch_eager_chunked_matmul_loop_b16_L512_fsdp2_tp2_tc512_vc262144_fsdp2_tp2_tc512_vc262144_r0,/Users/deep-diver/Developers/TUNIX-TRY/01-CCE/data/mesh_pathology_dense_a100_torch/runs/exp0062_gpu-a100-80gb-4_torch_eager_chunked_matmul_loop_b16_L512_fsdp2_tp2_tc512_vc262144_fsdp2_tp2_tc512_vc262144_r0,/Users/deep-diver/Developers/TUNIX-TRY/01-CCE/data/mesh_pathology_dense_a100_torch/runs/exp0062_gpu-a100-80gb-4_torch_eager_chunked_matmul_loop_b16_L512_fsdp2_tp2_tc512_vc262144_fsdp2_tp2_tc512_vc262144_r0/xla,,gpu-a100-80gb-4/torch_eager_chunked_matmul_loop
63,20260616T031040Z,dense-synthetic,2026-06-16T03:10:40+00:00,Chansungs-MacBook-Pro-2.local,gpu-a100-80gb-4,primary_gpu_baseline,gpu,A100-80GB,4,A100:4:80GB,torch_eager_chunked_matmul_loop,torch_microbench,PyTorch eager chunk-loop projection matmul without XLA.,chunked_matmul_loop,eager,b16_L512_fsdp2_tp2_tc1024_vc4096,2,2,16,512,b16/L512,320,262144,1024,4096,1024/4096,8,64,512,,"fsdp=2,tp=2",3,10,0,0,-1,exp0063_gpu-a100-80gb-4_torch_eager_chunked_matmul_loop_b16_L512_fsdp2_tp2_tc1024_vc4096_fsdp2_tp2_tc1024_vc4096_r0,/Users/deep-diver/Developers/TUNIX-TRY/01-CCE/data/mesh_pathology_dense_a100_torch/runs/exp0063_gpu-a100-80gb-4_torch_eager_chunked_matmul_loop_b16_L512_fsdp2_tp2_tc1024_vc4096_fsdp2_tp2_tc1024_vc4096_r0,/Users/deep-diver/Developers/TUNIX-TRY/01-CCE/data/mesh_pathology_dense_a100_torch/runs/exp0063_gpu-a100-80gb-4_torch_eager_chunked_matmul_loop_b16_L512_fsdp2_tp2_tc1024_vc4096_fsdp2_tp2_tc1024_vc4096_r0/xla,,gpu-a100-80gb-4/torch_eager_chunked_matmul_loop
64,20260616T031040Z,dense-synthetic,2026-06-16T03:10:40+00:00,Chansungs-MacBook-Pro-2.local,gpu-a100-80gb-4,primary_gpu_baseline,gpu,A100-80GB,4,A100:4:80GB,torch_eager_chunked_matmul_loop,torch_microbench,PyTorch eager chunk-loop projection matmul without XLA.,chunked_matmul_loop,eager,b16_L512_fsdp2_tp2_tc1024_vc8192,2,2,16,512,b16/L512,320,262144,1024,8192,1024/8192,8,32,256,,"fsdp=2,tp=2",3,10,0,0,-1,exp0064_gpu-a100-80gb-4_torch_eager_chunked_matmul_loop_b16_L512_fsdp2_tp2_tc1024_vc8192_fsdp2_tp2_tc1024_vc8192_r0,/Users/deep-diver/Developers/TUNIX-TRY/01-CCE/data/mesh_pathology_dense_a100_torch/runs/exp0064_gpu-a100-80gb-4_torch_eager_chunked_matmul_loop_b16_L512_fsdp2_tp2_tc1024_vc8192_fsdp2_tp2_tc1024_vc8192_r0,/Users/deep-diver/Developers/TUNIX-TRY/01-CCE/data/mesh_pathology_dense_a100_torch/runs/exp0064_gpu-a100-80gb-4_torch_eager_chunked_matmul_loop_b16_L512_fsdp2_tp2_tc1024_vc8192_fsdp2_tp2_tc1024_vc8192_r0/xla,,gpu-a100-80gb-4/torch_eager_chunked_matmul_loop
65,20260616T031040Z,dense-synthetic,2026-06-16T03:10:40+00:00,Chansungs-MacBook-Pro-2.local,gpu-a100-80gb-4,primary_gpu_baseline,gpu,A100-80GB,4,A100:4:80GB,torch_eager_chunked_matmul_loop,torch_microbench,PyTorch eager chunk-loop projection matmul without XLA.,chunked_matmul_loop,eager,b16_L512_fsdp2_tp2_tc1024_vc16384,2,2,16,512,b16/L512,320,262144,1024,16384,1024/16384,8,16,128,,"fsdp=2,tp=2",3,10,0,0,-1,exp0065_gpu-a100-80gb-4_torch_eager_chunked_matmul_loop_b16_L512_fsdp2_tp2_tc1024_vc16384_fsdp2_tp2_tc1024_vc16384_r0,/Users/deep-diver/Developers/TUNIX-TRY/01-CCE/data/mesh_pathology_dense_a100_torch/runs/exp0065_gpu-a100-80gb-4_torch_eager_chunked_matmul_loop_b16_L512_fsdp2_tp2_tc1024_vc16384_fsdp2_tp2_tc1024_vc16384_r0,/Users/deep-diver/Developers/TUNIX-TRY/01-CCE/data/mesh_pathology_dense_a100_torch/runs/exp0065_gpu-a100-80gb-4_torch_eager_chunked_matmul_loop_b16_L512_fsdp2_tp2_tc1024_vc16384_fsdp2_tp2_tc1024_vc16384_r0/xla,,gpu-a100-80gb-4/torch_eager_chunked_matmul_loop
66,20260616T031040Z,dense-synthetic,2026-06-16T03:10:40+00:00,Chansungs-MacBook-Pro-2.local,gpu-a100-80gb-4,primary_gpu_baseline,gpu,A100-80GB,4,A100:4:80GB,torch_eager_chunked_matmul_loop,torch_microbench,PyTorch eager chunk-loop projection matmul without XLA.,chunked_matmul_loop,eager,b16_L512_fsdp2_tp2_tc1024_vc32768,2,2,16,512,b16/L512,320,262144,1024,32768,1024/32768,8,8,64,,"fsdp=2,tp=2",3,10,0,0,-1,exp0066_gpu-a100-80gb-4_torch_eager_chunked_matmul_loop_b16_L512_fsdp2_tp2_tc1024_vc32768_fsdp2_tp2_tc1024_vc32768_r0,/Users/deep-diver/Developers/TUNIX-TRY/01-CCE/data/mesh_pathology_dense_a100_torch/runs/exp0066_gpu-a100-80gb-4_torch_eager_chunked_matmul_loop_b16_L512_fsdp2_tp2_tc1024_vc32768_fsdp2_tp2_tc1024_vc32768_r0,/Users/deep-diver/Developers/TUNIX-TRY/01-CCE/data/mesh_pathology_dense_a100_torch/runs/exp0066_gpu-a100-80gb-4_torch_eager_chunked_matmul_loop_b16_L512_fsdp2_tp2_tc1024_vc32768_fsdp2_tp2_tc1024_vc32768_r0/xla,,gpu-a100-80gb-4/torch_eager_chunked_matmul_loop
67,20260616T031040Z,dense-synthetic,2026-06-16T03:10:40+00:00,Chansungs-MacBook-Pro-2.local,gpu-a100-80gb-4,primary_gpu_baseline,gpu,A100-80GB,4,A100:4:80GB,torch_eager_chunked_matmul_loop,torch_microbench,PyTorch eager chunk-loop projection matmul without XLA.,chunked_matmul_loop,eager,b16_L512_fsdp2_tp2_tc1024_vc65536,2,2,16,512,b16/L512,320,262144,1024,65536,1024/65536,8,4,32,,"fsdp=2,tp=2",3,10,0,0,-1,exp0067_gpu-a100-80gb-4_torch_eager_chunked_matmul_loop_b16_L512_fsdp2_tp2_tc1024_vc65536_fsdp2_tp2_tc1024_vc65536_r0,/Users/deep-diver/Developers/TUNIX-TRY/01-CCE/data/mesh_pathology_dense_a100_torch/runs/exp0067_gpu-a100-80gb-4_torch_eager_chunked_matmul_loop_b16_L512_fsdp2_tp2_tc1024_vc65536_fsdp2_tp2_tc1024_vc65536_r0,/Users/deep-diver/Developers/TUNIX-TRY/01-CCE/data/mesh_pathology_dense_a100_torch/runs/exp0067_gpu-a100-80gb-4_torch_eager_chunked_matmul_loop_b16_L512_fsdp2_tp2_tc1024_vc65536_fsdp2_tp2_tc1024_vc65536_r0/xla,,gpu-a100-80gb-4/torch_eager_chunked_matmul_loop
68,20260616T031040Z,dense-synthetic,2026-06-16T03:10:40+00:00,Chansungs-MacBook-Pro-2.local,gpu-a100-80gb-4,primary_gpu_baseline,gpu,A100-80GB,4,A100:4:80GB,torch_eager_chunked_matmul_loop,torch_microbench,PyTorch eager chunk-loop projection matmul without XLA.,chunked_matmul_loop,eager,b16_L512_fsdp2_tp2_tc1024_vc131072,2,2,16,512,b16/L512,320,262144,1024,131072,1024/131072,8,2,16,,"fsdp=2,tp=2",3,10,0,0,-1,exp0068_gpu-a100-80gb-4_torch_eager_chunked_matmul_loop_b16_L512_fsdp2_tp2_tc1024_vc131072_fsdp2_tp2_tc1024_vc131072_r0,/Users/deep-diver/Developers/TUNIX-TRY/01-CCE/data/mesh_pathology_dense_a100_torch/runs/exp0068_gpu-a100-80gb-4_torch_eager_chunked_matmul_loop_b16_L512_fsdp2_tp2_tc1024_vc131072_fsdp2_tp2_tc1024_vc131072_r0,/Users/deep-diver/Developers/TUNIX-TRY/01-CCE/data/mesh_pathology_dense_a100_torch/runs/exp0068_gpu-a100-80gb-4_torch_eager_chunked_matmul_loop_b16_L512_fsdp2_tp2_tc1024_vc131072_fsdp2_tp2_tc1024_vc131072_r0/xla,,gpu-a100-80gb-4/torch_eager_chunked_matmul_loop
69,20260616T031040Z,dense-synthetic,2026-06-16T03:10:40+00:00,Chansungs-MacBook-Pro-2.local,gpu-a100-80gb-4,primary_gpu_baseline,gpu,A100-80GB,4,A100:4:80GB,torch_eager_chunked_matmul_loop,torch_microbench,PyTorch eager chunk-loop projection matmul without XLA.,chunked_matmul_loop,eager,b16_L512_fsdp2_tp2_tc1024_vc262144,2,2,16,512,b16/L512,320,262144,1024,262144,1024/262144,8,1,8,,"fsdp=2,tp=2",3,10,0,0,-1,exp0069_gpu-a100-80gb-4_torch_eager_chunked_matmul_loop_b16_L512_fsdp2_tp2_tc1024_vc262144_fsdp2_tp2_tc1024_vc262144_r0,/Users/deep-diver/Developers/TUNIX-TRY/01-CCE/data/mesh_pathology_dense_a100_torch/runs/exp0069_gpu-a100-80gb-4_torch_eager_chunked_matmul_loop_b16_L512_fsdp2_tp2_tc1024_vc262144_fsdp2_tp2_tc1024_vc262144_r0,/Users/deep-diver/Developers/TUNIX-TRY/01-CCE/data/mesh_pathology_dense_a100_torch/runs/exp0069_gpu-a100-80gb-4_torch_eager_chunked_matmul_loop_b16_L512_fsdp2_tp2_tc1024_vc262144_fsdp2_tp2_tc1024_vc262144_r0/xla,,gpu-a100-80gb-4/torch_eager_chunked_matmul_loop
70,20260616T031040Z,dense-synthetic,2026-06-16T03:10:40+00:00,Chansungs-MacBook-Pro-2.local,gpu-a100-80gb-4,primary_gpu_baseline,gpu,A100-80GB,4,A100:4:80GB,torch_eager_chunked_matmul_loop,torch_microbench,PyTorch eager chunk-loop projection matmul without XLA.,chunked_matmul_loop,eager,b16_L512_fsdp1_tp4_tc64_vc4096,1,4,16,512,b16/L512,320,262144,64,4096,64/4096,128,64,8192,,"fsdp=1,tp=4",3,10,0,0,-1,exp0070_gpu-a100-80gb-4_torch_eager_chunked_matmul_loop_b16_L512_fsdp1_tp4_tc64_vc4096_fsdp1_tp4_tc64_vc4096_r0,/Users/deep-diver/Developers/TUNIX-TRY/01-CCE/data/mesh_pathology_dense_a100_torch/runs/exp0070_gpu-a100-80gb-4_torch_eager_chunked_matmul_loop_b16_L512_fsdp1_tp4_tc64_vc4096_fsdp1_tp4_tc64_vc4096_r0,/Users/deep-diver/Developers/TUNIX-TRY/01-CCE/data/mesh_pathology_dense_a100_torch/runs/exp0070_gpu-a100-80gb-4_torch_eager_chunked_matmul_loop_b16_L512_fsdp1_tp4_tc64_vc4096_fsdp1_tp4_tc64_vc4096_r0/xla,,gpu-a100-80gb-4/torch_eager_chunked_matmul_loop
71,20260616T031040Z,dense-synthetic,2026-06-16T03:10:40+00:00,Chansungs-MacBook-Pro-2.local,gpu-a100-80gb-4,primary_gpu_baseline,gpu,A100-80GB,4,A100:4:80GB,torch_eager_chunked_matmul_loop,torch_microbench,PyTorch eager chunk-loop projection matmul without XLA.,chunked_matmul_loop,eager,b16_L512_fsdp1_tp4_tc64_vc8192,1,4,16,512,b16/L512,320,262144,64,8192,64/8192,128,32,4096,,"fsdp=1,tp=4",3,10,0,0,-1,exp0071_gpu-a100-80gb-4_torch_eager_chunked_matmul_loop_b16_L512_fsdp1_tp4_tc64_vc8192_fsdp1_tp4_tc64_vc8192_r0,/Users/deep-diver/Developers/TUNIX-TRY/01-CCE/data/mesh_pathology_dense_a100_torch/runs/exp0071_gpu-a100-80gb-4_torch_eager_chunked_matmul_loop_b16_L512_fsdp1_tp4_tc64_vc8192_fsdp1_tp4_tc64_vc8192_r0,/Users/deep-diver/Developers/TUNIX-TRY/01-CCE/data/mesh_pathology_dense_a100_torch/runs/exp0071_gpu-a100-80gb-4_torch_eager_chunked_matmul_loop_b16_L512_fsdp1_tp4_tc64_vc8192_fsdp1_tp4_tc64_vc8192_r0/xla,,gpu-a100-80gb-4/torch_eager_chunked_matmul_loop
72,20260616T031040Z,dense-synthetic,2026-06-16T03:10:40+00:00,Chansungs-MacBook-Pro-2.local,gpu-a100-80gb-4,primary_gpu_baseline,gpu,A100-80GB,4,A100:4:80GB,torch_eager_chunked_matmul_loop,torch_microbench,PyTorch eager chunk-loop projection matmul without XLA.,chunked_matmul_loop,eager,b16_L512_fsdp1_tp4_tc64_vc16384,1,4,16,512,b16/L512,320,262144,64,16384,64/16384,128,16,2048,,"fsdp=1,tp=4",3,10,0,0,-1,exp0072_gpu-a100-80gb-4_torch_eager_chunked_matmul_loop_b16_L512_fsdp1_tp4_tc64_vc16384_fsdp1_tp4_tc64_vc16384_r0,/Users/deep-diver/Developers/TUNIX-TRY/01-CCE/data/mesh_pathology_dense_a100_torch/runs/exp0072_gpu-a100-80gb-4_torch_eager_chunked_matmul_loop_b16_L512_fsdp1_tp4_tc64_vc16384_fsdp1_tp4_tc64_vc16384_r0,/Users/deep-diver/Developers/TUNIX-TRY/01-CCE/data/mesh_pathology_dense_a100_torch/runs/exp0072_gpu-a100-80gb-4_torch_eager_chunked_matmul_loop_b16_L512_fsdp1_tp4_tc64_vc16384_fsdp1_tp4_tc64_vc16384_r0/xla,,gpu-a100-80gb-4/torch_eager_chunked_matmul_loop
73,20260616T031040Z,dense-synthetic,2026-06-16T03:10:40+00:00,Chansungs-MacBook-Pro-2.local,gpu-a100-80gb-4,primary_gpu_baseline,gpu,A100-80GB,4,A100:4:80GB,torch_eager_chunked_matmul_loop,torch_microbench,PyTorch eager chunk-loop projection matmul without XLA.,chunked_matmul_loop,eager,b16_L512_fsdp1_tp4_tc64_vc32768,1,4,16,512,b16/L512,320,262144,64,32768,64/32768,128,8,1024,,"fsdp=1,tp=4",3,10,0,0,-1,exp0073_gpu-a100-80gb-4_torch_eager_chunked_matmul_loop_b16_L512_fsdp1_tp4_tc64_vc32768_fsdp1_tp4_tc64_vc32768_r0,/Users/deep-diver/Developers/TUNIX-TRY/01-CCE/data/mesh_pathology_dense_a100_torch/runs/exp0073_gpu-a100-80gb-4_torch_eager_chunked_matmul_loop_b16_L512_fsdp1_tp4_tc64_vc32768_fsdp1_tp4_tc64_vc32768_r0,/Users/deep-diver/Developers/TUNIX-TRY/01-CCE/data/mesh_pathology_dense_a100_torch/runs/exp0073_gpu-a100-80gb-4_torch_eager_chunked_matmul_loop_b16_L512_fsdp1_tp4_tc64_vc32768_fsdp1_tp4_tc64_vc32768_r0/xla,,gpu-a100-80gb-4/torch_eager_chunked_matmul_loop
74,20260616T031040Z,dense-synthetic,2026-06-16T03:10:40+00:00,Chansungs-MacBook-Pro-2.local,gpu-a100-80gb-4,primary_gpu_baseline,gpu,A100-80GB,4,A100:4:80GB,torch_eager_chunked_matmul_loop,torch_microbench,PyTorch eager chunk-loop projection matmul without XLA.,chunked_matmul_loop,eager,b16_L512_fsdp1_tp4_tc64_vc65536,1,4,16,512,b16/L512,320,262144,64,65536,64/65536,128,4,512,,"fsdp=1,tp=4",3,10,0,0,-1,exp0074_gpu-a100-80gb-4_torch_eager_chunked_matmul_loop_b16_L512_fsdp1_tp4_tc64_vc65536_fsdp1_tp4_tc64_vc65536_r0,/Users/deep-diver/Developers/TUNIX-TRY/01-CCE/data/mesh_pathology_dense_a100_torch/runs/exp0074_gpu-a100-80gb-4_torch_eager_chunked_matmul_loop_b16_L512_fsdp1_tp4_tc64_vc65536_fsdp1_tp4_tc64_vc65536_r0,/Users/deep-diver/Developers/TUNIX-TRY/01-CCE/data/mesh_pathology_dense_a100_torch/runs/exp0074_gpu-a100-80gb-4_torch_eager_chunked_matmul_loop_b16_L512_fsdp1_tp4_tc64_vc65536_fsdp1_tp4_tc64_vc65536_r0/xla,,gpu-a100-80gb-4/torch_eager_chunked_matmul_loop
75,20260616T031040Z,dense-synthetic,2026-06-16T03:10:40+00:00,Chansungs-MacBook-Pro-2.local,gpu-a100-80gb-4,primary_gpu_baseline,gpu,A100-80GB,4,A100:4:80GB,torch_eager_chunked_matmul_loop,torch_microbench,PyTorch eager chunk-loop projection matmul without XLA.,chunked_matmul_loop,eager,b16_L512_fsdp1_tp4_tc64_vc131072,1,4,16,512,b16/L512,320,262144,64,131072,64/131072,128,2,256,,"fsdp=1,tp=4",3,10,0,0,-1,exp0075_gpu-a100-80gb-4_torch_eager_chunked_matmul_loop_b16_L512_fsdp1_tp4_tc64_vc131072_fsdp1_tp4_tc64_vc131072_r0,/Users/deep-diver/Developers/TUNIX-TRY/01-CCE/data/mesh_pathology_dense_a100_torch/runs/exp0075_gpu-a100-80gb-4_torch_eager_chunked_matmul_loop_b16_L512_fsdp1_tp4_tc64_vc131072_fsdp1_tp4_tc64_vc131072_r0,/Users/deep-diver/Developers/TUNIX-TRY/01-CCE/data/mesh_pathology_dense_a100_torch/runs/exp0075_gpu-a100-80gb-4_torch_eager_chunked_matmul_loop_b16_L512_fsdp1_tp4_tc64_vc131072_fsdp1_tp4_tc64_vc131072_r0/xla,,gpu-a100-80gb-4/torch_eager_chunked_matmul_loop
76,20260616T031040Z,dense-synthetic,2026-06-16T03:10:40+00:00,Chansungs-MacBook-Pro-2.local,gpu-a100-80gb-4,primary_gpu_baseline,gpu,A100-80GB,4,A100:4:80GB,torch_eager_chunked_matmul_loop,torch_microbench,PyTorch eager chunk-loop projection matmul without XLA.,chunked_matmul_loop,eager,b16_L512_fsdp1_tp4_tc64_vc262144,1,4,16,512,b16/L512,320,262144,64,262144,64/262144,128,1,128,,"fsdp=1,tp=4",3,10,0,0,-1,exp0076_gpu-a100-80gb-4_torch_eager_chunked_matmul_loop_b16_L512_fsdp1_tp4_tc64_vc262144_fsdp1_tp4_tc64_vc262144_r0,/Users/deep-diver/Developers/TUNIX-TRY/01-CCE/data/mesh_pathology_dense_a100_torch/runs/exp0076_gpu-a100-80gb-4_torch_eager_chunked_matmul_loop_b16_L512_fsdp1_tp4_tc64_vc262144_fsdp1_tp4_tc64_vc262144_r0,/Users/deep-diver/Developers/TUNIX-TRY/01-CCE/data/mesh_pathology_dense_a100_torch/runs/exp0076_gpu-a100-80gb-4_torch_eager_chunked_matmul_loop_b16_L512_fsdp1_tp4_tc64_vc262144_fsdp1_tp4_tc64_vc262144_r0/xla,,gpu-a100-80gb-4/torch_eager_chunked_matmul_loop
77,20260616T031040Z,dense-synthetic,2026-06-16T03:10:40+00:00,Chansungs-MacBook-Pro-2.local,gpu-a100-80gb-4,primary_gpu_baseline,gpu,A100-80GB,4,A100:4:80GB,torch_eager_chunked_matmul_loop,torch_microbench,PyTorch eager chunk-loop projection matmul without XLA.,chunked_matmul_loop,eager,b16_L512_fsdp1_tp4_tc128_vc4096,1,4,16,512,b16/L512,320,262144,128,4096,128/4096,64,64,4096,,"fsdp=1,tp=4",3,10,0,0,-1,exp0077_gpu-a100-80gb-4_torch_eager_chunked_matmul_loop_b16_L512_fsdp1_tp4_tc128_vc4096_fsdp1_tp4_tc128_vc4096_r0,/Users/deep-diver/Developers/TUNIX-TRY/01-CCE/data/mesh_pathology_dense_a100_torch/runs/exp0077_gpu-a100-80gb-4_torch_eager_chunked_matmul_loop_b16_L512_fsdp1_tp4_tc128_vc4096_fsdp1_tp4_tc128_vc4096_r0,/Users/deep-diver/Developers/TUNIX-TRY/01-CCE/data/mesh_pathology_dense_a100_torch/runs/exp0077_gpu-a100-80gb-4_torch_eager_chunked_matmul_loop_b16_L512_fsdp1_tp4_tc128_vc4096_fsdp1_tp4_tc128_vc4096_r0/xla,,gpu-a100-80gb-4/torch_eager_chunked_matmul_loop
78,20260616T031040Z,dense-synthetic,2026-06-16T03:10:40+00:00,Chansungs-MacBook-Pro-2.local,gpu-a100-80gb-4,primary_gpu_baseline,gpu,A100-80GB,4,A100:4:80GB,torch_eager_chunked_matmul_loop,torch_microbench,PyTorch eager chunk-loop projection matmul without XLA.,chunked_matmul_loop,eager,b16_L512_fsdp1_tp4_tc128_vc8192,1,4,16,512,b16/L512,320,262144,128,8192,128/8192,64,32,2048,,"fsdp=1,tp=4",3,10,0,0,-1,exp0078_gpu-a100-80gb-4_torch_eager_chunked_matmul_loop_b16_L512_fsdp1_tp4_tc128_vc8192_fsdp1_tp4_tc128_vc8192_r0,/Users/deep-diver/Developers/TUNIX-TRY/01-CCE/data/mesh_pathology_dense_a100_torch/runs/exp0078_gpu-a100-80gb-4_torch_eager_chunked_matmul_loop_b16_L512_fsdp1_tp4_tc128_vc8192_fsdp1_tp4_tc128_vc8192_r0,/Users/deep-diver/Developers/TUNIX-TRY/01-CCE/data/mesh_pathology_dense_a100_torch/runs/exp0078_gpu-a100-80gb-4_torch_eager_chunked_matmul_loop_b16_L512_fsdp1_tp4_tc128_vc8192_fsdp1_tp4_tc128_vc8192_r0/xla,,gpu-a100-80gb-4/torch_eager_chunked_matmul_loop
79,20260616T031040Z,dense-synthetic,2026-06-16T03:10:40+00:00,Chansungs-MacBook-Pro-2.local,gpu-a100-80gb-4,primary_gpu_baseline,gpu,A100-80GB,4,A100:4:80GB,torch_eager_chunked_matmul_loop,torch_microbench,PyTorch eager chunk-loop projection matmul without XLA.,chunked_matmul_loop,eager,b16_L512_fsdp1_tp4_tc128_vc16384,1,4,16,512,b16/L512,320,262144,128,16384,128/16384,64,16,1024,,"fsdp=1,tp=4",3,10,0,0,-1,exp0079_gpu-a100-80gb-4_torch_eager_chunked_matmul_loop_b16_L512_fsdp1_tp4_tc128_vc16384_fsdp1_tp4_tc128_vc16384_r0,/Users/deep-diver/Developers/TUNIX-TRY/01-CCE/data/mesh_pathology_dense_a100_torch/runs/exp0079_gpu-a100-80gb-4_torch_eager_chunked_matmul_loop_b16_L512_fsdp1_tp4_tc128_vc16384_fsdp1_tp4_tc128_vc16384_r0,/Users/deep-diver/Developers/TUNIX-TRY/01-CCE/data/mesh_pathology_dense_a100_torch/runs/exp0079_gpu-a100-80gb-4_torch_eager_chunked_matmul_loop_b16_L512_fsdp1_tp4_tc128_vc16384_fsdp1_tp4_tc128_vc16384_r0/xla,,gpu-a100-80gb-4/torch_eager_chunked_matmul_loop
80,20260616T031040Z,dense-synthetic,2026-06-16T03:10:40+00:00,Chansungs-MacBook-Pro-2.local,gpu-a100-80gb-4,primary_gpu_baseline,gpu,A100-80GB,4,A100:4:80GB,torch_eager_chunked_matmul_loop,torch_microbench,PyTorch eager chunk-loop projection matmul without XLA.,chunked_matmul_loop,eager,b16_L512_fsdp1_tp4_tc128_vc32768,1,4,16,512,b16/L512,320,262144,128,32768,128/32768,64,8,512,,"fsdp=1,tp=4",3,10,0,0,-1,exp0080_gpu-a100-80gb-4_torch_eager_chunked_matmul_loop_b16_L512_fsdp1_tp4_tc128_vc32768_fsdp1_tp4_tc128_vc32768_r0,/Users/deep-diver/Developers/TUNIX-TRY/01-CCE/data/mesh_pathology_dense_a100_torch/runs/exp0080_gpu-a100-80gb-4_torch_eager_chunked_matmul_loop_b16_L512_fsdp1_tp4_tc128_vc32768_fsdp1_tp4_tc128_vc32768_r0,/Users/deep-diver/Developers/TUNIX-TRY/01-CCE/data/mesh_pathology_dense_a100_torch/runs/exp0080_gpu-a100-80gb-4_torch_eager_chunked_matmul_loop_b16_L512_fsdp1_tp4_tc128_vc32768_fsdp1_tp4_tc128_vc32768_r0/xla,,gpu-a100-80gb-4/torch_eager_chunked_matmul_loop
81,20260616T031040Z,dense-synthetic,2026-06-16T03:10:40+00:00,Chansungs-MacBook-Pro-2.local,gpu-a100-80gb-4,primary_gpu_baseline,gpu,A100-80GB,4,A100:4:80GB,torch_eager_chunked_matmul_loop,torch_microbench,PyTorch eager chunk-loop projection matmul without XLA.,chunked_matmul_loop,eager,b16_L512_fsdp1_tp4_tc128_vc65536,1,4,16,512,b16/L512,320,262144,128,65536,128/65536,64,4,256,,"fsdp=1,tp=4",3,10,0,0,-1,exp0081_gpu-a100-80gb-4_torch_eager_chunked_matmul_loop_b16_L512_fsdp1_tp4_tc128_vc65536_fsdp1_tp4_tc128_vc65536_r0,/Users/deep-diver/Developers/TUNIX-TRY/01-CCE/data/mesh_pathology_dense_a100_torch/runs/exp0081_gpu-a100-80gb-4_torch_eager_chunked_matmul_loop_b16_L512_fsdp1_tp4_tc128_vc65536_fsdp1_tp4_tc128_vc65536_r0,/Users/deep-diver/Developers/TUNIX-TRY/01-CCE/data/mesh_pathology_dense_a100_torch/runs/exp0081_gpu-a100-80gb-4_torch_eager_chunked_matmul_loop_b16_L512_fsdp1_tp4_tc128_vc65536_fsdp1_tp4_tc128_vc65536_r0/xla,,gpu-a100-80gb-4/torch_eager_chunked_matmul_loop
82,20260616T031040Z,dense-synthetic,2026-06-16T03:10:40+00:00,Chansungs-MacBook-Pro-2.local,gpu-a100-80gb-4,primary_gpu_baseline,gpu,A100-80GB,4,A100:4:80GB,torch_eager_chunked_matmul_loop,torch_microbench,PyTorch eager chunk-loop projection matmul without XLA.,chunked_matmul_loop,eager,b16_L512_fsdp1_tp4_tc128_vc131072,1,4,16,512,b16/L512,320,262144,128,131072,128/131072,64,2,128,,"fsdp=1,tp=4",3,10,0,0,-1,exp0082_gpu-a100-80gb-4_torch_eager_chunked_matmul_loop_b16_L512_fsdp1_tp4_tc128_vc131072_fsdp1_tp4_tc128_vc131072_r0,/Users/deep-diver/Developers/TUNIX-TRY/01-CCE/data/mesh_pathology_dense_a100_torch/runs/exp0082_gpu-a100-80gb-4_torch_eager_chunked_matmul_loop_b16_L512_fsdp1_tp4_tc128_vc131072_fsdp1_tp4_tc128_vc131072_r0,/Users/deep-diver/Developers/TUNIX-TRY/01-CCE/data/mesh_pathology_dense_a100_torch/runs/exp0082_gpu-a100-80gb-4_torch_eager_chunked_matmul_loop_b16_L512_fsdp1_tp4_tc128_vc131072_fsdp1_tp4_tc128_vc131072_r0/xla,,gpu-a100-80gb-4/torch_eager_chunked_matmul_loop
83,20260616T031040Z,dense-synthetic,2026-06-16T03:10:40+00:00,Chansungs-MacBook-Pro-2.local,gpu-a100-80gb-4,primary_gpu_baseline,gpu,A100-80GB,4,A100:4:80GB,torch_eager_chunked_matmul_loop,torch_microbench,PyTorch eager chunk-loop projection matmul without XLA.,chunked_matmul_loop,eager,b16_L512_fsdp1_tp4_tc128_vc262144,1,4,16,512,b16/L512,320,262144,128,262144,128/262144,64,1,64,,"fsdp=1,tp=4",3,10,0,0,-1,exp0083_gpu-a100-80gb-4_torch_eager_chunked_matmul_loop_b16_L512_fsdp1_tp4_tc128_vc262144_fsdp1_tp4_tc128_vc262144_r0,/Users/deep-diver/Developers/TUNIX-TRY/01-CCE/data/mesh_pathology_dense_a100_torch/runs/exp0083_gpu-a100-80gb-4_torch_eager_chunked_matmul_loop_b16_L512_fsdp1_tp4_tc128_vc262144_fsdp1_tp4_tc128_vc262144_r0,/Users/deep-diver/Developers/TUNIX-TRY/01-CCE/data/mesh_pathology_dense_a100_torch/runs/exp0083_gpu-a100-80gb-4_torch_eager_chunked_matmul_loop_b16_L512_fsdp1_tp4_tc128_vc262144_fsdp1_tp4_tc128_vc262144_r0/xla,,gpu-a100-80gb-4/torch_eager_chunked_matmul_loop
84,20260616T031040Z,dense-synthetic,2026-06-16T03:10:40+00:00,Chansungs-MacBook-Pro-2.local,gpu-a100-80gb-4,primary_gpu_baseline,gpu,A100-80GB,4,A100:4:80GB,torch_eager_chunked_matmul_loop,torch_microbench,PyTorch eager chunk-loop projection matmul without XLA.,chunked_matmul_loop,eager,b16_L512_fsdp1_tp4_tc256_vc4096,1,4,16,512,b16/L512,320,262144,256,4096,256/4096,32,64,2048,,"fsdp=1,tp=4",3,10,0,0,-1,exp0084_gpu-a100-80gb-4_torch_eager_chunked_matmul_loop_b16_L512_fsdp1_tp4_tc256_vc4096_fsdp1_tp4_tc256_vc4096_r0,/Users/deep-diver/Developers/TUNIX-TRY/01-CCE/data/mesh_pathology_dense_a100_torch/runs/exp0084_gpu-a100-80gb-4_torch_eager_chunked_matmul_loop_b16_L512_fsdp1_tp4_tc256_vc4096_fsdp1_tp4_tc256_vc4096_r0,/Users/deep-diver/Developers/TUNIX-TRY/01-CCE/data/mesh_pathology_dense_a100_torch/runs/exp0084_gpu-a100-80gb-4_torch_eager_chunked_matmul_loop_b16_L512_fsdp1_tp4_tc256_vc4096_fsdp1_tp4_tc256_vc4096_r0/xla,,gpu-a100-80gb-4/torch_eager_chunked_matmul_loop
85,20260616T031040Z,dense-synthetic,2026-06-16T03:10:40+00:00,Chansungs-MacBook-Pro-2.local,gpu-a100-80gb-4,primary_gpu_baseline,gpu,A100-80GB,4,A100:4:80GB,torch_eager_chunked_matmul_loop,torch_microbench,PyTorch eager chunk-loop projection matmul without XLA.,chunked_matmul_loop,eager,b16_L512_fsdp1_tp4_tc256_vc8192,1,4,16,512,b16/L512,320,262144,256,8192,256/8192,32,32,1024,,"fsdp=1,tp=4",3,10,0,0,-1,exp0085_gpu-a100-80gb-4_torch_eager_chunked_matmul_loop_b16_L512_fsdp1_tp4_tc256_vc8192_fsdp1_tp4_tc256_vc8192_r0,/Users/deep-diver/Developers/TUNIX-TRY/01-CCE/data/mesh_pathology_dense_a100_torch/runs/exp0085_gpu-a100-80gb-4_torch_eager_chunked_matmul_loop_b16_L512_fsdp1_tp4_tc256_vc8192_fsdp1_tp4_tc256_vc8192_r0,/Users/deep-diver/Developers/TUNIX-TRY/01-CCE/data/mesh_pathology_dense_a100_torch/runs/exp0085_gpu-a100-80gb-4_torch_eager_chunked_matmul_loop_b16_L512_fsdp1_tp4_tc256_vc8192_fsdp1_tp4_tc256_vc8192_r0/xla,,gpu-a100-80gb-4/torch_eager_chunked_matmul_loop
86,20260616T031040Z,dense-synthetic,2026-06-16T03:10:40+00:00,Chansungs-MacBook-Pro-2.local,gpu-a100-80gb-4,primary_gpu_baseline,gpu,A100-80GB,4,A100:4:80GB,torch_eager_chunked_matmul_loop,torch_microbench,PyTorch eager chunk-loop projection matmul without XLA.,chunked_matmul_loop,eager,b16_L512_fsdp1_tp4_tc256_vc16384,1,4,16,512,b16/L512,320,262144,256,16384,256/16384,32,16,512,,"fsdp=1,tp=4",3,10,0,0,-1,exp0086_gpu-a100-80gb-4_torch_eager_chunked_matmul_loop_b16_L512_fsdp1_tp4_tc256_vc16384_fsdp1_tp4_tc256_vc16384_r0,/Users/deep-diver/Developers/TUNIX-TRY/01-CCE/data/mesh_pathology_dense_a100_torch/runs/exp0086_gpu-a100-80gb-4_torch_eager_chunked_matmul_loop_b16_L512_fsdp1_tp4_tc256_vc16384_fsdp1_tp4_tc256_vc16384_r0,/Users/deep-diver/Developers/TUNIX-TRY/01-CCE/data/mesh_pathology_dense_a100_torch/runs/exp0086_gpu-a100-80gb-4_torch_eager_chunked_matmul_loop_b16_L512_fsdp1_tp4_tc256_vc16384_fsdp1_tp4_tc256_vc16384_r0/xla,,gpu-a100-80gb-4/torch_eager_chunked_matmul_loop
87,20260616T031040Z,dense-synthetic,2026-06-16T03:10:40+00:00,Chansungs-MacBook-Pro-2.local,gpu-a100-80gb-4,primary_gpu_baseline,gpu,A100-80GB,4,A100:4:80GB,torch_eager_chunked_matmul_loop,torch_microbench,PyTorch eager chunk-loop projection matmul without XLA.,chunked_matmul_loop,eager,b16_L512_fsdp1_tp4_tc256_vc32768,1,4,16,512,b16/L512,320,262144,256,32768,256/32768,32,8,256,,"fsdp=1,tp=4",3,10,0,0,-1,exp0087_gpu-a100-80gb-4_torch_eager_chunked_matmul_loop_b16_L512_fsdp1_tp4_tc256_vc32768_fsdp1_tp4_tc256_vc32768_r0,/Users/deep-diver/Developers/TUNIX-TRY/01-CCE/data/mesh_pathology_dense_a100_torch/runs/exp0087_gpu-a100-80gb-4_torch_eager_chunked_matmul_loop_b16_L512_fsdp1_tp4_tc256_vc32768_fsdp1_tp4_tc256_vc32768_r0,/Users/deep-diver/Developers/TUNIX-TRY/01-CCE/data/mesh_pathology_dense_a100_torch/runs/exp0087_gpu-a100-80gb-4_torch_eager_chunked_matmul_loop_b16_L512_fsdp1_tp4_tc256_vc32768_fsdp1_tp4_tc256_vc32768_r0/xla,,gpu-a100-80gb-4/torch_eager_chunked_matmul_loop
88,20260616T031040Z,dense-synthetic,2026-06-16T03:10:40+00:00,Chansungs-MacBook-Pro-2.local,gpu-a100-80gb-4,primary_gpu_baseline,gpu,A100-80GB,4,A100:4:80GB,torch_eager_chunked_matmul_loop,torch_microbench,PyTorch eager chunk-loop projection matmul without XLA.,chunked_matmul_loop,eager,b16_L512_fsdp1_tp4_tc256_vc65536,1,4,16,512,b16/L512,320,262144,256,65536,256/65536,32,4,128,,"fsdp=1,tp=4",3,10,0,0,-1,exp0088_gpu-a100-80gb-4_torch_eager_chunked_matmul_loop_b16_L512_fsdp1_tp4_tc256_vc65536_fsdp1_tp4_tc256_vc65536_r0,/Users/deep-diver/Developers/TUNIX-TRY/01-CCE/data/mesh_pathology_dense_a100_torch/runs/exp0088_gpu-a100-80gb-4_torch_eager_chunked_matmul_loop_b16_L512_fsdp1_tp4_tc256_vc65536_fsdp1_tp4_tc256_vc65536_r0,/Users/deep-diver/Developers/TUNIX-TRY/01-CCE/data/mesh_pathology_dense_a100_torch/runs/exp0088_gpu-a100-80gb-4_torch_eager_chunked_matmul_loop_b16_L512_fsdp1_tp4_tc256_vc65536_fsdp1_tp4_tc256_vc65536_r0/xla,,gpu-a100-80gb-4/torch_eager_chunked_matmul_loop
89,20260616T031040Z,dense-synthetic,2026-06-16T03:10:40+00:00,Chansungs-MacBook-Pro-2.local,gpu-a100-80gb-4,primary_gpu_baseline,gpu,A100-80GB,4,A100:4:80GB,torch_eager_chunked_matmul_loop,torch_microbench,PyTorch eager chunk-loop projection matmul without XLA.,chunked_matmul_loop,eager,b16_L512_fsdp1_tp4_tc256_vc131072,1,4,16,512,b16/L512,320,262144,256,131072,256/131072,32,2,64,,"fsdp=1,tp=4",3,10,0,0,-1,exp0089_gpu-a100-80gb-4_torch_eager_chunked_matmul_loop_b16_L512_fsdp1_tp4_tc256_vc131072_fsdp1_tp4_tc256_vc131072_r0,/Users/deep-diver/Developers/TUNIX-TRY/01-CCE/data/mesh_pathology_dense_a100_torch/runs/exp0089_gpu-a100-80gb-4_torch_eager_chunked_matmul_loop_b16_L512_fsdp1_tp4_tc256_vc131072_fsdp1_tp4_tc256_vc131072_r0,/Users/deep-diver/Developers/TUNIX-TRY/01-CCE/data/mesh_pathology_dense_a100_torch/runs/exp0089_gpu-a100-80gb-4_torch_eager_chunked_matmul_loop_b16_L512_fsdp1_tp4_tc256_vc131072_fsdp1_tp4_tc256_vc131072_r0/xla,,gpu-a100-80gb-4/torch_eager_chunked_matmul_loop
90,20260616T031040Z,dense-synthetic,2026-06-16T03:10:40+00:00,Chansungs-MacBook-Pro-2.local,gpu-a100-80gb-4,primary_gpu_baseline,gpu,A100-80GB,4,A100:4:80GB,torch_eager_chunked_matmul_loop,torch_microbench,PyTorch eager chunk-loop projection matmul without XLA.,chunked_matmul_loop,eager,b16_L512_fsdp1_tp4_tc256_vc262144,1,4,16,512,b16/L512,320,262144,256,262144,256/262144,32,1,32,,"fsdp=1,tp=4",3,10,0,0,-1,exp0090_gpu-a100-80gb-4_torch_eager_chunked_matmul_loop_b16_L512_fsdp1_tp4_tc256_vc262144_fsdp1_tp4_tc256_vc262144_r0,/Users/deep-diver/Developers/TUNIX-TRY/01-CCE/data/mesh_pathology_dense_a100_torch/runs/exp0090_gpu-a100-80gb-4_torch_eager_chunked_matmul_loop_b16_L512_fsdp1_tp4_tc256_vc262144_fsdp1_tp4_tc256_vc262144_r0,/Users/deep-diver/Developers/TUNIX-TRY/01-CCE/data/mesh_pathology_dense_a100_torch/runs/exp0090_gpu-a100-80gb-4_torch_eager_chunked_matmul_loop_b16_L512_fsdp1_tp4_tc256_vc262144_fsdp1_tp4_tc256_vc262144_r0/xla,,gpu-a100-80gb-4/torch_eager_chunked_matmul_loop
91,20260616T031040Z,dense-synthetic,2026-06-16T03:10:40+00:00,Chansungs-MacBook-Pro-2.local,gpu-a100-80gb-4,primary_gpu_baseline,gpu,A100-80GB,4,A100:4:80GB,torch_eager_chunked_matmul_loop,torch_microbench,PyTorch eager chunk-loop projection matmul without XLA.,chunked_matmul_loop,eager,b16_L512_fsdp1_tp4_tc512_vc4096,1,4,16,512,b16/L512,320,262144,512,4096,512/4096,16,64,1024,,"fsdp=1,tp=4",3,10,0,0,-1,exp0091_gpu-a100-80gb-4_torch_eager_chunked_matmul_loop_b16_L512_fsdp1_tp4_tc512_vc4096_fsdp1_tp4_tc512_vc4096_r0,/Users/deep-diver/Developers/TUNIX-TRY/01-CCE/data/mesh_pathology_dense_a100_torch/runs/exp0091_gpu-a100-80gb-4_torch_eager_chunked_matmul_loop_b16_L512_fsdp1_tp4_tc512_vc4096_fsdp1_tp4_tc512_vc4096_r0,/Users/deep-diver/Developers/TUNIX-TRY/01-CCE/data/mesh_pathology_dense_a100_torch/runs/exp0091_gpu-a100-80gb-4_torch_eager_chunked_matmul_loop_b16_L512_fsdp1_tp4_tc512_vc4096_fsdp1_tp4_tc512_vc4096_r0/xla,,gpu-a100-80gb-4/torch_eager_chunked_matmul_loop
92,20260616T031040Z,dense-synthetic,2026-06-16T03:10:40+00:00,Chansungs-MacBook-Pro-2.local,gpu-a100-80gb-4,primary_gpu_baseline,gpu,A100-80GB,4,A100:4:80GB,torch_eager_chunked_matmul_loop,torch_microbench,PyTorch eager chunk-loop projection matmul without XLA.,chunked_matmul_loop,eager,b16_L512_fsdp1_tp4_tc512_vc8192,1,4,16,512,b16/L512,320,262144,512,8192,512/8192,16,32,512,,"fsdp=1,tp=4",3,10,0,0,-1,exp0092_gpu-a100-80gb-4_torch_eager_chunked_matmul_loop_b16_L512_fsdp1_tp4_tc512_vc8192_fsdp1_tp4_tc512_vc8192_r0,/Users/deep-diver/Developers/TUNIX-TRY/01-CCE/data/mesh_pathology_dense_a100_torch/runs/exp0092_gpu-a100-80gb-4_torch_eager_chunked_matmul_loop_b16_L512_fsdp1_tp4_tc512_vc8192_fsdp1_tp4_tc512_vc8192_r0,/Users/deep-diver/Developers/TUNIX-TRY/01-CCE/data/mesh_pathology_dense_a100_torch/runs/exp0092_gpu-a100-80gb-4_torch_eager_chunked_matmul_loop_b16_L512_fsdp1_tp4_tc512_vc8192_fsdp1_tp4_tc512_vc8192_r0/xla,,gpu-a100-80gb-4/torch_eager_chunked_matmul_loop
93,20260616T031040Z,dense-synthetic,2026-06-16T03:10:40+00:00,Chansungs-MacBook-Pro-2.local,gpu-a100-80gb-4,primary_gpu_baseline,gpu,A100-80GB,4,A100:4:80GB,torch_eager_chunked_matmul_loop,torch_microbench,PyTorch eager chunk-loop projection matmul without XLA.,chunked_matmul_loop,eager,b16_L512_fsdp1_tp4_tc512_vc16384,1,4,16,512,b16/L512,320,262144,512,16384,512/16384,16,16,256,,"fsdp=1,tp=4",3,10,0,0,-1,exp0093_gpu-a100-80gb-4_torch_eager_chunked_matmul_loop_b16_L512_fsdp1_tp4_tc512_vc16384_fsdp1_tp4_tc512_vc16384_r0,/Users/deep-diver/Developers/TUNIX-TRY/01-CCE/data/mesh_pathology_dense_a100_torch/runs/exp0093_gpu-a100-80gb-4_torch_eager_chunked_matmul_loop_b16_L512_fsdp1_tp4_tc512_vc16384_fsdp1_tp4_tc512_vc16384_r0,/Users/deep-diver/Developers/TUNIX-TRY/01-CCE/data/mesh_pathology_dense_a100_torch/runs/exp0093_gpu-a100-80gb-4_torch_eager_chunked_matmul_loop_b16_L512_fsdp1_tp4_tc512_vc16384_fsdp1_tp4_tc512_vc16384_r0/xla,,gpu-a100-80gb-4/torch_eager_chunked_matmul_loop
94,20260616T031040Z,dense-synthetic,2026-06-16T03:10:40+00:00,Chansungs-MacBook-Pro-2.local,gpu-a100-80gb-4,primary_gpu_baseline,gpu,A100-80GB,4,A100:4:80GB,torch_eager_chunked_matmul_loop,torch_microbench,PyTorch eager chunk-loop projection matmul without XLA.,chunked_matmul_loop,eager,b16_L512_fsdp1_tp4_tc512_vc32768,1,4,16,512,b16/L512,320,262144,512,32768,512/32768,16,8,128,,"fsdp=1,tp=4",3,10,0,0,-1,exp0094_gpu-a100-80gb-4_torch_eager_chunked_matmul_loop_b16_L512_fsdp1_tp4_tc512_vc32768_fsdp1_tp4_tc512_vc32768_r0,/Users/deep-diver/Developers/TUNIX-TRY/01-CCE/data/mesh_pathology_dense_a100_torch/runs/exp0094_gpu-a100-80gb-4_torch_eager_chunked_matmul_loop_b16_L512_fsdp1_tp4_tc512_vc32768_fsdp1_tp4_tc512_vc32768_r0,/Users/deep-diver/Developers/TUNIX-TRY/01-CCE/data/mesh_pathology_dense_a100_torch/runs/exp0094_gpu-a100-80gb-4_torch_eager_chunked_matmul_loop_b16_L512_fsdp1_tp4_tc512_vc32768_fsdp1_tp4_tc512_vc32768_r0/xla,,gpu-a100-80gb-4/torch_eager_chunked_matmul_loop
95,20260616T031040Z,dense-synthetic,2026-06-16T03:10:40+00:00,Chansungs-MacBook-Pro-2.local,gpu-a100-80gb-4,primary_gpu_baseline,gpu,A100-80GB,4,A100:4:80GB,torch_eager_chunked_matmul_loop,torch_microbench,PyTorch eager chunk-loop projection matmul without XLA.,chunked_matmul_loop,eager,b16_L512_fsdp1_tp4_tc512_vc65536,1,4,16,512,b16/L512,320,262144,512,65536,512/65536,16,4,64,,"fsdp=1,tp=4",3,10,0,0,-1,exp0095_gpu-a100-80gb-4_torch_eager_chunked_matmul_loop_b16_L512_fsdp1_tp4_tc512_vc65536_fsdp1_tp4_tc512_vc65536_r0,/Users/deep-diver/Developers/TUNIX-TRY/01-CCE/data/mesh_pathology_dense_a100_torch/runs/exp0095_gpu-a100-80gb-4_torch_eager_chunked_matmul_loop_b16_L512_fsdp1_tp4_tc512_vc65536_fsdp1_tp4_tc512_vc65536_r0,/Users/deep-diver/Developers/TUNIX-TRY/01-CCE/data/mesh_pathology_dense_a100_torch/runs/exp0095_gpu-a100-80gb-4_torch_eager_chunked_matmul_loop_b16_L512_fsdp1_tp4_tc512_vc65536_fsdp1_tp4_tc512_vc65536_r0/xla,,gpu-a100-80gb-4/torch_eager_chunked_matmul_loop
96,20260616T031040Z,dense-synthetic,2026-06-16T03:10:40+00:00,Chansungs-MacBook-Pro-2.local,gpu-a100-80gb-4,primary_gpu_baseline,gpu,A100-80GB,4,A100:4:80GB,torch_eager_chunked_matmul_loop,torch_microbench,PyTorch eager chunk-loop projection matmul without XLA.,chunked_matmul_loop,eager,b16_L512_fsdp1_tp4_tc512_vc131072,1,4,16,512,b16/L512,320,262144,512,131072,512/131072,16,2,32,,"fsdp=1,tp=4",3,10,0,0,-1,exp0096_gpu-a100-80gb-4_torch_eager_chunked_matmul_loop_b16_L512_fsdp1_tp4_tc512_vc131072_fsdp1_tp4_tc512_vc131072_r0,/Users/deep-diver/Developers/TUNIX-TRY/01-CCE/data/mesh_pathology_dense_a100_torch/runs/exp0096_gpu-a100-80gb-4_torch_eager_chunked_matmul_loop_b16_L512_fsdp1_tp4_tc512_vc131072_fsdp1_tp4_tc512_vc131072_r0,/Users/deep-diver/Developers/TUNIX-TRY/01-CCE/data/mesh_pathology_dense_a100_torch/runs/exp0096_gpu-a100-80gb-4_torch_eager_chunked_matmul_loop_b16_L512_fsdp1_tp4_tc512_vc131072_fsdp1_tp4_tc512_vc131072_r0/xla,,gpu-a100-80gb-4/torch_eager_chunked_matmul_loop
97,20260616T031040Z,dense-synthetic,2026-06-16T03:10:40+00:00,Chansungs-MacBook-Pro-2.local,gpu-a100-80gb-4,primary_gpu_baseline,gpu,A100-80GB,4,A100:4:80GB,torch_eager_chunked_matmul_loop,torch_microbench,PyTorch eager chunk-loop projection matmul without XLA.,chunked_matmul_loop,eager,b16_L512_fsdp1_tp4_tc512_vc262144,1,4,16,512,b16/L512,320,262144,512,262144,512/262144,16,1,16,,"fsdp=1,tp=4",3,10,0,0,-1,exp0097_gpu-a100-80gb-4_torch_eager_chunked_matmul_loop_b16_L512_fsdp1_tp4_tc512_vc262144_fsdp1_tp4_tc512_vc262144_r0,/Users/deep-diver/Developers/TUNIX-TRY/01-CCE/data/mesh_pathology_dense_a100_torch/runs/exp0097_gpu-a100-80gb-4_torch_eager_chunked_matmul_loop_b16_L512_fsdp1_tp4_tc512_vc262144_fsdp1_tp4_tc512_vc262144_r0,/Users/deep-diver/Developers/TUNIX-TRY/01-CCE/data/mesh_pathology_dense_a100_torch/runs/exp0097_gpu-a100-80gb-4_torch_eager_chunked_matmul_loop_b16_L512_fsdp1_tp4_tc512_vc262144_fsdp1_tp4_tc512_vc262144_r0/xla,,gpu-a100-80gb-4/torch_eager_chunked_matmul_loop
98,20260616T031040Z,dense-synthetic,2026-06-16T03:10:40+00:00,Chansungs-MacBook-Pro-2.local,gpu-a100-80gb-4,primary_gpu_baseline,gpu,A100-80GB,4,A100:4:80GB,torch_eager_chunked_matmul_loop,torch_microbench,PyTorch eager chunk-loop projection matmul without XLA.,chunked_matmul_loop,eager,b16_L512_fsdp1_tp4_tc1024_vc4096,1,4,16,512,b16/L512,320,262144,1024,4096,1024/4096,8,64,512,,"fsdp=1,tp=4",3,10,0,0,-1,exp0098_gpu-a100-80gb-4_torch_eager_chunked_matmul_loop_b16_L512_fsdp1_tp4_tc1024_vc4096_fsdp1_tp4_tc1024_vc4096_r0,/Users/deep-diver/Developers/TUNIX-TRY/01-CCE/data/mesh_pathology_dense_a100_torch/runs/exp0098_gpu-a100-80gb-4_torch_eager_chunked_matmul_loop_b16_L512_fsdp1_tp4_tc1024_vc4096_fsdp1_tp4_tc1024_vc4096_r0,/Users/deep-diver/Developers/TUNIX-TRY/01-CCE/data/mesh_pathology_dense_a100_torch/runs/exp0098_gpu-a100-80gb-4_torch_eager_chunked_matmul_loop_b16_L512_fsdp1_tp4_tc1024_vc4096_fsdp1_tp4_tc1024_vc4096_r0/xla,,gpu-a100-80gb-4/torch_eager_chunked_matmul_loop
99,20260616T031040Z,dense-synthetic,2026-06-16T03:10:40+00:00,Chansungs-MacBook-Pro-2.local,gpu-a100-80gb-4,primary_gpu_baseline,gpu,A100-80GB,4,A100:4:80GB,torch_eager_chunked_matmul_loop,torch_microbench,PyTorch eager chunk-loop projection matmul without XLA.,chunked_matmul_loop,eager,b16_L512_fsdp1_tp4_tc1024_vc8192,1,4,16,512,b16/L512,320,262144,1024,8192,1024/8192,8,32,256,,"fsdp=1,tp=4",3,10,0,0,-1,exp0099_gpu-a100-80gb-4_torch_eager_chunked_matmul_loop_b16_L512_fsdp1_tp4_tc1024_vc8192_fsdp1_tp4_tc1024_vc8192_r0,/Users/deep-diver/Developers/TUNIX-TRY/01-CCE/data/mesh_pathology_dense_a100_torch/runs/exp0099_gpu-a100-80gb-4_torch_eager_chunked_matmul_loop_b16_L512_fsdp1_tp4_tc1024_vc8192_fsdp1_tp4_tc1024_vc8192_r0,/Users/deep-diver/Developers/TUNIX-TRY/01-CCE/data/mesh_pathology_dense_a100_torch/runs/exp0099_gpu-a100-80gb-4_torch_eager_chunked_matmul_loop_b16_L512_fsdp1_tp4_tc1024_vc8192_fsdp1_tp4_tc1024_vc8192_r0/xla,,gpu-a100-80gb-4/torch_eager_chunked_matmul_loop
100,20260616T031040Z,dense-synthetic,2026-06-16T03:10:40+00:00,Chansungs-MacBook-Pro-2.local,gpu-a100-80gb-4,primary_gpu_baseline,gpu,A100-80GB,4,A100:4:80GB,torch_eager_chunked_matmul_loop,torch_microbench,PyTorch eager chunk-loop projection matmul without XLA.,chunked_matmul_loop,eager,b16_L512_fsdp1_tp4_tc1024_vc16384,1,4,16,512,b16/L512,320,262144,1024,16384,1024/16384,8,16,128,,"fsdp=1,tp=4",3,10,0,0,-1,exp0100_gpu-a100-80gb-4_torch_eager_chunked_matmul_loop_b16_L512_fsdp1_tp4_tc1024_vc16384_fsdp1_tp4_tc1024_vc16384_r0,/Users/deep-diver/Developers/TUNIX-TRY/01-CCE/data/mesh_pathology_dense_a100_torch/runs/exp0100_gpu-a100-80gb-4_torch_eager_chunked_matmul_loop_b16_L512_fsdp1_tp4_tc1024_vc16384_fsdp1_tp4_tc1024_vc16384_r0,/Users/deep-diver/Developers/TUNIX-TRY/01-CCE/data/mesh_pathology_dense_a100_torch/runs/exp0100_gpu-a100-80gb-4_torch_eager_chunked_matmul_loop_b16_L512_fsdp1_tp4_tc1024_vc16384_fsdp1_tp4_tc1024_vc16384_r0/xla,,gpu-a100-80gb-4/torch_eager_chunked_matmul_loop
101,20260616T031040Z,dense-synthetic,2026-06-16T03:10:40+00:00,Chansungs-MacBook-Pro-2.local,gpu-a100-80gb-4,primary_gpu_baseline,gpu,A100-80GB,4,A100:4:80GB,torch_eager_chunked_matmul_loop,torch_microbench,PyTorch eager chunk-loop projection matmul without XLA.,chunked_matmul_loop,eager,b16_L512_fsdp1_tp4_tc1024_vc32768,1,4,16,512,b16/L512,320,262144,1024,32768,1024/32768,8,8,64,,"fsdp=1,tp=4",3,10,0,0,-1,exp0101_gpu-a100-80gb-4_torch_eager_chunked_matmul_loop_b16_L512_fsdp1_tp4_tc1024_vc32768_fsdp1_tp4_tc1024_vc32768_r0,/Users/deep-diver/Developers/TUNIX-TRY/01-CCE/data/mesh_pathology_dense_a100_torch/runs/exp0101_gpu-a100-80gb-4_torch_eager_chunked_matmul_loop_b16_L512_fsdp1_tp4_tc1024_vc32768_fsdp1_tp4_tc1024_vc32768_r0,/Users/deep-diver/Developers/TUNIX-TRY/01-CCE/data/mesh_pathology_dense_a100_torch/runs/exp0101_gpu-a100-80gb-4_torch_eager_chunked_matmul_loop_b16_L512_fsdp1_tp4_tc1024_vc32768_fsdp1_tp4_tc1024_vc32768_r0/xla,,gpu-a100-80gb-4/torch_eager_chunked_matmul_loop
102,20260616T031040Z,dense-synthetic,2026-06-16T03:10:40+00:00,Chansungs-MacBook-Pro-2.local,gpu-a100-80gb-4,primary_gpu_baseline,gpu,A100-80GB,4,A100:4:80GB,torch_eager_chunked_matmul_loop,torch_microbench,PyTorch eager chunk-loop projection matmul without XLA.,chunked_matmul_loop,eager,b16_L512_fsdp1_tp4_tc1024_vc65536,1,4,16,512,b16/L512,320,262144,1024,65536,1024/65536,8,4,32,,"fsdp=1,tp=4",3,10,0,0,-1,exp0102_gpu-a100-80gb-4_torch_eager_chunked_matmul_loop_b16_L512_fsdp1_tp4_tc1024_vc65536_fsdp1_tp4_tc1024_vc65536_r0,/Users/deep-diver/Developers/TUNIX-TRY/01-CCE/data/mesh_pathology_dense_a100_torch/runs/exp0102_gpu-a100-80gb-4_torch_eager_chunked_matmul_loop_b16_L512_fsdp1_tp4_tc1024_vc65536_fsdp1_tp4_tc1024_vc65536_r0,/Users/deep-diver/Developers/TUNIX-TRY/01-CCE/data/mesh_pathology_dense_a100_torch/runs/exp0102_gpu-a100-80gb-4_torch_eager_chunked_matmul_loop_b16_L512_fsdp1_tp4_tc1024_vc65536_fsdp1_tp4_tc1024_vc65536_r0/xla,,gpu-a100-80gb-4/torch_eager_chunked_matmul_loop
103,20260616T031040Z,dense-synthetic,2026-06-16T03:10:40+00:00,Chansungs-MacBook-Pro-2.local,gpu-a100-80gb-4,primary_gpu_baseline,gpu,A100-80GB,4,A100:4:80GB,torch_eager_chunked_matmul_loop,torch_microbench,PyTorch eager chunk-loop projection matmul without XLA.,chunked_matmul_loop,eager,b16_L512_fsdp1_tp4_tc1024_vc131072,1,4,16,512,b16/L512,320,262144,1024,131072,1024/131072,8,2,16,,"fsdp=1,tp=4",3,10,0,0,-1,exp0103_gpu-a100-80gb-4_torch_eager_chunked_matmul_loop_b16_L512_fsdp1_tp4_tc1024_vc131072_fsdp1_tp4_tc1024_vc131072_r0,/Users/deep-diver/Developers/TUNIX-TRY/01-CCE/data/mesh_pathology_dense_a100_torch/runs/exp0103_gpu-a100-80gb-4_torch_eager_chunked_matmul_loop_b16_L512_fsdp1_tp4_tc1024_vc131072_fsdp1_tp4_tc1024_vc131072_r0,/Users/deep-diver/Developers/TUNIX-TRY/01-CCE/data/mesh_pathology_dense_a100_torch/runs/exp0103_gpu-a100-80gb-4_torch_eager_chunked_matmul_loop_b16_L512_fsdp1_tp4_tc1024_vc131072_fsdp1_tp4_tc1024_vc131072_r0/xla,,gpu-a100-80gb-4/torch_eager_chunked_matmul_loop
104,20260616T031040Z,dense-synthetic,2026-06-16T03:10:40+00:00,Chansungs-MacBook-Pro-2.local,gpu-a100-80gb-4,primary_gpu_baseline,gpu,A100-80GB,4,A100:4:80GB,torch_eager_chunked_matmul_loop,torch_microbench,PyTorch eager chunk-loop projection matmul without XLA.,chunked_matmul_loop,eager,b16_L512_fsdp1_tp4_tc1024_vc262144,1,4,16,512,b16/L512,320,262144,1024,262144,1024/262144,8,1,8,,"fsdp=1,tp=4",3,10,0,0,-1,exp0104_gpu-a100-80gb-4_torch_eager_chunked_matmul_loop_b16_L512_fsdp1_tp4_tc1024_vc262144_fsdp1_tp4_tc1024_vc262144_r0,/Users/deep-diver/Developers/TUNIX-TRY/01-CCE/data/mesh_pathology_dense_a100_torch/runs/exp0104_gpu-a100-80gb-4_torch_eager_chunked_matmul_loop_b16_L512_fsdp1_tp4_tc1024_vc262144_fsdp1_tp4_tc1024_vc262144_r0,/Users/deep-diver/Developers/TUNIX-TRY/01-CCE/data/mesh_pathology_dense_a100_torch/runs/exp0104_gpu-a100-80gb-4_torch_eager_chunked_matmul_loop_b16_L512_fsdp1_tp4_tc1024_vc262144_fsdp1_tp4_tc1024_vc262144_r0/xla,,gpu-a100-80gb-4/torch_eager_chunked_matmul_loop
105,20260616T031040Z,dense-synthetic,2026-06-16T03:10:40+00:00,Chansungs-MacBook-Pro-2.local,gpu-a100-80gb-4,primary_gpu_baseline,gpu,A100-80GB,4,A100:4:80GB,torch_eager_collective_loop,torch_microbench,PyTorch eager repeated NCCL all-reduce over chunk-sized tensors.,collective_loop,eager,b16_L512_fsdp4_tp1_tc64_vc4096,4,1,16,512,b16/L512,320,262144,64,4096,64/4096,128,64,8192,,"fsdp=4,tp=1",3,10,0,0,-1,exp0105_gpu-a100-80gb-4_torch_eager_collective_loop_b16_L512_fsdp4_tp1_tc64_vc4096_fsdp4_tp1_tc64_vc4096_r0,/Users/deep-diver/Developers/TUNIX-TRY/01-CCE/data/mesh_pathology_dense_a100_torch/runs/exp0105_gpu-a100-80gb-4_torch_eager_collective_loop_b16_L512_fsdp4_tp1_tc64_vc4096_fsdp4_tp1_tc64_vc4096_r0,/Users/deep-diver/Developers/TUNIX-TRY/01-CCE/data/mesh_pathology_dense_a100_torch/runs/exp0105_gpu-a100-80gb-4_torch_eager_collective_loop_b16_L512_fsdp4_tp1_tc64_vc4096_fsdp4_tp1_tc64_vc4096_r0/xla,,gpu-a100-80gb-4/torch_eager_collective_loop
106,20260616T031040Z,dense-synthetic,2026-06-16T03:10:40+00:00,Chansungs-MacBook-Pro-2.local,gpu-a100-80gb-4,primary_gpu_baseline,gpu,A100-80GB,4,A100:4:80GB,torch_eager_collective_loop,torch_microbench,PyTorch eager repeated NCCL all-reduce over chunk-sized tensors.,collective_loop,eager,b16_L512_fsdp4_tp1_tc64_vc8192,4,1,16,512,b16/L512,320,262144,64,8192,64/8192,128,32,4096,,"fsdp=4,tp=1",3,10,0,0,-1,exp0106_gpu-a100-80gb-4_torch_eager_collective_loop_b16_L512_fsdp4_tp1_tc64_vc8192_fsdp4_tp1_tc64_vc8192_r0,/Users/deep-diver/Developers/TUNIX-TRY/01-CCE/data/mesh_pathology_dense_a100_torch/runs/exp0106_gpu-a100-80gb-4_torch_eager_collective_loop_b16_L512_fsdp4_tp1_tc64_vc8192_fsdp4_tp1_tc64_vc8192_r0,/Users/deep-diver/Developers/TUNIX-TRY/01-CCE/data/mesh_pathology_dense_a100_torch/runs/exp0106_gpu-a100-80gb-4_torch_eager_collective_loop_b16_L512_fsdp4_tp1_tc64_vc8192_fsdp4_tp1_tc64_vc8192_r0/xla,,gpu-a100-80gb-4/torch_eager_collective_loop
107,20260616T031040Z,dense-synthetic,2026-06-16T03:10:40+00:00,Chansungs-MacBook-Pro-2.local,gpu-a100-80gb-4,primary_gpu_baseline,gpu,A100-80GB,4,A100:4:80GB,torch_eager_collective_loop,torch_microbench,PyTorch eager repeated NCCL all-reduce over chunk-sized tensors.,collective_loop,eager,b16_L512_fsdp4_tp1_tc64_vc16384,4,1,16,512,b16/L512,320,262144,64,16384,64/16384,128,16,2048,,"fsdp=4,tp=1",3,10,0,0,-1,exp0107_gpu-a100-80gb-4_torch_eager_collective_loop_b16_L512_fsdp4_tp1_tc64_vc16384_fsdp4_tp1_tc64_vc16384_r0,/Users/deep-diver/Developers/TUNIX-TRY/01-CCE/data/mesh_pathology_dense_a100_torch/runs/exp0107_gpu-a100-80gb-4_torch_eager_collective_loop_b16_L512_fsdp4_tp1_tc64_vc16384_fsdp4_tp1_tc64_vc16384_r0,/Users/deep-diver/Developers/TUNIX-TRY/01-CCE/data/mesh_pathology_dense_a100_torch/runs/exp0107_gpu-a100-80gb-4_torch_eager_collective_loop_b16_L512_fsdp4_tp1_tc64_vc16384_fsdp4_tp1_tc64_vc16384_r0/xla,,gpu-a100-80gb-4/torch_eager_collective_loop
108,20260616T031040Z,dense-synthetic,2026-06-16T03:10:40+00:00,Chansungs-MacBook-Pro-2.local,gpu-a100-80gb-4,primary_gpu_baseline,gpu,A100-80GB,4,A100:4:80GB,torch_eager_collective_loop,torch_microbench,PyTorch eager repeated NCCL all-reduce over chunk-sized tensors.,collective_loop,eager,b16_L512_fsdp4_tp1_tc64_vc32768,4,1,16,512,b16/L512,320,262144,64,32768,64/32768,128,8,1024,,"fsdp=4,tp=1",3,10,0,0,-1,exp0108_gpu-a100-80gb-4_torch_eager_collective_loop_b16_L512_fsdp4_tp1_tc64_vc32768_fsdp4_tp1_tc64_vc32768_r0,/Users/deep-diver/Developers/TUNIX-TRY/01-CCE/data/mesh_pathology_dense_a100_torch/runs/exp0108_gpu-a100-80gb-4_torch_eager_collective_loop_b16_L512_fsdp4_tp1_tc64_vc32768_fsdp4_tp1_tc64_vc32768_r0,/Users/deep-diver/Developers/TUNIX-TRY/01-CCE/data/mesh_pathology_dense_a100_torch/runs/exp0108_gpu-a100-80gb-4_torch_eager_collective_loop_b16_L512_fsdp4_tp1_tc64_vc32768_fsdp4_tp1_tc64_vc32768_r0/xla,,gpu-a100-80gb-4/torch_eager_collective_loop
109,20260616T031040Z,dense-synthetic,2026-06-16T03:10:40+00:00,Chansungs-MacBook-Pro-2.local,gpu-a100-80gb-4,primary_gpu_baseline,gpu,A100-80GB,4,A100:4:80GB,torch_eager_collective_loop,torch_microbench,PyTorch eager repeated NCCL all-reduce over chunk-sized tensors.,collective_loop,eager,b16_L512_fsdp4_tp1_tc64_vc65536,4,1,16,512,b16/L512,320,262144,64,65536,64/65536,128,4,512,,"fsdp=4,tp=1",3,10,0,0,-1,exp0109_gpu-a100-80gb-4_torch_eager_collective_loop_b16_L512_fsdp4_tp1_tc64_vc65536_fsdp4_tp1_tc64_vc65536_r0,/Users/deep-diver/Developers/TUNIX-TRY/01-CCE/data/mesh_pathology_dense_a100_torch/runs/exp0109_gpu-a100-80gb-4_torch_eager_collective_loop_b16_L512_fsdp4_tp1_tc64_vc65536_fsdp4_tp1_tc64_vc65536_r0,/Users/deep-diver/Developers/TUNIX-TRY/01-CCE/data/mesh_pathology_dense_a100_torch/runs/exp0109_gpu-a100-80gb-4_torch_eager_collective_loop_b16_L512_fsdp4_tp1_tc64_vc65536_fsdp4_tp1_tc64_vc65536_r0/xla,,gpu-a100-80gb-4/torch_eager_collective_loop
110,20260616T031040Z,dense-synthetic,2026-06-16T03:10:40+00:00,Chansungs-MacBook-Pro-2.local,gpu-a100-80gb-4,primary_gpu_baseline,gpu,A100-80GB,4,A100:4:80GB,torch_eager_collective_loop,torch_microbench,PyTorch eager repeated NCCL all-reduce over chunk-sized tensors.,collective_loop,eager,b16_L512_fsdp4_tp1_tc64_vc131072,4,1,16,512,b16/L512,320,262144,64,131072,64/131072,128,2,256,,"fsdp=4,tp=1",3,10,0,0,-1,exp0110_gpu-a100-80gb-4_torch_eager_collective_loop_b16_L512_fsdp4_tp1_tc64_vc131072_fsdp4_tp1_tc64_vc131072_r0,/Users/deep-diver/Developers/TUNIX-TRY/01-CCE/data/mesh_pathology_dense_a100_torch/runs/exp0110_gpu-a100-80gb-4_torch_eager_collective_loop_b16_L512_fsdp4_tp1_tc64_vc131072_fsdp4_tp1_tc64_vc131072_r0,/Users/deep-diver/Developers/TUNIX-TRY/01-CCE/data/mesh_pathology_dense_a100_torch/runs/exp0110_gpu-a100-80gb-4_torch_eager_collective_loop_b16_L512_fsdp4_tp1_tc64_vc131072_fsdp4_tp1_tc64_vc131072_r0/xla,,gpu-a100-80gb-4/torch_eager_collective_loop
111,20260616T031040Z,dense-synthetic,2026-06-16T03:10:40+00:00,Chansungs-MacBook-Pro-2.local,gpu-a100-80gb-4,primary_gpu_baseline,gpu,A100-80GB,4,A100:4:80GB,torch_eager_collective_loop,torch_microbench,PyTorch eager repeated NCCL all-reduce over chunk-sized tensors.,collective_loop,eager,b16_L512_fsdp4_tp1_tc64_vc262144,4,1,16,512,b16/L512,320,262144,64,262144,64/262144,128,1,128,,"fsdp=4,tp=1",3,10,0,0,-1,exp0111_gpu-a100-80gb-4_torch_eager_collective_loop_b16_L512_fsdp4_tp1_tc64_vc262144_fsdp4_tp1_tc64_vc262144_r0,/Users/deep-diver/Developers/TUNIX-TRY/01-CCE/data/mesh_pathology_dense_a100_torch/runs/exp0111_gpu-a100-80gb-4_torch_eager_collective_loop_b16_L512_fsdp4_tp1_tc64_vc262144_fsdp4_tp1_tc64_vc262144_r0,/Users/deep-diver/Developers/TUNIX-TRY/01-CCE/data/mesh_pathology_dense_a100_torch/runs/exp0111_gpu-a100-80gb-4_torch_eager_collective_loop_b16_L512_fsdp4_tp1_tc64_vc262144_fsdp4_tp1_tc64_vc262144_r0/xla,,gpu-a100-80gb-4/torch_eager_collective_loop
112,20260616T031040Z,dense-synthetic,2026-06-16T03:10:40+00:00,Chansungs-MacBook-Pro-2.local,gpu-a100-80gb-4,primary_gpu_baseline,gpu,A100-80GB,4,A100:4:80GB,torch_eager_collective_loop,torch_microbench,PyTorch eager repeated NCCL all-reduce over chunk-sized tensors.,collective_loop,eager,b16_L512_fsdp4_tp1_tc128_vc4096,4,1,16,512,b16/L512,320,262144,128,4096,128/4096,64,64,4096,,"fsdp=4,tp=1",3,10,0,0,-1,exp0112_gpu-a100-80gb-4_torch_eager_collective_loop_b16_L512_fsdp4_tp1_tc128_vc4096_fsdp4_tp1_tc128_vc4096_r0,/Users/deep-diver/Developers/TUNIX-TRY/01-CCE/data/mesh_pathology_dense_a100_torch/runs/exp0112_gpu-a100-80gb-4_torch_eager_collective_loop_b16_L512_fsdp4_tp1_tc128_vc4096_fsdp4_tp1_tc128_vc4096_r0,/Users/deep-diver/Developers/TUNIX-TRY/01-CCE/data/mesh_pathology_dense_a100_torch/runs/exp0112_gpu-a100-80gb-4_torch_eager_collective_loop_b16_L512_fsdp4_tp1_tc128_vc4096_fsdp4_tp1_tc128_vc4096_r0/xla,,gpu-a100-80gb-4/torch_eager_collective_loop
113,20260616T031040Z,dense-synthetic,2026-06-16T03:10:40+00:00,Chansungs-MacBook-Pro-2.local,gpu-a100-80gb-4,primary_gpu_baseline,gpu,A100-80GB,4,A100:4:80GB,torch_eager_collective_loop,torch_microbench,PyTorch eager repeated NCCL all-reduce over chunk-sized tensors.,collective_loop,eager,b16_L512_fsdp4_tp1_tc128_vc8192,4,1,16,512,b16/L512,320,262144,128,8192,128/8192,64,32,2048,,"fsdp=4,tp=1",3,10,0,0,-1,exp0113_gpu-a100-80gb-4_torch_eager_collective_loop_b16_L512_fsdp4_tp1_tc128_vc8192_fsdp4_tp1_tc128_vc8192_r0,/Users/deep-diver/Developers/TUNIX-TRY/01-CCE/data/mesh_pathology_dense_a100_torch/runs/exp0113_gpu-a100-80gb-4_torch_eager_collective_loop_b16_L512_fsdp4_tp1_tc128_vc8192_fsdp4_tp1_tc128_vc8192_r0,/Users/deep-diver/Developers/TUNIX-TRY/01-CCE/data/mesh_pathology_dense_a100_torch/runs/exp0113_gpu-a100-80gb-4_torch_eager_collective_loop_b16_L512_fsdp4_tp1_tc128_vc8192_fsdp4_tp1_tc128_vc8192_r0/xla,,gpu-a100-80gb-4/torch_eager_collective_loop
114,20260616T031040Z,dense-synthetic,2026-06-16T03:10:40+00:00,Chansungs-MacBook-Pro-2.local,gpu-a100-80gb-4,primary_gpu_baseline,gpu,A100-80GB,4,A100:4:80GB,torch_eager_collective_loop,torch_microbench,PyTorch eager repeated NCCL all-reduce over chunk-sized tensors.,collective_loop,eager,b16_L512_fsdp4_tp1_tc128_vc16384,4,1,16,512,b16/L512,320,262144,128,16384,128/16384,64,16,1024,,"fsdp=4,tp=1",3,10,0,0,-1,exp0114_gpu-a100-80gb-4_torch_eager_collective_loop_b16_L512_fsdp4_tp1_tc128_vc16384_fsdp4_tp1_tc128_vc16384_r0,/Users/deep-diver/Developers/TUNIX-TRY/01-CCE/data/mesh_pathology_dense_a100_torch/runs/exp0114_gpu-a100-80gb-4_torch_eager_collective_loop_b16_L512_fsdp4_tp1_tc128_vc16384_fsdp4_tp1_tc128_vc16384_r0,/Users/deep-diver/Developers/TUNIX-TRY/01-CCE/data/mesh_pathology_dense_a100_torch/runs/exp0114_gpu-a100-80gb-4_torch_eager_collective_loop_b16_L512_fsdp4_tp1_tc128_vc16384_fsdp4_tp1_tc128_vc16384_r0/xla,,gpu-a100-80gb-4/torch_eager_collective_loop
115,20260616T031040Z,dense-synthetic,2026-06-16T03:10:40+00:00,Chansungs-MacBook-Pro-2.local,gpu-a100-80gb-4,primary_gpu_baseline,gpu,A100-80GB,4,A100:4:80GB,torch_eager_collective_loop,torch_microbench,PyTorch eager repeated NCCL all-reduce over chunk-sized tensors.,collective_loop,eager,b16_L512_fsdp4_tp1_tc128_vc32768,4,1,16,512,b16/L512,320,262144,128,32768,128/32768,64,8,512,,"fsdp=4,tp=1",3,10,0,0,-1,exp0115_gpu-a100-80gb-4_torch_eager_collective_loop_b16_L512_fsdp4_tp1_tc128_vc32768_fsdp4_tp1_tc128_vc32768_r0,/Users/deep-diver/Developers/TUNIX-TRY/01-CCE/data/mesh_pathology_dense_a100_torch/runs/exp0115_gpu-a100-80gb-4_torch_eager_collective_loop_b16_L512_fsdp4_tp1_tc128_vc32768_fsdp4_tp1_tc128_vc32768_r0,/Users/deep-diver/Developers/TUNIX-TRY/01-CCE/data/mesh_pathology_dense_a100_torch/runs/exp0115_gpu-a100-80gb-4_torch_eager_collective_loop_b16_L512_fsdp4_tp1_tc128_vc32768_fsdp4_tp1_tc128_vc32768_r0/xla,,gpu-a100-80gb-4/torch_eager_collective_loop
116,20260616T031040Z,dense-synthetic,2026-06-16T03:10:40+00:00,Chansungs-MacBook-Pro-2.local,gpu-a100-80gb-4,primary_gpu_baseline,gpu,A100-80GB,4,A100:4:80GB,torch_eager_collective_loop,torch_microbench,PyTorch eager repeated NCCL all-reduce over chunk-sized tensors.,collective_loop,eager,b16_L512_fsdp4_tp1_tc128_vc65536,4,1,16,512,b16/L512,320,262144,128,65536,128/65536,64,4,256,,"fsdp=4,tp=1",3,10,0,0,-1,exp0116_gpu-a100-80gb-4_torch_eager_collective_loop_b16_L512_fsdp4_tp1_tc128_vc65536_fsdp4_tp1_tc128_vc65536_r0,/Users/deep-diver/Developers/TUNIX-TRY/01-CCE/data/mesh_pathology_dense_a100_torch/runs/exp0116_gpu-a100-80gb-4_torch_eager_collective_loop_b16_L512_fsdp4_tp1_tc128_vc65536_fsdp4_tp1_tc128_vc65536_r0,/Users/deep-diver/Developers/TUNIX-TRY/01-CCE/data/mesh_pathology_dense_a100_torch/runs/exp0116_gpu-a100-80gb-4_torch_eager_collective_loop_b16_L512_fsdp4_tp1_tc128_vc65536_fsdp4_tp1_tc128_vc65536_r0/xla,,gpu-a100-80gb-4/torch_eager_collective_loop
117,20260616T031040Z,dense-synthetic,2026-06-16T03:10:40+00:00,Chansungs-MacBook-Pro-2.local,gpu-a100-80gb-4,primary_gpu_baseline,gpu,A100-80GB,4,A100:4:80GB,torch_eager_collective_loop,torch_microbench,PyTorch eager repeated NCCL all-reduce over chunk-sized tensors.,collective_loop,eager,b16_L512_fsdp4_tp1_tc128_vc131072,4,1,16,512,b16/L512,320,262144,128,131072,128/131072,64,2,128,,"fsdp=4,tp=1",3,10,0,0,-1,exp0117_gpu-a100-80gb-4_torch_eager_collective_loop_b16_L512_fsdp4_tp1_tc128_vc131072_fsdp4_tp1_tc128_vc131072_r0,/Users/deep-diver/Developers/TUNIX-TRY/01-CCE/data/mesh_pathology_dense_a100_torch/runs/exp0117_gpu-a100-80gb-4_torch_eager_collective_loop_b16_L512_fsdp4_tp1_tc128_vc131072_fsdp4_tp1_tc128_vc131072_r0,/Users/deep-diver/Developers/TUNIX-TRY/01-CCE/data/mesh_pathology_dense_a100_torch/runs/exp0117_gpu-a100-80gb-4_torch_eager_collective_loop_b16_L512_fsdp4_tp1_tc128_vc131072_fsdp4_tp1_tc128_vc131072_r0/xla,,gpu-a100-80gb-4/torch_eager_collective_loop
118,20260616T031040Z,dense-synthetic,2026-06-16T03:10:40+00:00,Chansungs-MacBook-Pro-2.local,gpu-a100-80gb-4,primary_gpu_baseline,gpu,A100-80GB,4,A100:4:80GB,torch_eager_collective_loop,torch_microbench,PyTorch eager repeated NCCL all-reduce over chunk-sized tensors.,collective_loop,eager,b16_L512_fsdp4_tp1_tc128_vc262144,4,1,16,512,b16/L512,320,262144,128,262144,128/262144,64,1,64,,"fsdp=4,tp=1",3,10,0,0,-1,exp0118_gpu-a100-80gb-4_torch_eager_collective_loop_b16_L512_fsdp4_tp1_tc128_vc262144_fsdp4_tp1_tc128_vc262144_r0,/Users/deep-diver/Developers/TUNIX-TRY/01-CCE/data/mesh_pathology_dense_a100_torch/runs/exp0118_gpu-a100-80gb-4_torch_eager_collective_loop_b16_L512_fsdp4_tp1_tc128_vc262144_fsdp4_tp1_tc128_vc262144_r0,/Users/deep-diver/Developers/TUNIX-TRY/01-CCE/data/mesh_pathology_dense_a100_torch/runs/exp0118_gpu-a100-80gb-4_torch_eager_collective_loop_b16_L512_fsdp4_tp1_tc128_vc262144_fsdp4_tp1_tc128_vc262144_r0/xla,,gpu-a100-80gb-4/torch_eager_collective_loop
119,20260616T031040Z,dense-synthetic,2026-06-16T03:10:40+00:00,Chansungs-MacBook-Pro-2.local,gpu-a100-80gb-4,primary_gpu_baseline,gpu,A100-80GB,4,A100:4:80GB,torch_eager_collective_loop,torch_microbench,PyTorch eager repeated NCCL all-reduce over chunk-sized tensors.,collective_loop,eager,b16_L512_fsdp4_tp1_tc256_vc4096,4,1,16,512,b16/L512,320,262144,256,4096,256/4096,32,64,2048,,"fsdp=4,tp=1",3,10,0,0,-1,exp0119_gpu-a100-80gb-4_torch_eager_collective_loop_b16_L512_fsdp4_tp1_tc256_vc4096_fsdp4_tp1_tc256_vc4096_r0,/Users/deep-diver/Developers/TUNIX-TRY/01-CCE/data/mesh_pathology_dense_a100_torch/runs/exp0119_gpu-a100-80gb-4_torch_eager_collective_loop_b16_L512_fsdp4_tp1_tc256_vc4096_fsdp4_tp1_tc256_vc4096_r0,/Users/deep-diver/Developers/TUNIX-TRY/01-CCE/data/mesh_pathology_dense_a100_torch/runs/exp0119_gpu-a100-80gb-4_torch_eager_collective_loop_b16_L512_fsdp4_tp1_tc256_vc4096_fsdp4_tp1_tc256_vc4096_r0/xla,,gpu-a100-80gb-4/torch_eager_collective_loop
120,20260616T031040Z,dense-synthetic,2026-06-16T03:10:40+00:00,Chansungs-MacBook-Pro-2.local,gpu-a100-80gb-4,primary_gpu_baseline,gpu,A100-80GB,4,A100:4:80GB,torch_eager_collective_loop,torch_microbench,PyTorch eager repeated NCCL all-reduce over chunk-sized tensors.,collective_loop,eager,b16_L512_fsdp4_tp1_tc256_vc8192,4,1,16,512,b16/L512,320,262144,256,8192,256/8192,32,32,1024,,"fsdp=4,tp=1",3,10,0,0,-1,exp0120_gpu-a100-80gb-4_torch_eager_collective_loop_b16_L512_fsdp4_tp1_tc256_vc8192_fsdp4_tp1_tc256_vc8192_r0,/Users/deep-diver/Developers/TUNIX-TRY/01-CCE/data/mesh_pathology_dense_a100_torch/runs/exp0120_gpu-a100-80gb-4_torch_eager_collective_loop_b16_L512_fsdp4_tp1_tc256_vc8192_fsdp4_tp1_tc256_vc8192_r0,/Users/deep-diver/Developers/TUNIX-TRY/01-CCE/data/mesh_pathology_dense_a100_torch/runs/exp0120_gpu-a100-80gb-4_torch_eager_collective_loop_b16_L512_fsdp4_tp1_tc256_vc8192_fsdp4_tp1_tc256_vc8192_r0/xla,,gpu-a100-80gb-4/torch_eager_collective_loop
121,20260616T031040Z,dense-synthetic,2026-06-16T03:10:40+00:00,Chansungs-MacBook-Pro-2.local,gpu-a100-80gb-4,primary_gpu_baseline,gpu,A100-80GB,4,A100:4:80GB,torch_eager_collective_loop,torch_microbench,PyTorch eager repeated NCCL all-reduce over chunk-sized tensors.,collective_loop,eager,b16_L512_fsdp4_tp1_tc256_vc16384,4,1,16,512,b16/L512,320,262144,256,16384,256/16384,32,16,512,,"fsdp=4,tp=1",3,10,0,0,-1,exp0121_gpu-a100-80gb-4_torch_eager_collective_loop_b16_L512_fsdp4_tp1_tc256_vc16384_fsdp4_tp1_tc256_vc16384_r0,/Users/deep-diver/Developers/TUNIX-TRY/01-CCE/data/mesh_pathology_dense_a100_torch/runs/exp0121_gpu-a100-80gb-4_torch_eager_collective_loop_b16_L512_fsdp4_tp1_tc256_vc16384_fsdp4_tp1_tc256_vc16384_r0,/Users/deep-diver/Developers/TUNIX-TRY/01-CCE/data/mesh_pathology_dense_a100_torch/runs/exp0121_gpu-a100-80gb-4_torch_eager_collective_loop_b16_L512_fsdp4_tp1_tc256_vc16384_fsdp4_tp1_tc256_vc16384_r0/xla,,gpu-a100-80gb-4/torch_eager_collective_loop
122,20260616T031040Z,dense-synthetic,2026-06-16T03:10:40+00:00,Chansungs-MacBook-Pro-2.local,gpu-a100-80gb-4,primary_gpu_baseline,gpu,A100-80GB,4,A100:4:80GB,torch_eager_collective_loop,torch_microbench,PyTorch eager repeated NCCL all-reduce over chunk-sized tensors.,collective_loop,eager,b16_L512_fsdp4_tp1_tc256_vc32768,4,1,16,512,b16/L512,320,262144,256,32768,256/32768,32,8,256,,"fsdp=4,tp=1",3,10,0,0,-1,exp0122_gpu-a100-80gb-4_torch_eager_collective_loop_b16_L512_fsdp4_tp1_tc256_vc32768_fsdp4_tp1_tc256_vc32768_r0,/Users/deep-diver/Developers/TUNIX-TRY/01-CCE/data/mesh_pathology_dense_a100_torch/runs/exp0122_gpu-a100-80gb-4_torch_eager_collective_loop_b16_L512_fsdp4_tp1_tc256_vc32768_fsdp4_tp1_tc256_vc32768_r0,/Users/deep-diver/Developers/TUNIX-TRY/01-CCE/data/mesh_pathology_dense_a100_torch/runs/exp0122_gpu-a100-80gb-4_torch_eager_collective_loop_b16_L512_fsdp4_tp1_tc256_vc32768_fsdp4_tp1_tc256_vc32768_r0/xla,,gpu-a100-80gb-4/torch_eager_collective_loop
123,20260616T031040Z,dense-synthetic,2026-06-16T03:10:40+00:00,Chansungs-MacBook-Pro-2.local,gpu-a100-80gb-4,primary_gpu_baseline,gpu,A100-80GB,4,A100:4:80GB,torch_eager_collective_loop,torch_microbench,PyTorch eager repeated NCCL all-reduce over chunk-sized tensors.,collective_loop,eager,b16_L512_fsdp4_tp1_tc256_vc65536,4,1,16,512,b16/L512,320,262144,256,65536,256/65536,32,4,128,,"fsdp=4,tp=1",3,10,0,0,-1,exp0123_gpu-a100-80gb-4_torch_eager_collective_loop_b16_L512_fsdp4_tp1_tc256_vc65536_fsdp4_tp1_tc256_vc65536_r0,/Users/deep-diver/Developers/TUNIX-TRY/01-CCE/data/mesh_pathology_dense_a100_torch/runs/exp0123_gpu-a100-80gb-4_torch_eager_collective_loop_b16_L512_fsdp4_tp1_tc256_vc65536_fsdp4_tp1_tc256_vc65536_r0,/Users/deep-diver/Developers/TUNIX-TRY/01-CCE/data/mesh_pathology_dense_a100_torch/runs/exp0123_gpu-a100-80gb-4_torch_eager_collective_loop_b16_L512_fsdp4_tp1_tc256_vc65536_fsdp4_tp1_tc256_vc65536_r0/xla,,gpu-a100-80gb-4/torch_eager_collective_loop
124,20260616T031040Z,dense-synthetic,2026-06-16T03:10:40+00:00,Chansungs-MacBook-Pro-2.local,gpu-a100-80gb-4,primary_gpu_baseline,gpu,A100-80GB,4,A100:4:80GB,torch_eager_collective_loop,torch_microbench,PyTorch eager repeated NCCL all-reduce over chunk-sized tensors.,collective_loop,eager,b16_L512_fsdp4_tp1_tc256_vc131072,4,1,16,512,b16/L512,320,262144,256,131072,256/131072,32,2,64,,"fsdp=4,tp=1",3,10,0,0,-1,exp0124_gpu-a100-80gb-4_torch_eager_collective_loop_b16_L512_fsdp4_tp1_tc256_vc131072_fsdp4_tp1_tc256_vc131072_r0,/Users/deep-diver/Developers/TUNIX-TRY/01-CCE/data/mesh_pathology_dense_a100_torch/runs/exp0124_gpu-a100-80gb-4_torch_eager_collective_loop_b16_L512_fsdp4_tp1_tc256_vc131072_fsdp4_tp1_tc256_vc131072_r0,/Users/deep-diver/Developers/TUNIX-TRY/01-CCE/data/mesh_pathology_dense_a100_torch/runs/exp0124_gpu-a100-80gb-4_torch_eager_collective_loop_b16_L512_fsdp4_tp1_tc256_vc131072_fsdp4_tp1_tc256_vc131072_r0/xla,,gpu-a100-80gb-4/torch_eager_collective_loop
125,20260616T031040Z,dense-synthetic,2026-06-16T03:10:40+00:00,Chansungs-MacBook-Pro-2.local,gpu-a100-80gb-4,primary_gpu_baseline,gpu,A100-80GB,4,A100:4:80GB,torch_eager_collective_loop,torch_microbench,PyTorch eager repeated NCCL all-reduce over chunk-sized tensors.,collective_loop,eager,b16_L512_fsdp4_tp1_tc256_vc262144,4,1,16,512,b16/L512,320,262144,256,262144,256/262144,32,1,32,,"fsdp=4,tp=1",3,10,0,0,-1,exp0125_gpu-a100-80gb-4_torch_eager_collective_loop_b16_L512_fsdp4_tp1_tc256_vc262144_fsdp4_tp1_tc256_vc262144_r0,/Users/deep-diver/Developers/TUNIX-TRY/01-CCE/data/mesh_pathology_dense_a100_torch/runs/exp0125_gpu-a100-80gb-4_torch_eager_collective_loop_b16_L512_fsdp4_tp1_tc256_vc262144_fsdp4_tp1_tc256_vc262144_r0,/Users/deep-diver/Developers/TUNIX-TRY/01-CCE/data/mesh_pathology_dense_a100_torch/runs/exp0125_gpu-a100-80gb-4_torch_eager_collective_loop_b16_L512_fsdp4_tp1_tc256_vc262144_fsdp4_tp1_tc256_vc262144_r0/xla,,gpu-a100-80gb-4/torch_eager_collective_loop
126,20260616T031040Z,dense-synthetic,2026-06-16T03:10:40+00:00,Chansungs-MacBook-Pro-2.local,gpu-a100-80gb-4,primary_gpu_baseline,gpu,A100-80GB,4,A100:4:80GB,torch_eager_collective_loop,torch_microbench,PyTorch eager repeated NCCL all-reduce over chunk-sized tensors.,collective_loop,eager,b16_L512_fsdp4_tp1_tc512_vc4096,4,1,16,512,b16/L512,320,262144,512,4096,512/4096,16,64,1024,,"fsdp=4,tp=1",3,10,0,0,-1,exp0126_gpu-a100-80gb-4_torch_eager_collective_loop_b16_L512_fsdp4_tp1_tc512_vc4096_fsdp4_tp1_tc512_vc4096_r0,/Users/deep-diver/Developers/TUNIX-TRY/01-CCE/data/mesh_pathology_dense_a100_torch/runs/exp0126_gpu-a100-80gb-4_torch_eager_collective_loop_b16_L512_fsdp4_tp1_tc512_vc4096_fsdp4_tp1_tc512_vc4096_r0,/Users/deep-diver/Developers/TUNIX-TRY/01-CCE/data/mesh_pathology_dense_a100_torch/runs/exp0126_gpu-a100-80gb-4_torch_eager_collective_loop_b16_L512_fsdp4_tp1_tc512_vc4096_fsdp4_tp1_tc512_vc4096_r0/xla,,gpu-a100-80gb-4/torch_eager_collective_loop
127,20260616T031040Z,dense-synthetic,2026-06-16T03:10:40+00:00,Chansungs-MacBook-Pro-2.local,gpu-a100-80gb-4,primary_gpu_baseline,gpu,A100-80GB,4,A100:4:80GB,torch_eager_collective_loop,torch_microbench,PyTorch eager repeated NCCL all-reduce over chunk-sized tensors.,collective_loop,eager,b16_L512_fsdp4_tp1_tc512_vc8192,4,1,16,512,b16/L512,320,262144,512,8192,512/8192,16,32,512,,"fsdp=4,tp=1",3,10,0,0,-1,exp0127_gpu-a100-80gb-4_torch_eager_collective_loop_b16_L512_fsdp4_tp1_tc512_vc8192_fsdp4_tp1_tc512_vc8192_r0,/Users/deep-diver/Developers/TUNIX-TRY/01-CCE/data/mesh_pathology_dense_a100_torch/runs/exp0127_gpu-a100-80gb-4_torch_eager_collective_loop_b16_L512_fsdp4_tp1_tc512_vc8192_fsdp4_tp1_tc512_vc8192_r0,/Users/deep-diver/Developers/TUNIX-TRY/01-CCE/data/mesh_pathology_dense_a100_torch/runs/exp0127_gpu-a100-80gb-4_torch_eager_collective_loop_b16_L512_fsdp4_tp1_tc512_vc8192_fsdp4_tp1_tc512_vc8192_r0/xla,,gpu-a100-80gb-4/torch_eager_collective_loop
128,20260616T031040Z,dense-synthetic,2026-06-16T03:10:40+00:00,Chansungs-MacBook-Pro-2.local,gpu-a100-80gb-4,primary_gpu_baseline,gpu,A100-80GB,4,A100:4:80GB,torch_eager_collective_loop,torch_microbench,PyTorch eager repeated NCCL all-reduce over chunk-sized tensors.,collective_loop,eager,b16_L512_fsdp4_tp1_tc512_vc16384,4,1,16,512,b16/L512,320,262144,512,16384,512/16384,16,16,256,,"fsdp=4,tp=1",3,10,0,0,-1,exp0128_gpu-a100-80gb-4_torch_eager_collective_loop_b16_L512_fsdp4_tp1_tc512_vc16384_fsdp4_tp1_tc512_vc16384_r0,/Users/deep-diver/Developers/TUNIX-TRY/01-CCE/data/mesh_pathology_dense_a100_torch/runs/exp0128_gpu-a100-80gb-4_torch_eager_collective_loop_b16_L512_fsdp4_tp1_tc512_vc16384_fsdp4_tp1_tc512_vc16384_r0,/Users/deep-diver/Developers/TUNIX-TRY/01-CCE/data/mesh_pathology_dense_a100_torch/runs/exp0128_gpu-a100-80gb-4_torch_eager_collective_loop_b16_L512_fsdp4_tp1_tc512_vc16384_fsdp4_tp1_tc512_vc16384_r0/xla,,gpu-a100-80gb-4/torch_eager_collective_loop
129,20260616T031040Z,dense-synthetic,2026-06-16T03:10:40+00:00,Chansungs-MacBook-Pro-2.local,gpu-a100-80gb-4,primary_gpu_baseline,gpu,A100-80GB,4,A100:4:80GB,torch_eager_collective_loop,torch_microbench,PyTorch eager repeated NCCL all-reduce over chunk-sized tensors.,collective_loop,eager,b16_L512_fsdp4_tp1_tc512_vc32768,4,1,16,512,b16/L512,320,262144,512,32768,512/32768,16,8,128,,"fsdp=4,tp=1",3,10,0,0,-1,exp0129_gpu-a100-80gb-4_torch_eager_collective_loop_b16_L512_fsdp4_tp1_tc512_vc32768_fsdp4_tp1_tc512_vc32768_r0,/Users/deep-diver/Developers/TUNIX-TRY/01-CCE/data/mesh_pathology_dense_a100_torch/runs/exp0129_gpu-a100-80gb-4_torch_eager_collective_loop_b16_L512_fsdp4_tp1_tc512_vc32768_fsdp4_tp1_tc512_vc32768_r0,/Users/deep-diver/Developers/TUNIX-TRY/01-CCE/data/mesh_pathology_dense_a100_torch/runs/exp0129_gpu-a100-80gb-4_torch_eager_collective_loop_b16_L512_fsdp4_tp1_tc512_vc32768_fsdp4_tp1_tc512_vc32768_r0/xla,,gpu-a100-80gb-4/torch_eager_collective_loop
130,20260616T031040Z,dense-synthetic,2026-06-16T03:10:40+00:00,Chansungs-MacBook-Pro-2.local,gpu-a100-80gb-4,primary_gpu_baseline,gpu,A100-80GB,4,A100:4:80GB,torch_eager_collective_loop,torch_microbench,PyTorch eager repeated NCCL all-reduce over chunk-sized tensors.,collective_loop,eager,b16_L512_fsdp4_tp1_tc512_vc65536,4,1,16,512,b16/L512,320,262144,512,65536,512/65536,16,4,64,,"fsdp=4,tp=1",3,10,0,0,-1,exp0130_gpu-a100-80gb-4_torch_eager_collective_loop_b16_L512_fsdp4_tp1_tc512_vc65536_fsdp4_tp1_tc512_vc65536_r0,/Users/deep-diver/Developers/TUNIX-TRY/01-CCE/data/mesh_pathology_dense_a100_torch/runs/exp0130_gpu-a100-80gb-4_torch_eager_collective_loop_b16_L512_fsdp4_tp1_tc512_vc65536_fsdp4_tp1_tc512_vc65536_r0,/Users/deep-diver/Developers/TUNIX-TRY/01-CCE/data/mesh_pathology_dense_a100_torch/runs/exp0130_gpu-a100-80gb-4_torch_eager_collective_loop_b16_L512_fsdp4_tp1_tc512_vc65536_fsdp4_tp1_tc512_vc65536_r0/xla,,gpu-a100-80gb-4/torch_eager_collective_loop
131,20260616T031040Z,dense-synthetic,2026-06-16T03:10:40+00:00,Chansungs-MacBook-Pro-2.local,gpu-a100-80gb-4,primary_gpu_baseline,gpu,A100-80GB,4,A100:4:80GB,torch_eager_collective_loop,torch_microbench,PyTorch eager repeated NCCL all-reduce over chunk-sized tensors.,collective_loop,eager,b16_L512_fsdp4_tp1_tc512_vc131072,4,1,16,512,b16/L512,320,262144,512,131072,512/131072,16,2,32,,"fsdp=4,tp=1",3,10,0,0,-1,exp0131_gpu-a100-80gb-4_torch_eager_collective_loop_b16_L512_fsdp4_tp1_tc512_vc131072_fsdp4_tp1_tc512_vc131072_r0,/Users/deep-diver/Developers/TUNIX-TRY/01-CCE/data/mesh_pathology_dense_a100_torch/runs/exp0131_gpu-a100-80gb-4_torch_eager_collective_loop_b16_L512_fsdp4_tp1_tc512_vc131072_fsdp4_tp1_tc512_vc131072_r0,/Users/deep-diver/Developers/TUNIX-TRY/01-CCE/data/mesh_pathology_dense_a100_torch/runs/exp0131_gpu-a100-80gb-4_torch_eager_collective_loop_b16_L512_fsdp4_tp1_tc512_vc131072_fsdp4_tp1_tc512_vc131072_r0/xla,,gpu-a100-80gb-4/torch_eager_collective_loop
132,20260616T031040Z,dense-synthetic,2026-06-16T03:10:40+00:00,Chansungs-MacBook-Pro-2.local,gpu-a100-80gb-4,primary_gpu_baseline,gpu,A100-80GB,4,A100:4:80GB,torch_eager_collective_loop,torch_microbench,PyTorch eager repeated NCCL all-reduce over chunk-sized tensors.,collective_loop,eager,b16_L512_fsdp4_tp1_tc512_vc262144,4,1,16,512,b16/L512,320,262144,512,262144,512/262144,16,1,16,,"fsdp=4,tp=1",3,10,0,0,-1,exp0132_gpu-a100-80gb-4_torch_eager_collective_loop_b16_L512_fsdp4_tp1_tc512_vc262144_fsdp4_tp1_tc512_vc262144_r0,/Users/deep-diver/Developers/TUNIX-TRY/01-CCE/data/mesh_pathology_dense_a100_torch/runs/exp0132_gpu-a100-80gb-4_torch_eager_collective_loop_b16_L512_fsdp4_tp1_tc512_vc262144_fsdp4_tp1_tc512_vc262144_r0,/Users/deep-diver/Developers/TUNIX-TRY/01-CCE/data/mesh_pathology_dense_a100_torch/runs/exp0132_gpu-a100-80gb-4_torch_eager_collective_loop_b16_L512_fsdp4_tp1_tc512_vc262144_fsdp4_tp1_tc512_vc262144_r0/xla,,gpu-a100-80gb-4/torch_eager_collective_loop
133,20260616T031040Z,dense-synthetic,2026-06-16T03:10:40+00:00,Chansungs-MacBook-Pro-2.local,gpu-a100-80gb-4,primary_gpu_baseline,gpu,A100-80GB,4,A100:4:80GB,torch_eager_collective_loop,torch_microbench,PyTorch eager repeated NCCL all-reduce over chunk-sized tensors.,collective_loop,eager,b16_L512_fsdp4_tp1_tc1024_vc4096,4,1,16,512,b16/L512,320,262144,1024,4096,1024/4096,8,64,512,,"fsdp=4,tp=1",3,10,0,0,-1,exp0133_gpu-a100-80gb-4_torch_eager_collective_loop_b16_L512_fsdp4_tp1_tc1024_vc4096_fsdp4_tp1_tc1024_vc4096_r0,/Users/deep-diver/Developers/TUNIX-TRY/01-CCE/data/mesh_pathology_dense_a100_torch/runs/exp0133_gpu-a100-80gb-4_torch_eager_collective_loop_b16_L512_fsdp4_tp1_tc1024_vc4096_fsdp4_tp1_tc1024_vc4096_r0,/Users/deep-diver/Developers/TUNIX-TRY/01-CCE/data/mesh_pathology_dense_a100_torch/runs/exp0133_gpu-a100-80gb-4_torch_eager_collective_loop_b16_L512_fsdp4_tp1_tc1024_vc4096_fsdp4_tp1_tc1024_vc4096_r0/xla,,gpu-a100-80gb-4/torch_eager_collective_loop
134,20260616T031040Z,dense-synthetic,2026-06-16T03:10:40+00:00,Chansungs-MacBook-Pro-2.local,gpu-a100-80gb-4,primary_gpu_baseline,gpu,A100-80GB,4,A100:4:80GB,torch_eager_collective_loop,torch_microbench,PyTorch eager repeated NCCL all-reduce over chunk-sized tensors.,collective_loop,eager,b16_L512_fsdp4_tp1_tc1024_vc8192,4,1,16,512,b16/L512,320,262144,1024,8192,1024/8192,8,32,256,,"fsdp=4,tp=1",3,10,0,0,-1,exp0134_gpu-a100-80gb-4_torch_eager_collective_loop_b16_L512_fsdp4_tp1_tc1024_vc8192_fsdp4_tp1_tc1024_vc8192_r0,/Users/deep-diver/Developers/TUNIX-TRY/01-CCE/data/mesh_pathology_dense_a100_torch/runs/exp0134_gpu-a100-80gb-4_torch_eager_collective_loop_b16_L512_fsdp4_tp1_tc1024_vc8192_fsdp4_tp1_tc1024_vc8192_r0,/Users/deep-diver/Developers/TUNIX-TRY/01-CCE/data/mesh_pathology_dense_a100_torch/runs/exp0134_gpu-a100-80gb-4_torch_eager_collective_loop_b16_L512_fsdp4_tp1_tc1024_vc8192_fsdp4_tp1_tc1024_vc8192_r0/xla,,gpu-a100-80gb-4/torch_eager_collective_loop
135,20260616T031040Z,dense-synthetic,2026-06-16T03:10:40+00:00,Chansungs-MacBook-Pro-2.local,gpu-a100-80gb-4,primary_gpu_baseline,gpu,A100-80GB,4,A100:4:80GB,torch_eager_collective_loop,torch_microbench,PyTorch eager repeated NCCL all-reduce over chunk-sized tensors.,collective_loop,eager,b16_L512_fsdp4_tp1_tc1024_vc16384,4,1,16,512,b16/L512,320,262144,1024,16384,1024/16384,8,16,128,,"fsdp=4,tp=1",3,10,0,0,-1,exp0135_gpu-a100-80gb-4_torch_eager_collective_loop_b16_L512_fsdp4_tp1_tc1024_vc16384_fsdp4_tp1_tc1024_vc16384_r0,/Users/deep-diver/Developers/TUNIX-TRY/01-CCE/data/mesh_pathology_dense_a100_torch/runs/exp0135_gpu-a100-80gb-4_torch_eager_collective_loop_b16_L512_fsdp4_tp1_tc1024_vc16384_fsdp4_tp1_tc1024_vc16384_r0,/Users/deep-diver/Developers/TUNIX-TRY/01-CCE/data/mesh_pathology_dense_a100_torch/runs/exp0135_gpu-a100-80gb-4_torch_eager_collective_loop_b16_L512_fsdp4_tp1_tc1024_vc16384_fsdp4_tp1_tc1024_vc16384_r0/xla,,gpu-a100-80gb-4/torch_eager_collective_loop
136,20260616T031040Z,dense-synthetic,2026-06-16T03:10:40+00:00,Chansungs-MacBook-Pro-2.local,gpu-a100-80gb-4,primary_gpu_baseline,gpu,A100-80GB,4,A100:4:80GB,torch_eager_collective_loop,torch_microbench,PyTorch eager repeated NCCL all-reduce over chunk-sized tensors.,collective_loop,eager,b16_L512_fsdp4_tp1_tc1024_vc32768,4,1,16,512,b16/L512,320,262144,1024,32768,1024/32768,8,8,64,,"fsdp=4,tp=1",3,10,0,0,-1,exp0136_gpu-a100-80gb-4_torch_eager_collective_loop_b16_L512_fsdp4_tp1_tc1024_vc32768_fsdp4_tp1_tc1024_vc32768_r0,/Users/deep-diver/Developers/TUNIX-TRY/01-CCE/data/mesh_pathology_dense_a100_torch/runs/exp0136_gpu-a100-80gb-4_torch_eager_collective_loop_b16_L512_fsdp4_tp1_tc1024_vc32768_fsdp4_tp1_tc1024_vc32768_r0,/Users/deep-diver/Developers/TUNIX-TRY/01-CCE/data/mesh_pathology_dense_a100_torch/runs/exp0136_gpu-a100-80gb-4_torch_eager_collective_loop_b16_L512_fsdp4_tp1_tc1024_vc32768_fsdp4_tp1_tc1024_vc32768_r0/xla,,gpu-a100-80gb-4/torch_eager_collective_loop
137,20260616T031040Z,dense-synthetic,2026-06-16T03:10:40+00:00,Chansungs-MacBook-Pro-2.local,gpu-a100-80gb-4,primary_gpu_baseline,gpu,A100-80GB,4,A100:4:80GB,torch_eager_collective_loop,torch_microbench,PyTorch eager repeated NCCL all-reduce over chunk-sized tensors.,collective_loop,eager,b16_L512_fsdp4_tp1_tc1024_vc65536,4,1,16,512,b16/L512,320,262144,1024,65536,1024/65536,8,4,32,,"fsdp=4,tp=1",3,10,0,0,-1,exp0137_gpu-a100-80gb-4_torch_eager_collective_loop_b16_L512_fsdp4_tp1_tc1024_vc65536_fsdp4_tp1_tc1024_vc65536_r0,/Users/deep-diver/Developers/TUNIX-TRY/01-CCE/data/mesh_pathology_dense_a100_torch/runs/exp0137_gpu-a100-80gb-4_torch_eager_collective_loop_b16_L512_fsdp4_tp1_tc1024_vc65536_fsdp4_tp1_tc1024_vc65536_r0,/Users/deep-diver/Developers/TUNIX-TRY/01-CCE/data/mesh_pathology_dense_a100_torch/runs/exp0137_gpu-a100-80gb-4_torch_eager_collective_loop_b16_L512_fsdp4_tp1_tc1024_vc65536_fsdp4_tp1_tc1024_vc65536_r0/xla,,gpu-a100-80gb-4/torch_eager_collective_loop
138,20260616T031040Z,dense-synthetic,2026-06-16T03:10:40+00:00,Chansungs-MacBook-Pro-2.local,gpu-a100-80gb-4,primary_gpu_baseline,gpu,A100-80GB,4,A100:4:80GB,torch_eager_collective_loop,torch_microbench,PyTorch eager repeated NCCL all-reduce over chunk-sized tensors.,collective_loop,eager,b16_L512_fsdp4_tp1_tc1024_vc131072,4,1,16,512,b16/L512,320,262144,1024,131072,1024/131072,8,2,16,,"fsdp=4,tp=1",3,10,0,0,-1,exp0138_gpu-a100-80gb-4_torch_eager_collective_loop_b16_L512_fsdp4_tp1_tc1024_vc131072_fsdp4_tp1_tc1024_vc131072_r0,/Users/deep-diver/Developers/TUNIX-TRY/01-CCE/data/mesh_pathology_dense_a100_torch/runs/exp0138_gpu-a100-80gb-4_torch_eager_collective_loop_b16_L512_fsdp4_tp1_tc1024_vc131072_fsdp4_tp1_tc1024_vc131072_r0,/Users/deep-diver/Developers/TUNIX-TRY/01-CCE/data/mesh_pathology_dense_a100_torch/runs/exp0138_gpu-a100-80gb-4_torch_eager_collective_loop_b16_L512_fsdp4_tp1_tc1024_vc131072_fsdp4_tp1_tc1024_vc131072_r0/xla,,gpu-a100-80gb-4/torch_eager_collective_loop
139,20260616T031040Z,dense-synthetic,2026-06-16T03:10:40+00:00,Chansungs-MacBook-Pro-2.local,gpu-a100-80gb-4,primary_gpu_baseline,gpu,A100-80GB,4,A100:4:80GB,torch_eager_collective_loop,torch_microbench,PyTorch eager repeated NCCL all-reduce over chunk-sized tensors.,collective_loop,eager,b16_L512_fsdp4_tp1_tc1024_vc262144,4,1,16,512,b16/L512,320,262144,1024,262144,1024/262144,8,1,8,,"fsdp=4,tp=1",3,10,0,0,-1,exp0139_gpu-a100-80gb-4_torch_eager_collective_loop_b16_L512_fsdp4_tp1_tc1024_vc262144_fsdp4_tp1_tc1024_vc262144_r0,/Users/deep-diver/Developers/TUNIX-TRY/01-CCE/data/mesh_pathology_dense_a100_torch/runs/exp0139_gpu-a100-80gb-4_torch_eager_collective_loop_b16_L512_fsdp4_tp1_tc1024_vc262144_fsdp4_tp1_tc1024_vc262144_r0,/Users/deep-diver/Developers/TUNIX-TRY/01-CCE/data/mesh_pathology_dense_a100_torch/runs/exp0139_gpu-a100-80gb-4_torch_eager_collective_loop_b16_L512_fsdp4_tp1_tc1024_vc262144_fsdp4_tp1_tc1024_vc262144_r0/xla,,gpu-a100-80gb-4/torch_eager_collective_loop
140,20260616T031040Z,dense-synthetic,2026-06-16T03:10:40+00:00,Chansungs-MacBook-Pro-2.local,gpu-a100-80gb-4,primary_gpu_baseline,gpu,A100-80GB,4,A100:4:80GB,torch_eager_collective_loop,torch_microbench,PyTorch eager repeated NCCL all-reduce over chunk-sized tensors.,collective_loop,eager,b16_L512_fsdp2_tp2_tc64_vc4096,2,2,16,512,b16/L512,320,262144,64,4096,64/4096,128,64,8192,,"fsdp=2,tp=2",3,10,0,0,-1,exp0140_gpu-a100-80gb-4_torch_eager_collective_loop_b16_L512_fsdp2_tp2_tc64_vc4096_fsdp2_tp2_tc64_vc4096_r0,/Users/deep-diver/Developers/TUNIX-TRY/01-CCE/data/mesh_pathology_dense_a100_torch/runs/exp0140_gpu-a100-80gb-4_torch_eager_collective_loop_b16_L512_fsdp2_tp2_tc64_vc4096_fsdp2_tp2_tc64_vc4096_r0,/Users/deep-diver/Developers/TUNIX-TRY/01-CCE/data/mesh_pathology_dense_a100_torch/runs/exp0140_gpu-a100-80gb-4_torch_eager_collective_loop_b16_L512_fsdp2_tp2_tc64_vc4096_fsdp2_tp2_tc64_vc4096_r0/xla,,gpu-a100-80gb-4/torch_eager_collective_loop
141,20260616T031040Z,dense-synthetic,2026-06-16T03:10:40+00:00,Chansungs-MacBook-Pro-2.local,gpu-a100-80gb-4,primary_gpu_baseline,gpu,A100-80GB,4,A100:4:80GB,torch_eager_collective_loop,torch_microbench,PyTorch eager repeated NCCL all-reduce over chunk-sized tensors.,collective_loop,eager,b16_L512_fsdp2_tp2_tc64_vc8192,2,2,16,512,b16/L512,320,262144,64,8192,64/8192,128,32,4096,,"fsdp=2,tp=2",3,10,0,0,-1,exp0141_gpu-a100-80gb-4_torch_eager_collective_loop_b16_L512_fsdp2_tp2_tc64_vc8192_fsdp2_tp2_tc64_vc8192_r0,/Users/deep-diver/Developers/TUNIX-TRY/01-CCE/data/mesh_pathology_dense_a100_torch/runs/exp0141_gpu-a100-80gb-4_torch_eager_collective_loop_b16_L512_fsdp2_tp2_tc64_vc8192_fsdp2_tp2_tc64_vc8192_r0,/Users/deep-diver/Developers/TUNIX-TRY/01-CCE/data/mesh_pathology_dense_a100_torch/runs/exp0141_gpu-a100-80gb-4_torch_eager_collective_loop_b16_L512_fsdp2_tp2_tc64_vc8192_fsdp2_tp2_tc64_vc8192_r0/xla,,gpu-a100-80gb-4/torch_eager_collective_loop
142,20260616T031040Z,dense-synthetic,2026-06-16T03:10:40+00:00,Chansungs-MacBook-Pro-2.local,gpu-a100-80gb-4,primary_gpu_baseline,gpu,A100-80GB,4,A100:4:80GB,torch_eager_collective_loop,torch_microbench,PyTorch eager repeated NCCL all-reduce over chunk-sized tensors.,collective_loop,eager,b16_L512_fsdp2_tp2_tc64_vc16384,2,2,16,512,b16/L512,320,262144,64,16384,64/16384,128,16,2048,,"fsdp=2,tp=2",3,10,0,0,-1,exp0142_gpu-a100-80gb-4_torch_eager_collective_loop_b16_L512_fsdp2_tp2_tc64_vc16384_fsdp2_tp2_tc64_vc16384_r0,/Users/deep-diver/Developers/TUNIX-TRY/01-CCE/data/mesh_pathology_dense_a100_torch/runs/exp0142_gpu-a100-80gb-4_torch_eager_collective_loop_b16_L512_fsdp2_tp2_tc64_vc16384_fsdp2_tp2_tc64_vc16384_r0,/Users/deep-diver/Developers/TUNIX-TRY/01-CCE/data/mesh_pathology_dense_a100_torch/runs/exp0142_gpu-a100-80gb-4_torch_eager_collective_loop_b16_L512_fsdp2_tp2_tc64_vc16384_fsdp2_tp2_tc64_vc16384_r0/xla,,gpu-a100-80gb-4/torch_eager_collective_loop
143,20260616T031040Z,dense-synthetic,2026-06-16T03:10:40+00:00,Chansungs-MacBook-Pro-2.local,gpu-a100-80gb-4,primary_gpu_baseline,gpu,A100-80GB,4,A100:4:80GB,torch_eager_collective_loop,torch_microbench,PyTorch eager repeated NCCL all-reduce over chunk-sized tensors.,collective_loop,eager,b16_L512_fsdp2_tp2_tc64_vc32768,2,2,16,512,b16/L512,320,262144,64,32768,64/32768,128,8,1024,,"fsdp=2,tp=2",3,10,0,0,-1,exp0143_gpu-a100-80gb-4_torch_eager_collective_loop_b16_L512_fsdp2_tp2_tc64_vc32768_fsdp2_tp2_tc64_vc32768_r0,/Users/deep-diver/Developers/TUNIX-TRY/01-CCE/data/mesh_pathology_dense_a100_torch/runs/exp0143_gpu-a100-80gb-4_torch_eager_collective_loop_b16_L512_fsdp2_tp2_tc64_vc32768_fsdp2_tp2_tc64_vc32768_r0,/Users/deep-diver/Developers/TUNIX-TRY/01-CCE/data/mesh_pathology_dense_a100_torch/runs/exp0143_gpu-a100-80gb-4_torch_eager_collective_loop_b16_L512_fsdp2_tp2_tc64_vc32768_fsdp2_tp2_tc64_vc32768_r0/xla,,gpu-a100-80gb-4/torch_eager_collective_loop
144,20260616T031040Z,dense-synthetic,2026-06-16T03:10:40+00:00,Chansungs-MacBook-Pro-2.local,gpu-a100-80gb-4,primary_gpu_baseline,gpu,A100-80GB,4,A100:4:80GB,torch_eager_collective_loop,torch_microbench,PyTorch eager repeated NCCL all-reduce over chunk-sized tensors.,collective_loop,eager,b16_L512_fsdp2_tp2_tc64_vc65536,2,2,16,512,b16/L512,320,262144,64,65536,64/65536,128,4,512,,"fsdp=2,tp=2",3,10,0,0,-1,exp0144_gpu-a100-80gb-4_torch_eager_collective_loop_b16_L512_fsdp2_tp2_tc64_vc65536_fsdp2_tp2_tc64_vc65536_r0,/Users/deep-diver/Developers/TUNIX-TRY/01-CCE/data/mesh_pathology_dense_a100_torch/runs/exp0144_gpu-a100-80gb-4_torch_eager_collective_loop_b16_L512_fsdp2_tp2_tc64_vc65536_fsdp2_tp2_tc64_vc65536_r0,/Users/deep-diver/Developers/TUNIX-TRY/01-CCE/data/mesh_pathology_dense_a100_torch/runs/exp0144_gpu-a100-80gb-4_torch_eager_collective_loop_b16_L512_fsdp2_tp2_tc64_vc65536_fsdp2_tp2_tc64_vc65536_r0/xla,,gpu-a100-80gb-4/torch_eager_collective_loop
145,20260616T031040Z,dense-synthetic,2026-06-16T03:10:40+00:00,Chansungs-MacBook-Pro-2.local,gpu-a100-80gb-4,primary_gpu_baseline,gpu,A100-80GB,4,A100:4:80GB,torch_eager_collective_loop,torch_microbench,PyTorch eager repeated NCCL all-reduce over chunk-sized tensors.,collective_loop,eager,b16_L512_fsdp2_tp2_tc64_vc131072,2,2,16,512,b16/L512,320,262144,64,131072,64/131072,128,2,256,,"fsdp=2,tp=2",3,10,0,0,-1,exp0145_gpu-a100-80gb-4_torch_eager_collective_loop_b16_L512_fsdp2_tp2_tc64_vc131072_fsdp2_tp2_tc64_vc131072_r0,/Users/deep-diver/Developers/TUNIX-TRY/01-CCE/data/mesh_pathology_dense_a100_torch/runs/exp0145_gpu-a100-80gb-4_torch_eager_collective_loop_b16_L512_fsdp2_tp2_tc64_vc131072_fsdp2_tp2_tc64_vc131072_r0,/Users/deep-diver/Developers/TUNIX-TRY/01-CCE/data/mesh_pathology_dense_a100_torch/runs/exp0145_gpu-a100-80gb-4_torch_eager_collective_loop_b16_L512_fsdp2_tp2_tc64_vc131072_fsdp2_tp2_tc64_vc131072_r0/xla,,gpu-a100-80gb-4/torch_eager_collective_loop
146,20260616T031040Z,dense-synthetic,2026-06-16T03:10:40+00:00,Chansungs-MacBook-Pro-2.local,gpu-a100-80gb-4,primary_gpu_baseline,gpu,A100-80GB,4,A100:4:80GB,torch_eager_collective_loop,torch_microbench,PyTorch eager repeated NCCL all-reduce over chunk-sized tensors.,collective_loop,eager,b16_L512_fsdp2_tp2_tc64_vc262144,2,2,16,512,b16/L512,320,262144,64,262144,64/262144,128,1,128,,"fsdp=2,tp=2",3,10,0,0,-1,exp0146_gpu-a100-80gb-4_torch_eager_collective_loop_b16_L512_fsdp2_tp2_tc64_vc262144_fsdp2_tp2_tc64_vc262144_r0,/Users/deep-diver/Developers/TUNIX-TRY/01-CCE/data/mesh_pathology_dense_a100_torch/runs/exp0146_gpu-a100-80gb-4_torch_eager_collective_loop_b16_L512_fsdp2_tp2_tc64_vc262144_fsdp2_tp2_tc64_vc262144_r0,/Users/deep-diver/Developers/TUNIX-TRY/01-CCE/data/mesh_pathology_dense_a100_torch/runs/exp0146_gpu-a100-80gb-4_torch_eager_collective_loop_b16_L512_fsdp2_tp2_tc64_vc262144_fsdp2_tp2_tc64_vc262144_r0/xla,,gpu-a100-80gb-4/torch_eager_collective_loop
147,20260616T031040Z,dense-synthetic,2026-06-16T03:10:40+00:00,Chansungs-MacBook-Pro-2.local,gpu-a100-80gb-4,primary_gpu_baseline,gpu,A100-80GB,4,A100:4:80GB,torch_eager_collective_loop,torch_microbench,PyTorch eager repeated NCCL all-reduce over chunk-sized tensors.,collective_loop,eager,b16_L512_fsdp2_tp2_tc128_vc4096,2,2,16,512,b16/L512,320,262144,128,4096,128/4096,64,64,4096,,"fsdp=2,tp=2",3,10,0,0,-1,exp0147_gpu-a100-80gb-4_torch_eager_collective_loop_b16_L512_fsdp2_tp2_tc128_vc4096_fsdp2_tp2_tc128_vc4096_r0,/Users/deep-diver/Developers/TUNIX-TRY/01-CCE/data/mesh_pathology_dense_a100_torch/runs/exp0147_gpu-a100-80gb-4_torch_eager_collective_loop_b16_L512_fsdp2_tp2_tc128_vc4096_fsdp2_tp2_tc128_vc4096_r0,/Users/deep-diver/Developers/TUNIX-TRY/01-CCE/data/mesh_pathology_dense_a100_torch/runs/exp0147_gpu-a100-80gb-4_torch_eager_collective_loop_b16_L512_fsdp2_tp2_tc128_vc4096_fsdp2_tp2_tc128_vc4096_r0/xla,,gpu-a100-80gb-4/torch_eager_collective_loop
148,20260616T031040Z,dense-synthetic,2026-06-16T03:10:40+00:00,Chansungs-MacBook-Pro-2.local,gpu-a100-80gb-4,primary_gpu_baseline,gpu,A100-80GB,4,A100:4:80GB,torch_eager_collective_loop,torch_microbench,PyTorch eager repeated NCCL all-reduce over chunk-sized tensors.,collective_loop,eager,b16_L512_fsdp2_tp2_tc128_vc8192,2,2,16,512,b16/L512,320,262144,128,8192,128/8192,64,32,2048,,"fsdp=2,tp=2",3,10,0,0,-1,exp0148_gpu-a100-80gb-4_torch_eager_collective_loop_b16_L512_fsdp2_tp2_tc128_vc8192_fsdp2_tp2_tc128_vc8192_r0,/Users/deep-diver/Developers/TUNIX-TRY/01-CCE/data/mesh_pathology_dense_a100_torch/runs/exp0148_gpu-a100-80gb-4_torch_eager_collective_loop_b16_L512_fsdp2_tp2_tc128_vc8192_fsdp2_tp2_tc128_vc8192_r0,/Users/deep-diver/Developers/TUNIX-TRY/01-CCE/data/mesh_pathology_dense_a100_torch/runs/exp0148_gpu-a100-80gb-4_torch_eager_collective_loop_b16_L512_fsdp2_tp2_tc128_vc8192_fsdp2_tp2_tc128_vc8192_r0/xla,,gpu-a100-80gb-4/torch_eager_collective_loop
149,20260616T031040Z,dense-synthetic,2026-06-16T03:10:40+00:00,Chansungs-MacBook-Pro-2.local,gpu-a100-80gb-4,primary_gpu_baseline,gpu,A100-80GB,4,A100:4:80GB,torch_eager_collective_loop,torch_microbench,PyTorch eager repeated NCCL all-reduce over chunk-sized tensors.,collective_loop,eager,b16_L512_fsdp2_tp2_tc128_vc16384,2,2,16,512,b16/L512,320,262144,128,16384,128/16384,64,16,1024,,"fsdp=2,tp=2",3,10,0,0,-1,exp0149_gpu-a100-80gb-4_torch_eager_collective_loop_b16_L512_fsdp2_tp2_tc128_vc16384_fsdp2_tp2_tc128_vc16384_r0,/Users/deep-diver/Developers/TUNIX-TRY/01-CCE/data/mesh_pathology_dense_a100_torch/runs/exp0149_gpu-a100-80gb-4_torch_eager_collective_loop_b16_L512_fsdp2_tp2_tc128_vc16384_fsdp2_tp2_tc128_vc16384_r0,/Users/deep-diver/Developers/TUNIX-TRY/01-CCE/data/mesh_pathology_dense_a100_torch/runs/exp0149_gpu-a100-80gb-4_torch_eager_collective_loop_b16_L512_fsdp2_tp2_tc128_vc16384_fsdp2_tp2_tc128_vc16384_r0/xla,,gpu-a100-80gb-4/torch_eager_collective_loop
150,20260616T031040Z,dense-synthetic,2026-06-16T03:10:40+00:00,Chansungs-MacBook-Pro-2.local,gpu-a100-80gb-4,primary_gpu_baseline,gpu,A100-80GB,4,A100:4:80GB,torch_eager_collective_loop,torch_microbench,PyTorch eager repeated NCCL all-reduce over chunk-sized tensors.,collective_loop,eager,b16_L512_fsdp2_tp2_tc128_vc32768,2,2,16,512,b16/L512,320,262144,128,32768,128/32768,64,8,512,,"fsdp=2,tp=2",3,10,0,0,-1,exp0150_gpu-a100-80gb-4_torch_eager_collective_loop_b16_L512_fsdp2_tp2_tc128_vc32768_fsdp2_tp2_tc128_vc32768_r0,/Users/deep-diver/Developers/TUNIX-TRY/01-CCE/data/mesh_pathology_dense_a100_torch/runs/exp0150_gpu-a100-80gb-4_torch_eager_collective_loop_b16_L512_fsdp2_tp2_tc128_vc32768_fsdp2_tp2_tc128_vc32768_r0,/Users/deep-diver/Developers/TUNIX-TRY/01-CCE/data/mesh_pathology_dense_a100_torch/runs/exp0150_gpu-a100-80gb-4_torch_eager_collective_loop_b16_L512_fsdp2_tp2_tc128_vc32768_fsdp2_tp2_tc128_vc32768_r0/xla,,gpu-a100-80gb-4/torch_eager_collective_loop
151,20260616T031040Z,dense-synthetic,2026-06-16T03:10:40+00:00,Chansungs-MacBook-Pro-2.local,gpu-a100-80gb-4,primary_gpu_baseline,gpu,A100-80GB,4,A100:4:80GB,torch_eager_collective_loop,torch_microbench,PyTorch eager repeated NCCL all-reduce over chunk-sized tensors.,collective_loop,eager,b16_L512_fsdp2_tp2_tc128_vc65536,2,2,16,512,b16/L512,320,262144,128,65536,128/65536,64,4,256,,"fsdp=2,tp=2",3,10,0,0,-1,exp0151_gpu-a100-80gb-4_torch_eager_collective_loop_b16_L512_fsdp2_tp2_tc128_vc65536_fsdp2_tp2_tc128_vc65536_r0,/Users/deep-diver/Developers/TUNIX-TRY/01-CCE/data/mesh_pathology_dense_a100_torch/runs/exp0151_gpu-a100-80gb-4_torch_eager_collective_loop_b16_L512_fsdp2_tp2_tc128_vc65536_fsdp2_tp2_tc128_vc65536_r0,/Users/deep-diver/Developers/TUNIX-TRY/01-CCE/data/mesh_pathology_dense_a100_torch/runs/exp0151_gpu-a100-80gb-4_torch_eager_collective_loop_b16_L512_fsdp2_tp2_tc128_vc65536_fsdp2_tp2_tc128_vc65536_r0/xla,,gpu-a100-80gb-4/torch_eager_collective_loop
152,20260616T031040Z,dense-synthetic,2026-06-16T03:10:40+00:00,Chansungs-MacBook-Pro-2.local,gpu-a100-80gb-4,primary_gpu_baseline,gpu,A100-80GB,4,A100:4:80GB,torch_eager_collective_loop,torch_microbench,PyTorch eager repeated NCCL all-reduce over chunk-sized tensors.,collective_loop,eager,b16_L512_fsdp2_tp2_tc128_vc131072,2,2,16,512,b16/L512,320,262144,128,131072,128/131072,64,2,128,,"fsdp=2,tp=2",3,10,0,0,-1,exp0152_gpu-a100-80gb-4_torch_eager_collective_loop_b16_L512_fsdp2_tp2_tc128_vc131072_fsdp2_tp2_tc128_vc131072_r0,/Users/deep-diver/Developers/TUNIX-TRY/01-CCE/data/mesh_pathology_dense_a100_torch/runs/exp0152_gpu-a100-80gb-4_torch_eager_collective_loop_b16_L512_fsdp2_tp2_tc128_vc131072_fsdp2_tp2_tc128_vc131072_r0,/Users/deep-diver/Developers/TUNIX-TRY/01-CCE/data/mesh_pathology_dense_a100_torch/runs/exp0152_gpu-a100-80gb-4_torch_eager_collective_loop_b16_L512_fsdp2_tp2_tc128_vc131072_fsdp2_tp2_tc128_vc131072_r0/xla,,gpu-a100-80gb-4/torch_eager_collective_loop
153,20260616T031040Z,dense-synthetic,2026-06-16T03:10:40+00:00,Chansungs-MacBook-Pro-2.local,gpu-a100-80gb-4,primary_gpu_baseline,gpu,A100-80GB,4,A100:4:80GB,torch_eager_collective_loop,torch_microbench,PyTorch eager repeated NCCL all-reduce over chunk-sized tensors.,collective_loop,eager,b16_L512_fsdp2_tp2_tc128_vc262144,2,2,16,512,b16/L512,320,262144,128,262144,128/262144,64,1,64,,"fsdp=2,tp=2",3,10,0,0,-1,exp0153_gpu-a100-80gb-4_torch_eager_collective_loop_b16_L512_fsdp2_tp2_tc128_vc262144_fsdp2_tp2_tc128_vc262144_r0,/Users/deep-diver/Developers/TUNIX-TRY/01-CCE/data/mesh_pathology_dense_a100_torch/runs/exp0153_gpu-a100-80gb-4_torch_eager_collective_loop_b16_L512_fsdp2_tp2_tc128_vc262144_fsdp2_tp2_tc128_vc262144_r0,/Users/deep-diver/Developers/TUNIX-TRY/01-CCE/data/mesh_pathology_dense_a100_torch/runs/exp0153_gpu-a100-80gb-4_torch_eager_collective_loop_b16_L512_fsdp2_tp2_tc128_vc262144_fsdp2_tp2_tc128_vc262144_r0/xla,,gpu-a100-80gb-4/torch_eager_collective_loop
154,20260616T031040Z,dense-synthetic,2026-06-16T03:10:40+00:00,Chansungs-MacBook-Pro-2.local,gpu-a100-80gb-4,primary_gpu_baseline,gpu,A100-80GB,4,A100:4:80GB,torch_eager_collective_loop,torch_microbench,PyTorch eager repeated NCCL all-reduce over chunk-sized tensors.,collective_loop,eager,b16_L512_fsdp2_tp2_tc256_vc4096,2,2,16,512,b16/L512,320,262144,256,4096,256/4096,32,64,2048,,"fsdp=2,tp=2",3,10,0,0,-1,exp0154_gpu-a100-80gb-4_torch_eager_collective_loop_b16_L512_fsdp2_tp2_tc256_vc4096_fsdp2_tp2_tc256_vc4096_r0,/Users/deep-diver/Developers/TUNIX-TRY/01-CCE/data/mesh_pathology_dense_a100_torch/runs/exp0154_gpu-a100-80gb-4_torch_eager_collective_loop_b16_L512_fsdp2_tp2_tc256_vc4096_fsdp2_tp2_tc256_vc4096_r0,/Users/deep-diver/Developers/TUNIX-TRY/01-CCE/data/mesh_pathology_dense_a100_torch/runs/exp0154_gpu-a100-80gb-4_torch_eager_collective_loop_b16_L512_fsdp2_tp2_tc256_vc4096_fsdp2_tp2_tc256_vc4096_r0/xla,,gpu-a100-80gb-4/torch_eager_collective_loop
155,20260616T031040Z,dense-synthetic,2026-06-16T03:10:40+00:00,Chansungs-MacBook-Pro-2.local,gpu-a100-80gb-4,primary_gpu_baseline,gpu,A100-80GB,4,A100:4:80GB,torch_eager_collective_loop,torch_microbench,PyTorch eager repeated NCCL all-reduce over chunk-sized tensors.,collective_loop,eager,b16_L512_fsdp2_tp2_tc256_vc8192,2,2,16,512,b16/L512,320,262144,256,8192,256/8192,32,32,1024,,"fsdp=2,tp=2",3,10,0,0,-1,exp0155_gpu-a100-80gb-4_torch_eager_collective_loop_b16_L512_fsdp2_tp2_tc256_vc8192_fsdp2_tp2_tc256_vc8192_r0,/Users/deep-diver/Developers/TUNIX-TRY/01-CCE/data/mesh_pathology_dense_a100_torch/runs/exp0155_gpu-a100-80gb-4_torch_eager_collective_loop_b16_L512_fsdp2_tp2_tc256_vc8192_fsdp2_tp2_tc256_vc8192_r0,/Users/deep-diver/Developers/TUNIX-TRY/01-CCE/data/mesh_pathology_dense_a100_torch/runs/exp0155_gpu-a100-80gb-4_torch_eager_collective_loop_b16_L512_fsdp2_tp2_tc256_vc8192_fsdp2_tp2_tc256_vc8192_r0/xla,,gpu-a100-80gb-4/torch_eager_collective_loop
156,20260616T031040Z,dense-synthetic,2026-06-16T03:10:40+00:00,Chansungs-MacBook-Pro-2.local,gpu-a100-80gb-4,primary_gpu_baseline,gpu,A100-80GB,4,A100:4:80GB,torch_eager_collective_loop,torch_microbench,PyTorch eager repeated NCCL all-reduce over chunk-sized tensors.,collective_loop,eager,b16_L512_fsdp2_tp2_tc256_vc16384,2,2,16,512,b16/L512,320,262144,256,16384,256/16384,32,16,512,,"fsdp=2,tp=2",3,10,0,0,-1,exp0156_gpu-a100-80gb-4_torch_eager_collective_loop_b16_L512_fsdp2_tp2_tc256_vc16384_fsdp2_tp2_tc256_vc16384_r0,/Users/deep-diver/Developers/TUNIX-TRY/01-CCE/data/mesh_pathology_dense_a100_torch/runs/exp0156_gpu-a100-80gb-4_torch_eager_collective_loop_b16_L512_fsdp2_tp2_tc256_vc16384_fsdp2_tp2_tc256_vc16384_r0,/Users/deep-diver/Developers/TUNIX-TRY/01-CCE/data/mesh_pathology_dense_a100_torch/runs/exp0156_gpu-a100-80gb-4_torch_eager_collective_loop_b16_L512_fsdp2_tp2_tc256_vc16384_fsdp2_tp2_tc256_vc16384_r0/xla,,gpu-a100-80gb-4/torch_eager_collective_loop
157,20260616T031040Z,dense-synthetic,2026-06-16T03:10:40+00:00,Chansungs-MacBook-Pro-2.local,gpu-a100-80gb-4,primary_gpu_baseline,gpu,A100-80GB,4,A100:4:80GB,torch_eager_collective_loop,torch_microbench,PyTorch eager repeated NCCL all-reduce over chunk-sized tensors.,collective_loop,eager,b16_L512_fsdp2_tp2_tc256_vc32768,2,2,16,512,b16/L512,320,262144,256,32768,256/32768,32,8,256,,"fsdp=2,tp=2",3,10,0,0,-1,exp0157_gpu-a100-80gb-4_torch_eager_collective_loop_b16_L512_fsdp2_tp2_tc256_vc32768_fsdp2_tp2_tc256_vc32768_r0,/Users/deep-diver/Developers/TUNIX-TRY/01-CCE/data/mesh_pathology_dense_a100_torch/runs/exp0157_gpu-a100-80gb-4_torch_eager_collective_loop_b16_L512_fsdp2_tp2_tc256_vc32768_fsdp2_tp2_tc256_vc32768_r0,/Users/deep-diver/Developers/TUNIX-TRY/01-CCE/data/mesh_pathology_dense_a100_torch/runs/exp0157_gpu-a100-80gb-4_torch_eager_collective_loop_b16_L512_fsdp2_tp2_tc256_vc32768_fsdp2_tp2_tc256_vc32768_r0/xla,,gpu-a100-80gb-4/torch_eager_collective_loop
158,20260616T031040Z,dense-synthetic,2026-06-16T03:10:40+00:00,Chansungs-MacBook-Pro-2.local,gpu-a100-80gb-4,primary_gpu_baseline,gpu,A100-80GB,4,A100:4:80GB,torch_eager_collective_loop,torch_microbench,PyTorch eager repeated NCCL all-reduce over chunk-sized tensors.,collective_loop,eager,b16_L512_fsdp2_tp2_tc256_vc65536,2,2,16,512,b16/L512,320,262144,256,65536,256/65536,32,4,128,,"fsdp=2,tp=2",3,10,0,0,-1,exp0158_gpu-a100-80gb-4_torch_eager_collective_loop_b16_L512_fsdp2_tp2_tc256_vc65536_fsdp2_tp2_tc256_vc65536_r0,/Users/deep-diver/Developers/TUNIX-TRY/01-CCE/data/mesh_pathology_dense_a100_torch/runs/exp0158_gpu-a100-80gb-4_torch_eager_collective_loop_b16_L512_fsdp2_tp2_tc256_vc65536_fsdp2_tp2_tc256_vc65536_r0,/Users/deep-diver/Developers/TUNIX-TRY/01-CCE/data/mesh_pathology_dense_a100_torch/runs/exp0158_gpu-a100-80gb-4_torch_eager_collective_loop_b16_L512_fsdp2_tp2_tc256_vc65536_fsdp2_tp2_tc256_vc65536_r0/xla,,gpu-a100-80gb-4/torch_eager_collective_loop
159,20260616T031040Z,dense-synthetic,2026-06-16T03:10:40+00:00,Chansungs-MacBook-Pro-2.local,gpu-a100-80gb-4,primary_gpu_baseline,gpu,A100-80GB,4,A100:4:80GB,torch_eager_collective_loop,torch_microbench,PyTorch eager repeated NCCL all-reduce over chunk-sized tensors.,collective_loop,eager,b16_L512_fsdp2_tp2_tc256_vc131072,2,2,16,512,b16/L512,320,262144,256,131072,256/131072,32,2,64,,"fsdp=2,tp=2",3,10,0,0,-1,exp0159_gpu-a100-80gb-4_torch_eager_collective_loop_b16_L512_fsdp2_tp2_tc256_vc131072_fsdp2_tp2_tc256_vc131072_r0,/Users/deep-diver/Developers/TUNIX-TRY/01-CCE/data/mesh_pathology_dense_a100_torch/runs/exp0159_gpu-a100-80gb-4_torch_eager_collective_loop_b16_L512_fsdp2_tp2_tc256_vc131072_fsdp2_tp2_tc256_vc131072_r0,/Users/deep-diver/Developers/TUNIX-TRY/01-CCE/data/mesh_pathology_dense_a100_torch/runs/exp0159_gpu-a100-80gb-4_torch_eager_collective_loop_b16_L512_fsdp2_tp2_tc256_vc131072_fsdp2_tp2_tc256_vc131072_r0/xla,,gpu-a100-80gb-4/torch_eager_collective_loop
160,20260616T031040Z,dense-synthetic,2026-06-16T03:10:40+00:00,Chansungs-MacBook-Pro-2.local,gpu-a100-80gb-4,primary_gpu_baseline,gpu,A100-80GB,4,A100:4:80GB,torch_eager_collective_loop,torch_microbench,PyTorch eager repeated NCCL all-reduce over chunk-sized tensors.,collective_loop,eager,b16_L512_fsdp2_tp2_tc256_vc262144,2,2,16,512,b16/L512,320,262144,256,262144,256/262144,32,1,32,,"fsdp=2,tp=2",3,10,0,0,-1,exp0160_gpu-a100-80gb-4_torch_eager_collective_loop_b16_L512_fsdp2_tp2_tc256_vc262144_fsdp2_tp2_tc256_vc262144_r0,/Users/deep-diver/Developers/TUNIX-TRY/01-CCE/data/mesh_pathology_dense_a100_torch/runs/exp0160_gpu-a100-80gb-4_torch_eager_collective_loop_b16_L512_fsdp2_tp2_tc256_vc262144_fsdp2_tp2_tc256_vc262144_r0,/Users/deep-diver/Developers/TUNIX-TRY/01-CCE/data/mesh_pathology_dense_a100_torch/runs/exp0160_gpu-a100-80gb-4_torch_eager_collective_loop_b16_L512_fsdp2_tp2_tc256_vc262144_fsdp2_tp2_tc256_vc262144_r0/xla,,gpu-a100-80gb-4/torch_eager_collective_loop
161,20260616T031040Z,dense-synthetic,2026-06-16T03:10:40+00:00,Chansungs-MacBook-Pro-2.local,gpu-a100-80gb-4,primary_gpu_baseline,gpu,A100-80GB,4,A100:4:80GB,torch_eager_collective_loop,torch_microbench,PyTorch eager repeated NCCL all-reduce over chunk-sized tensors.,collective_loop,eager,b16_L512_fsdp2_tp2_tc512_vc4096,2,2,16,512,b16/L512,320,262144,512,4096,512/4096,16,64,1024,,"fsdp=2,tp=2",3,10,0,0,-1,exp0161_gpu-a100-80gb-4_torch_eager_collective_loop_b16_L512_fsdp2_tp2_tc512_vc4096_fsdp2_tp2_tc512_vc4096_r0,/Users/deep-diver/Developers/TUNIX-TRY/01-CCE/data/mesh_pathology_dense_a100_torch/runs/exp0161_gpu-a100-80gb-4_torch_eager_collective_loop_b16_L512_fsdp2_tp2_tc512_vc4096_fsdp2_tp2_tc512_vc4096_r0,/Users/deep-diver/Developers/TUNIX-TRY/01-CCE/data/mesh_pathology_dense_a100_torch/runs/exp0161_gpu-a100-80gb-4_torch_eager_collective_loop_b16_L512_fsdp2_tp2_tc512_vc4096_fsdp2_tp2_tc512_vc4096_r0/xla,,gpu-a100-80gb-4/torch_eager_collective_loop
162,20260616T031040Z,dense-synthetic,2026-06-16T03:10:40+00:00,Chansungs-MacBook-Pro-2.local,gpu-a100-80gb-4,primary_gpu_baseline,gpu,A100-80GB,4,A100:4:80GB,torch_eager_collective_loop,torch_microbench,PyTorch eager repeated NCCL all-reduce over chunk-sized tensors.,collective_loop,eager,b16_L512_fsdp2_tp2_tc512_vc8192,2,2,16,512,b16/L512,320,262144,512,8192,512/8192,16,32,512,,"fsdp=2,tp=2",3,10,0,0,-1,exp0162_gpu-a100-80gb-4_torch_eager_collective_loop_b16_L512_fsdp2_tp2_tc512_vc8192_fsdp2_tp2_tc512_vc8192_r0,/Users/deep-diver/Developers/TUNIX-TRY/01-CCE/data/mesh_pathology_dense_a100_torch/runs/exp0162_gpu-a100-80gb-4_torch_eager_collective_loop_b16_L512_fsdp2_tp2_tc512_vc8192_fsdp2_tp2_tc512_vc8192_r0,/Users/deep-diver/Developers/TUNIX-TRY/01-CCE/data/mesh_pathology_dense_a100_torch/runs/exp0162_gpu-a100-80gb-4_torch_eager_collective_loop_b16_L512_fsdp2_tp2_tc512_vc8192_fsdp2_tp2_tc512_vc8192_r0/xla,,gpu-a100-80gb-4/torch_eager_collective_loop
163,20260616T031040Z,dense-synthetic,2026-06-16T03:10:40+00:00,Chansungs-MacBook-Pro-2.local,gpu-a100-80gb-4,primary_gpu_baseline,gpu,A100-80GB,4,A100:4:80GB,torch_eager_collective_loop,torch_microbench,PyTorch eager repeated NCCL all-reduce over chunk-sized tensors.,collective_loop,eager,b16_L512_fsdp2_tp2_tc512_vc16384,2,2,16,512,b16/L512,320,262144,512,16384,512/16384,16,16,256,,"fsdp=2,tp=2",3,10,0,0,-1,exp0163_gpu-a100-80gb-4_torch_eager_collective_loop_b16_L512_fsdp2_tp2_tc512_vc16384_fsdp2_tp2_tc512_vc16384_r0,/Users/deep-diver/Developers/TUNIX-TRY/01-CCE/data/mesh_pathology_dense_a100_torch/runs/exp0163_gpu-a100-80gb-4_torch_eager_collective_loop_b16_L512_fsdp2_tp2_tc512_vc16384_fsdp2_tp2_tc512_vc16384_r0,/Users/deep-diver/Developers/TUNIX-TRY/01-CCE/data/mesh_pathology_dense_a100_torch/runs/exp0163_gpu-a100-80gb-4_torch_eager_collective_loop_b16_L512_fsdp2_tp2_tc512_vc16384_fsdp2_tp2_tc512_vc16384_r0/xla,,gpu-a100-80gb-4/torch_eager_collective_loop
164,20260616T031040Z,dense-synthetic,2026-06-16T03:10:40+00:00,Chansungs-MacBook-Pro-2.local,gpu-a100-80gb-4,primary_gpu_baseline,gpu,A100-80GB,4,A100:4:80GB,torch_eager_collective_loop,torch_microbench,PyTorch eager repeated NCCL all-reduce over chunk-sized tensors.,collective_loop,eager,b16_L512_fsdp2_tp2_tc512_vc32768,2,2,16,512,b16/L512,320,262144,512,32768,512/32768,16,8,128,,"fsdp=2,tp=2",3,10,0,0,-1,exp0164_gpu-a100-80gb-4_torch_eager_collective_loop_b16_L512_fsdp2_tp2_tc512_vc32768_fsdp2_tp2_tc512_vc32768_r0,/Users/deep-diver/Developers/TUNIX-TRY/01-CCE/data/mesh_pathology_dense_a100_torch/runs/exp0164_gpu-a100-80gb-4_torch_eager_collective_loop_b16_L512_fsdp2_tp2_tc512_vc32768_fsdp2_tp2_tc512_vc32768_r0,/Users/deep-diver/Developers/TUNIX-TRY/01-CCE/data/mesh_pathology_dense_a100_torch/runs/exp0164_gpu-a100-80gb-4_torch_eager_collective_loop_b16_L512_fsdp2_tp2_tc512_vc32768_fsdp2_tp2_tc512_vc32768_r0/xla,,gpu-a100-80gb-4/torch_eager_collective_loop
165,20260616T031040Z,dense-synthetic,2026-06-16T03:10:40+00:00,Chansungs-MacBook-Pro-2.local,gpu-a100-80gb-4,primary_gpu_baseline,gpu,A100-80GB,4,A100:4:80GB,torch_eager_collective_loop,torch_microbench,PyTorch eager repeated NCCL all-reduce over chunk-sized tensors.,collective_loop,eager,b16_L512_fsdp2_tp2_tc512_vc65536,2,2,16,512,b16/L512,320,262144,512,65536,512/65536,16,4,64,,"fsdp=2,tp=2",3,10,0,0,-1,exp0165_gpu-a100-80gb-4_torch_eager_collective_loop_b16_L512_fsdp2_tp2_tc512_vc65536_fsdp2_tp2_tc512_vc65536_r0,/Users/deep-diver/Developers/TUNIX-TRY/01-CCE/data/mesh_pathology_dense_a100_torch/runs/exp0165_gpu-a100-80gb-4_torch_eager_collective_loop_b16_L512_fsdp2_tp2_tc512_vc65536_fsdp2_tp2_tc512_vc65536_r0,/Users/deep-diver/Developers/TUNIX-TRY/01-CCE/data/mesh_pathology_dense_a100_torch/runs/exp0165_gpu-a100-80gb-4_torch_eager_collective_loop_b16_L512_fsdp2_tp2_tc512_vc65536_fsdp2_tp2_tc512_vc65536_r0/xla,,gpu-a100-80gb-4/torch_eager_collective_loop
166,20260616T031040Z,dense-synthetic,2026-06-16T03:10:40+00:00,Chansungs-MacBook-Pro-2.local,gpu-a100-80gb-4,primary_gpu_baseline,gpu,A100-80GB,4,A100:4:80GB,torch_eager_collective_loop,torch_microbench,PyTorch eager repeated NCCL all-reduce over chunk-sized tensors.,collective_loop,eager,b16_L512_fsdp2_tp2_tc512_vc131072,2,2,16,512,b16/L512,320,262144,512,131072,512/131072,16,2,32,,"fsdp=2,tp=2",3,10,0,0,-1,exp0166_gpu-a100-80gb-4_torch_eager_collective_loop_b16_L512_fsdp2_tp2_tc512_vc131072_fsdp2_tp2_tc512_vc131072_r0,/Users/deep-diver/Developers/TUNIX-TRY/01-CCE/data/mesh_pathology_dense_a100_torch/runs/exp0166_gpu-a100-80gb-4_torch_eager_collective_loop_b16_L512_fsdp2_tp2_tc512_vc131072_fsdp2_tp2_tc512_vc131072_r0,/Users/deep-diver/Developers/TUNIX-TRY/01-CCE/data/mesh_pathology_dense_a100_torch/runs/exp0166_gpu-a100-80gb-4_torch_eager_collective_loop_b16_L512_fsdp2_tp2_tc512_vc131072_fsdp2_tp2_tc512_vc131072_r0/xla,,gpu-a100-80gb-4/torch_eager_collective_loop
167,20260616T031040Z,dense-synthetic,2026-06-16T03:10:40+00:00,Chansungs-MacBook-Pro-2.local,gpu-a100-80gb-4,primary_gpu_baseline,gpu,A100-80GB,4,A100:4:80GB,torch_eager_collective_loop,torch_microbench,PyTorch eager repeated NCCL all-reduce over chunk-sized tensors.,collective_loop,eager,b16_L512_fsdp2_tp2_tc512_vc262144,2,2,16,512,b16/L512,320,262144,512,262144,512/262144,16,1,16,,"fsdp=2,tp=2",3,10,0,0,-1,exp0167_gpu-a100-80gb-4_torch_eager_collective_loop_b16_L512_fsdp2_tp2_tc512_vc262144_fsdp2_tp2_tc512_vc262144_r0,/Users/deep-diver/Developers/TUNIX-TRY/01-CCE/data/mesh_pathology_dense_a100_torch/runs/exp0167_gpu-a100-80gb-4_torch_eager_collective_loop_b16_L512_fsdp2_tp2_tc512_vc262144_fsdp2_tp2_tc512_vc262144_r0,/Users/deep-diver/Developers/TUNIX-TRY/01-CCE/data/mesh_pathology_dense_a100_torch/runs/exp0167_gpu-a100-80gb-4_torch_eager_collective_loop_b16_L512_fsdp2_tp2_tc512_vc262144_fsdp2_tp2_tc512_vc262144_r0/xla,,gpu-a100-80gb-4/torch_eager_collective_loop
168,20260616T031040Z,dense-synthetic,2026-06-16T03:10:40+00:00,Chansungs-MacBook-Pro-2.local,gpu-a100-80gb-4,primary_gpu_baseline,gpu,A100-80GB,4,A100:4:80GB,torch_eager_collective_loop,torch_microbench,PyTorch eager repeated NCCL all-reduce over chunk-sized tensors.,collective_loop,eager,b16_L512_fsdp2_tp2_tc1024_vc4096,2,2,16,512,b16/L512,320,262144,1024,4096,1024/4096,8,64,512,,"fsdp=2,tp=2",3,10,0,0,-1,exp0168_gpu-a100-80gb-4_torch_eager_collective_loop_b16_L512_fsdp2_tp2_tc1024_vc4096_fsdp2_tp2_tc1024_vc4096_r0,/Users/deep-diver/Developers/TUNIX-TRY/01-CCE/data/mesh_pathology_dense_a100_torch/runs/exp0168_gpu-a100-80gb-4_torch_eager_collective_loop_b16_L512_fsdp2_tp2_tc1024_vc4096_fsdp2_tp2_tc1024_vc4096_r0,/Users/deep-diver/Developers/TUNIX-TRY/01-CCE/data/mesh_pathology_dense_a100_torch/runs/exp0168_gpu-a100-80gb-4_torch_eager_collective_loop_b16_L512_fsdp2_tp2_tc1024_vc4096_fsdp2_tp2_tc1024_vc4096_r0/xla,,gpu-a100-80gb-4/torch_eager_collective_loop
169,20260616T031040Z,dense-synthetic,2026-06-16T03:10:40+00:00,Chansungs-MacBook-Pro-2.local,gpu-a100-80gb-4,primary_gpu_baseline,gpu,A100-80GB,4,A100:4:80GB,torch_eager_collective_loop,torch_microbench,PyTorch eager repeated NCCL all-reduce over chunk-sized tensors.,collective_loop,eager,b16_L512_fsdp2_tp2_tc1024_vc8192,2,2,16,512,b16/L512,320,262144,1024,8192,1024/8192,8,32,256,,"fsdp=2,tp=2",3,10,0,0,-1,exp0169_gpu-a100-80gb-4_torch_eager_collective_loop_b16_L512_fsdp2_tp2_tc1024_vc8192_fsdp2_tp2_tc1024_vc8192_r0,/Users/deep-diver/Developers/TUNIX-TRY/01-CCE/data/mesh_pathology_dense_a100_torch/runs/exp0169_gpu-a100-80gb-4_torch_eager_collective_loop_b16_L512_fsdp2_tp2_tc1024_vc8192_fsdp2_tp2_tc1024_vc8192_r0,/Users/deep-diver/Developers/TUNIX-TRY/01-CCE/data/mesh_pathology_dense_a100_torch/runs/exp0169_gpu-a100-80gb-4_torch_eager_collective_loop_b16_L512_fsdp2_tp2_tc1024_vc8192_fsdp2_tp2_tc1024_vc8192_r0/xla,,gpu-a100-80gb-4/torch_eager_collective_loop
170,20260616T031040Z,dense-synthetic,2026-06-16T03:10:40+00:00,Chansungs-MacBook-Pro-2.local,gpu-a100-80gb-4,primary_gpu_baseline,gpu,A100-80GB,4,A100:4:80GB,torch_eager_collective_loop,torch_microbench,PyTorch eager repeated NCCL all-reduce over chunk-sized tensors.,collective_loop,eager,b16_L512_fsdp2_tp2_tc1024_vc16384,2,2,16,512,b16/L512,320,262144,1024,16384,1024/16384,8,16,128,,"fsdp=2,tp=2",3,10,0,0,-1,exp0170_gpu-a100-80gb-4_torch_eager_collective_loop_b16_L512_fsdp2_tp2_tc1024_vc16384_fsdp2_tp2_tc1024_vc16384_r0,/Users/deep-diver/Developers/TUNIX-TRY/01-CCE/data/mesh_pathology_dense_a100_torch/runs/exp0170_gpu-a100-80gb-4_torch_eager_collective_loop_b16_L512_fsdp2_tp2_tc1024_vc16384_fsdp2_tp2_tc1024_vc16384_r0,/Users/deep-diver/Developers/TUNIX-TRY/01-CCE/data/mesh_pathology_dense_a100_torch/runs/exp0170_gpu-a100-80gb-4_torch_eager_collective_loop_b16_L512_fsdp2_tp2_tc1024_vc16384_fsdp2_tp2_tc1024_vc16384_r0/xla,,gpu-a100-80gb-4/torch_eager_collective_loop
171,20260616T031040Z,dense-synthetic,2026-06-16T03:10:40+00:00,Chansungs-MacBook-Pro-2.local,gpu-a100-80gb-4,primary_gpu_baseline,gpu,A100-80GB,4,A100:4:80GB,torch_eager_collective_loop,torch_microbench,PyTorch eager repeated NCCL all-reduce over chunk-sized tensors.,collective_loop,eager,b16_L512_fsdp2_tp2_tc1024_vc32768,2,2,16,512,b16/L512,320,262144,1024,32768,1024/32768,8,8,64,,"fsdp=2,tp=2",3,10,0,0,-1,exp0171_gpu-a100-80gb-4_torch_eager_collective_loop_b16_L512_fsdp2_tp2_tc1024_vc32768_fsdp2_tp2_tc1024_vc32768_r0,/Users/deep-diver/Developers/TUNIX-TRY/01-CCE/data/mesh_pathology_dense_a100_torch/runs/exp0171_gpu-a100-80gb-4_torch_eager_collective_loop_b16_L512_fsdp2_tp2_tc1024_vc32768_fsdp2_tp2_tc1024_vc32768_r0,/Users/deep-diver/Developers/TUNIX-TRY/01-CCE/data/mesh_pathology_dense_a100_torch/runs/exp0171_gpu-a100-80gb-4_torch_eager_collective_loop_b16_L512_fsdp2_tp2_tc1024_vc32768_fsdp2_tp2_tc1024_vc32768_r0/xla,,gpu-a100-80gb-4/torch_eager_collective_loop
172,20260616T031040Z,dense-synthetic,2026-06-16T03:10:40+00:00,Chansungs-MacBook-Pro-2.local,gpu-a100-80gb-4,primary_gpu_baseline,gpu,A100-80GB,4,A100:4:80GB,torch_eager_collective_loop,torch_microbench,PyTorch eager repeated NCCL all-reduce over chunk-sized tensors.,collective_loop,eager,b16_L512_fsdp2_tp2_tc1024_vc65536,2,2,16,512,b16/L512,320,262144,1024,65536,1024/65536,8,4,32,,"fsdp=2,tp=2",3,10,0,0,-1,exp0172_gpu-a100-80gb-4_torch_eager_collective_loop_b16_L512_fsdp2_tp2_tc1024_vc65536_fsdp2_tp2_tc1024_vc65536_r0,/Users/deep-diver/Developers/TUNIX-TRY/01-CCE/data/mesh_pathology_dense_a100_torch/runs/exp0172_gpu-a100-80gb-4_torch_eager_collective_loop_b16_L512_fsdp2_tp2_tc1024_vc65536_fsdp2_tp2_tc1024_vc65536_r0,/Users/deep-diver/Developers/TUNIX-TRY/01-CCE/data/mesh_pathology_dense_a100_torch/runs/exp0172_gpu-a100-80gb-4_torch_eager_collective_loop_b16_L512_fsdp2_tp2_tc1024_vc65536_fsdp2_tp2_tc1024_vc65536_r0/xla,,gpu-a100-80gb-4/torch_eager_collective_loop
173,20260616T031040Z,dense-synthetic,2026-06-16T03:10:40+00:00,Chansungs-MacBook-Pro-2.local,gpu-a100-80gb-4,primary_gpu_baseline,gpu,A100-80GB,4,A100:4:80GB,torch_eager_collective_loop,torch_microbench,PyTorch eager repeated NCCL all-reduce over chunk-sized tensors.,collective_loop,eager,b16_L512_fsdp2_tp2_tc1024_vc131072,2,2,16,512,b16/L512,320,262144,1024,131072,1024/131072,8,2,16,,"fsdp=2,tp=2",3,10,0,0,-1,exp0173_gpu-a100-80gb-4_torch_eager_collective_loop_b16_L512_fsdp2_tp2_tc1024_vc131072_fsdp2_tp2_tc1024_vc131072_r0,/Users/deep-diver/Developers/TUNIX-TRY/01-CCE/data/mesh_pathology_dense_a100_torch/runs/exp0173_gpu-a100-80gb-4_torch_eager_collective_loop_b16_L512_fsdp2_tp2_tc1024_vc131072_fsdp2_tp2_tc1024_vc131072_r0,/Users/deep-diver/Developers/TUNIX-TRY/01-CCE/data/mesh_pathology_dense_a100_torch/runs/exp0173_gpu-a100-80gb-4_torch_eager_collective_loop_b16_L512_fsdp2_tp2_tc1024_vc131072_fsdp2_tp2_tc1024_vc131072_r0/xla,,gpu-a100-80gb-4/torch_eager_collective_loop
174,20260616T031040Z,dense-synthetic,2026-06-16T03:10:40+00:00,Chansungs-MacBook-Pro-2.local,gpu-a100-80gb-4,primary_gpu_baseline,gpu,A100-80GB,4,A100:4:80GB,torch_eager_collective_loop,torch_microbench,PyTorch eager repeated NCCL all-reduce over chunk-sized tensors.,collective_loop,eager,b16_L512_fsdp2_tp2_tc1024_vc262144,2,2,16,512,b16/L512,320,262144,1024,262144,1024/262144,8,1,8,,"fsdp=2,tp=2",3,10,0,0,-1,exp0174_gpu-a100-80gb-4_torch_eager_collective_loop_b16_L512_fsdp2_tp2_tc1024_vc262144_fsdp2_tp2_tc1024_vc262144_r0,/Users/deep-diver/Developers/TUNIX-TRY/01-CCE/data/mesh_pathology_dense_a100_torch/runs/exp0174_gpu-a100-80gb-4_torch_eager_collective_loop_b16_L512_fsdp2_tp2_tc1024_vc262144_fsdp2_tp2_tc1024_vc262144_r0,/Users/deep-diver/Developers/TUNIX-TRY/01-CCE/data/mesh_pathology_dense_a100_torch/runs/exp0174_gpu-a100-80gb-4_torch_eager_collective_loop_b16_L512_fsdp2_tp2_tc1024_vc262144_fsdp2_tp2_tc1024_vc262144_r0/xla,,gpu-a100-80gb-4/torch_eager_collective_loop
175,20260616T031040Z,dense-synthetic,2026-06-16T03:10:40+00:00,Chansungs-MacBook-Pro-2.local,gpu-a100-80gb-4,primary_gpu_baseline,gpu,A100-80GB,4,A100:4:80GB,torch_eager_collective_loop,torch_microbench,PyTorch eager repeated NCCL all-reduce over chunk-sized tensors.,collective_loop,eager,b16_L512_fsdp1_tp4_tc64_vc4096,1,4,16,512,b16/L512,320,262144,64,4096,64/4096,128,64,8192,,"fsdp=1,tp=4",3,10,0,0,-1,exp0175_gpu-a100-80gb-4_torch_eager_collective_loop_b16_L512_fsdp1_tp4_tc64_vc4096_fsdp1_tp4_tc64_vc4096_r0,/Users/deep-diver/Developers/TUNIX-TRY/01-CCE/data/mesh_pathology_dense_a100_torch/runs/exp0175_gpu-a100-80gb-4_torch_eager_collective_loop_b16_L512_fsdp1_tp4_tc64_vc4096_fsdp1_tp4_tc64_vc4096_r0,/Users/deep-diver/Developers/TUNIX-TRY/01-CCE/data/mesh_pathology_dense_a100_torch/runs/exp0175_gpu-a100-80gb-4_torch_eager_collective_loop_b16_L512_fsdp1_tp4_tc64_vc4096_fsdp1_tp4_tc64_vc4096_r0/xla,,gpu-a100-80gb-4/torch_eager_collective_loop
176,20260616T031040Z,dense-synthetic,2026-06-16T03:10:40+00:00,Chansungs-MacBook-Pro-2.local,gpu-a100-80gb-4,primary_gpu_baseline,gpu,A100-80GB,4,A100:4:80GB,torch_eager_collective_loop,torch_microbench,PyTorch eager repeated NCCL all-reduce over chunk-sized tensors.,collective_loop,eager,b16_L512_fsdp1_tp4_tc64_vc8192,1,4,16,512,b16/L512,320,262144,64,8192,64/8192,128,32,4096,,"fsdp=1,tp=4",3,10,0,0,-1,exp0176_gpu-a100-80gb-4_torch_eager_collective_loop_b16_L512_fsdp1_tp4_tc64_vc8192_fsdp1_tp4_tc64_vc8192_r0,/Users/deep-diver/Developers/TUNIX-TRY/01-CCE/data/mesh_pathology_dense_a100_torch/runs/exp0176_gpu-a100-80gb-4_torch_eager_collective_loop_b16_L512_fsdp1_tp4_tc64_vc8192_fsdp1_tp4_tc64_vc8192_r0,/Users/deep-diver/Developers/TUNIX-TRY/01-CCE/data/mesh_pathology_dense_a100_torch/runs/exp0176_gpu-a100-80gb-4_torch_eager_collective_loop_b16_L512_fsdp1_tp4_tc64_vc8192_fsdp1_tp4_tc64_vc8192_r0/xla,,gpu-a100-80gb-4/torch_eager_collective_loop
177,20260616T031040Z,dense-synthetic,2026-06-16T03:10:40+00:00,Chansungs-MacBook-Pro-2.local,gpu-a100-80gb-4,primary_gpu_baseline,gpu,A100-80GB,4,A100:4:80GB,torch_eager_collective_loop,torch_microbench,PyTorch eager repeated NCCL all-reduce over chunk-sized tensors.,collective_loop,eager,b16_L512_fsdp1_tp4_tc64_vc16384,1,4,16,512,b16/L512,320,262144,64,16384,64/16384,128,16,2048,,"fsdp=1,tp=4",3,10,0,0,-1,exp0177_gpu-a100-80gb-4_torch_eager_collective_loop_b16_L512_fsdp1_tp4_tc64_vc16384_fsdp1_tp4_tc64_vc16384_r0,/Users/deep-diver/Developers/TUNIX-TRY/01-CCE/data/mesh_pathology_dense_a100_torch/runs/exp0177_gpu-a100-80gb-4_torch_eager_collective_loop_b16_L512_fsdp1_tp4_tc64_vc16384_fsdp1_tp4_tc64_vc16384_r0,/Users/deep-diver/Developers/TUNIX-TRY/01-CCE/data/mesh_pathology_dense_a100_torch/runs/exp0177_gpu-a100-80gb-4_torch_eager_collective_loop_b16_L512_fsdp1_tp4_tc64_vc16384_fsdp1_tp4_tc64_vc16384_r0/xla,,gpu-a100-80gb-4/torch_eager_collective_loop
178,20260616T031040Z,dense-synthetic,2026-06-16T03:10:40+00:00,Chansungs-MacBook-Pro-2.local,gpu-a100-80gb-4,primary_gpu_baseline,gpu,A100-80GB,4,A100:4:80GB,torch_eager_collective_loop,torch_microbench,PyTorch eager repeated NCCL all-reduce over chunk-sized tensors.,collective_loop,eager,b16_L512_fsdp1_tp4_tc64_vc32768,1,4,16,512,b16/L512,320,262144,64,32768,64/32768,128,8,1024,,"fsdp=1,tp=4",3,10,0,0,-1,exp0178_gpu-a100-80gb-4_torch_eager_collective_loop_b16_L512_fsdp1_tp4_tc64_vc32768_fsdp1_tp4_tc64_vc32768_r0,/Users/deep-diver/Developers/TUNIX-TRY/01-CCE/data/mesh_pathology_dense_a100_torch/runs/exp0178_gpu-a100-80gb-4_torch_eager_collective_loop_b16_L512_fsdp1_tp4_tc64_vc32768_fsdp1_tp4_tc64_vc32768_r0,/Users/deep-diver/Developers/TUNIX-TRY/01-CCE/data/mesh_pathology_dense_a100_torch/runs/exp0178_gpu-a100-80gb-4_torch_eager_collective_loop_b16_L512_fsdp1_tp4_tc64_vc32768_fsdp1_tp4_tc64_vc32768_r0/xla,,gpu-a100-80gb-4/torch_eager_collective_loop
179,20260616T031040Z,dense-synthetic,2026-06-16T03:10:40+00:00,Chansungs-MacBook-Pro-2.local,gpu-a100-80gb-4,primary_gpu_baseline,gpu,A100-80GB,4,A100:4:80GB,torch_eager_collective_loop,torch_microbench,PyTorch eager repeated NCCL all-reduce over chunk-sized tensors.,collective_loop,eager,b16_L512_fsdp1_tp4_tc64_vc65536,1,4,16,512,b16/L512,320,262144,64,65536,64/65536,128,4,512,,"fsdp=1,tp=4",3,10,0,0,-1,exp0179_gpu-a100-80gb-4_torch_eager_collective_loop_b16_L512_fsdp1_tp4_tc64_vc65536_fsdp1_tp4_tc64_vc65536_r0,/Users/deep-diver/Developers/TUNIX-TRY/01-CCE/data/mesh_pathology_dense_a100_torch/runs/exp0179_gpu-a100-80gb-4_torch_eager_collective_loop_b16_L512_fsdp1_tp4_tc64_vc65536_fsdp1_tp4_tc64_vc65536_r0,/Users/deep-diver/Developers/TUNIX-TRY/01-CCE/data/mesh_pathology_dense_a100_torch/runs/exp0179_gpu-a100-80gb-4_torch_eager_collective_loop_b16_L512_fsdp1_tp4_tc64_vc65536_fsdp1_tp4_tc64_vc65536_r0/xla,,gpu-a100-80gb-4/torch_eager_collective_loop
180,20260616T031040Z,dense-synthetic,2026-06-16T03:10:40+00:00,Chansungs-MacBook-Pro-2.local,gpu-a100-80gb-4,primary_gpu_baseline,gpu,A100-80GB,4,A100:4:80GB,torch_eager_collective_loop,torch_microbench,PyTorch eager repeated NCCL all-reduce over chunk-sized tensors.,collective_loop,eager,b16_L512_fsdp1_tp4_tc64_vc131072,1,4,16,512,b16/L512,320,262144,64,131072,64/131072,128,2,256,,"fsdp=1,tp=4",3,10,0,0,-1,exp0180_gpu-a100-80gb-4_torch_eager_collective_loop_b16_L512_fsdp1_tp4_tc64_vc131072_fsdp1_tp4_tc64_vc131072_r0,/Users/deep-diver/Developers/TUNIX-TRY/01-CCE/data/mesh_pathology_dense_a100_torch/runs/exp0180_gpu-a100-80gb-4_torch_eager_collective_loop_b16_L512_fsdp1_tp4_tc64_vc131072_fsdp1_tp4_tc64_vc131072_r0,/Users/deep-diver/Developers/TUNIX-TRY/01-CCE/data/mesh_pathology_dense_a100_torch/runs/exp0180_gpu-a100-80gb-4_torch_eager_collective_loop_b16_L512_fsdp1_tp4_tc64_vc131072_fsdp1_tp4_tc64_vc131072_r0/xla,,gpu-a100-80gb-4/torch_eager_collective_loop
181,20260616T031040Z,dense-synthetic,2026-06-16T03:10:40+00:00,Chansungs-MacBook-Pro-2.local,gpu-a100-80gb-4,primary_gpu_baseline,gpu,A100-80GB,4,A100:4:80GB,torch_eager_collective_loop,torch_microbench,PyTorch eager repeated NCCL all-reduce over chunk-sized tensors.,collective_loop,eager,b16_L512_fsdp1_tp4_tc64_vc262144,1,4,16,512,b16/L512,320,262144,64,262144,64/262144,128,1,128,,"fsdp=1,tp=4",3,10,0,0,-1,exp0181_gpu-a100-80gb-4_torch_eager_collective_loop_b16_L512_fsdp1_tp4_tc64_vc262144_fsdp1_tp4_tc64_vc262144_r0,/Users/deep-diver/Developers/TUNIX-TRY/01-CCE/data/mesh_pathology_dense_a100_torch/runs/exp0181_gpu-a100-80gb-4_torch_eager_collective_loop_b16_L512_fsdp1_tp4_tc64_vc262144_fsdp1_tp4_tc64_vc262144_r0,/Users/deep-diver/Developers/TUNIX-TRY/01-CCE/data/mesh_pathology_dense_a100_torch/runs/exp0181_gpu-a100-80gb-4_torch_eager_collective_loop_b16_L512_fsdp1_tp4_tc64_vc262144_fsdp1_tp4_tc64_vc262144_r0/xla,,gpu-a100-80gb-4/torch_eager_collective_loop
182,20260616T031040Z,dense-synthetic,2026-06-16T03:10:40+00:00,Chansungs-MacBook-Pro-2.local,gpu-a100-80gb-4,primary_gpu_baseline,gpu,A100-80GB,4,A100:4:80GB,torch_eager_collective_loop,torch_microbench,PyTorch eager repeated NCCL all-reduce over chunk-sized tensors.,collective_loop,eager,b16_L512_fsdp1_tp4_tc128_vc4096,1,4,16,512,b16/L512,320,262144,128,4096,128/4096,64,64,4096,,"fsdp=1,tp=4",3,10,0,0,-1,exp0182_gpu-a100-80gb-4_torch_eager_collective_loop_b16_L512_fsdp1_tp4_tc128_vc4096_fsdp1_tp4_tc128_vc4096_r0,/Users/deep-diver/Developers/TUNIX-TRY/01-CCE/data/mesh_pathology_dense_a100_torch/runs/exp0182_gpu-a100-80gb-4_torch_eager_collective_loop_b16_L512_fsdp1_tp4_tc128_vc4096_fsdp1_tp4_tc128_vc4096_r0,/Users/deep-diver/Developers/TUNIX-TRY/01-CCE/data/mesh_pathology_dense_a100_torch/runs/exp0182_gpu-a100-80gb-4_torch_eager_collective_loop_b16_L512_fsdp1_tp4_tc128_vc4096_fsdp1_tp4_tc128_vc4096_r0/xla,,gpu-a100-80gb-4/torch_eager_collective_loop
183,20260616T031040Z,dense-synthetic,2026-06-16T03:10:40+00:00,Chansungs-MacBook-Pro-2.local,gpu-a100-80gb-4,primary_gpu_baseline,gpu,A100-80GB,4,A100:4:80GB,torch_eager_collective_loop,torch_microbench,PyTorch eager repeated NCCL all-reduce over chunk-sized tensors.,collective_loop,eager,b16_L512_fsdp1_tp4_tc128_vc8192,1,4,16,512,b16/L512,320,262144,128,8192,128/8192,64,32,2048,,"fsdp=1,tp=4",3,10,0,0,-1,exp0183_gpu-a100-80gb-4_torch_eager_collective_loop_b16_L512_fsdp1_tp4_tc128_vc8192_fsdp1_tp4_tc128_vc8192_r0,/Users/deep-diver/Developers/TUNIX-TRY/01-CCE/data/mesh_pathology_dense_a100_torch/runs/exp0183_gpu-a100-80gb-4_torch_eager_collective_loop_b16_L512_fsdp1_tp4_tc128_vc8192_fsdp1_tp4_tc128_vc8192_r0,/Users/deep-diver/Developers/TUNIX-TRY/01-CCE/data/mesh_pathology_dense_a100_torch/runs/exp0183_gpu-a100-80gb-4_torch_eager_collective_loop_b16_L512_fsdp1_tp4_tc128_vc8192_fsdp1_tp4_tc128_vc8192_r0/xla,,gpu-a100-80gb-4/torch_eager_collective_loop
184,20260616T031040Z,dense-synthetic,2026-06-16T03:10:40+00:00,Chansungs-MacBook-Pro-2.local,gpu-a100-80gb-4,primary_gpu_baseline,gpu,A100-80GB,4,A100:4:80GB,torch_eager_collective_loop,torch_microbench,PyTorch eager repeated NCCL all-reduce over chunk-sized tensors.,collective_loop,eager,b16_L512_fsdp1_tp4_tc128_vc16384,1,4,16,512,b16/L512,320,262144,128,16384,128/16384,64,16,1024,,"fsdp=1,tp=4",3,10,0,0,-1,exp0184_gpu-a100-80gb-4_torch_eager_collective_loop_b16_L512_fsdp1_tp4_tc128_vc16384_fsdp1_tp4_tc128_vc16384_r0,/Users/deep-diver/Developers/TUNIX-TRY/01-CCE/data/mesh_pathology_dense_a100_torch/runs/exp0184_gpu-a100-80gb-4_torch_eager_collective_loop_b16_L512_fsdp1_tp4_tc128_vc16384_fsdp1_tp4_tc128_vc16384_r0,/Users/deep-diver/Developers/TUNIX-TRY/01-CCE/data/mesh_pathology_dense_a100_torch/runs/exp0184_gpu-a100-80gb-4_torch_eager_collective_loop_b16_L512_fsdp1_tp4_tc128_vc16384_fsdp1_tp4_tc128_vc16384_r0/xla,,gpu-a100-80gb-4/torch_eager_collective_loop
185,20260616T031040Z,dense-synthetic,2026-06-16T03:10:40+00:00,Chansungs-MacBook-Pro-2.local,gpu-a100-80gb-4,primary_gpu_baseline,gpu,A100-80GB,4,A100:4:80GB,torch_eager_collective_loop,torch_microbench,PyTorch eager repeated NCCL all-reduce over chunk-sized tensors.,collective_loop,eager,b16_L512_fsdp1_tp4_tc128_vc32768,1,4,16,512,b16/L512,320,262144,128,32768,128/32768,64,8,512,,"fsdp=1,tp=4",3,10,0,0,-1,exp0185_gpu-a100-80gb-4_torch_eager_collective_loop_b16_L512_fsdp1_tp4_tc128_vc32768_fsdp1_tp4_tc128_vc32768_r0,/Users/deep-diver/Developers/TUNIX-TRY/01-CCE/data/mesh_pathology_dense_a100_torch/runs/exp0185_gpu-a100-80gb-4_torch_eager_collective_loop_b16_L512_fsdp1_tp4_tc128_vc32768_fsdp1_tp4_tc128_vc32768_r0,/Users/deep-diver/Developers/TUNIX-TRY/01-CCE/data/mesh_pathology_dense_a100_torch/runs/exp0185_gpu-a100-80gb-4_torch_eager_collective_loop_b16_L512_fsdp1_tp4_tc128_vc32768_fsdp1_tp4_tc128_vc32768_r0/xla,,gpu-a100-80gb-4/torch_eager_collective_loop
186,20260616T031040Z,dense-synthetic,2026-06-16T03:10:40+00:00,Chansungs-MacBook-Pro-2.local,gpu-a100-80gb-4,primary_gpu_baseline,gpu,A100-80GB,4,A100:4:80GB,torch_eager_collective_loop,torch_microbench,PyTorch eager repeated NCCL all-reduce over chunk-sized tensors.,collective_loop,eager,b16_L512_fsdp1_tp4_tc128_vc65536,1,4,16,512,b16/L512,320,262144,128,65536,128/65536,64,4,256,,"fsdp=1,tp=4",3,10,0,0,-1,exp0186_gpu-a100-80gb-4_torch_eager_collective_loop_b16_L512_fsdp1_tp4_tc128_vc65536_fsdp1_tp4_tc128_vc65536_r0,/Users/deep-diver/Developers/TUNIX-TRY/01-CCE/data/mesh_pathology_dense_a100_torch/runs/exp0186_gpu-a100-80gb-4_torch_eager_collective_loop_b16_L512_fsdp1_tp4_tc128_vc65536_fsdp1_tp4_tc128_vc65536_r0,/Users/deep-diver/Developers/TUNIX-TRY/01-CCE/data/mesh_pathology_dense_a100_torch/runs/exp0186_gpu-a100-80gb-4_torch_eager_collective_loop_b16_L512_fsdp1_tp4_tc128_vc65536_fsdp1_tp4_tc128_vc65536_r0/xla,,gpu-a100-80gb-4/torch_eager_collective_loop
187,20260616T031040Z,dense-synthetic,2026-06-16T03:10:40+00:00,Chansungs-MacBook-Pro-2.local,gpu-a100-80gb-4,primary_gpu_baseline,gpu,A100-80GB,4,A100:4:80GB,torch_eager_collective_loop,torch_microbench,PyTorch eager repeated NCCL all-reduce over chunk-sized tensors.,collective_loop,eager,b16_L512_fsdp1_tp4_tc128_vc131072,1,4,16,512,b16/L512,320,262144,128,131072,128/131072,64,2,128,,"fsdp=1,tp=4",3,10,0,0,-1,exp0187_gpu-a100-80gb-4_torch_eager_collective_loop_b16_L512_fsdp1_tp4_tc128_vc131072_fsdp1_tp4_tc128_vc131072_r0,/Users/deep-diver/Developers/TUNIX-TRY/01-CCE/data/mesh_pathology_dense_a100_torch/runs/exp0187_gpu-a100-80gb-4_torch_eager_collective_loop_b16_L512_fsdp1_tp4_tc128_vc131072_fsdp1_tp4_tc128_vc131072_r0,/Users/deep-diver/Developers/TUNIX-TRY/01-CCE/data/mesh_pathology_dense_a100_torch/runs/exp0187_gpu-a100-80gb-4_torch_eager_collective_loop_b16_L512_fsdp1_tp4_tc128_vc131072_fsdp1_tp4_tc128_vc131072_r0/xla,,gpu-a100-80gb-4/torch_eager_collective_loop
188,20260616T031040Z,dense-synthetic,2026-06-16T03:10:40+00:00,Chansungs-MacBook-Pro-2.local,gpu-a100-80gb-4,primary_gpu_baseline,gpu,A100-80GB,4,A100:4:80GB,torch_eager_collective_loop,torch_microbench,PyTorch eager repeated NCCL all-reduce over chunk-sized tensors.,collective_loop,eager,b16_L512_fsdp1_tp4_tc128_vc262144,1,4,16,512,b16/L512,320,262144,128,262144,128/262144,64,1,64,,"fsdp=1,tp=4",3,10,0,0,-1,exp0188_gpu-a100-80gb-4_torch_eager_collective_loop_b16_L512_fsdp1_tp4_tc128_vc262144_fsdp1_tp4_tc128_vc262144_r0,/Users/deep-diver/Developers/TUNIX-TRY/01-CCE/data/mesh_pathology_dense_a100_torch/runs/exp0188_gpu-a100-80gb-4_torch_eager_collective_loop_b16_L512_fsdp1_tp4_tc128_vc262144_fsdp1_tp4_tc128_vc262144_r0,/Users/deep-diver/Developers/TUNIX-TRY/01-CCE/data/mesh_pathology_dense_a100_torch/runs/exp0188_gpu-a100-80gb-4_torch_eager_collective_loop_b16_L512_fsdp1_tp4_tc128_vc262144_fsdp1_tp4_tc128_vc262144_r0/xla,,gpu-a100-80gb-4/torch_eager_collective_loop
189,20260616T031040Z,dense-synthetic,2026-06-16T03:10:40+00:00,Chansungs-MacBook-Pro-2.local,gpu-a100-80gb-4,primary_gpu_baseline,gpu,A100-80GB,4,A100:4:80GB,torch_eager_collective_loop,torch_microbench,PyTorch eager repeated NCCL all-reduce over chunk-sized tensors.,collective_loop,eager,b16_L512_fsdp1_tp4_tc256_vc4096,1,4,16,512,b16/L512,320,262144,256,4096,256/4096,32,64,2048,,"fsdp=1,tp=4",3,10,0,0,-1,exp0189_gpu-a100-80gb-4_torch_eager_collective_loop_b16_L512_fsdp1_tp4_tc256_vc4096_fsdp1_tp4_tc256_vc4096_r0,/Users/deep-diver/Developers/TUNIX-TRY/01-CCE/data/mesh_pathology_dense_a100_torch/runs/exp0189_gpu-a100-80gb-4_torch_eager_collective_loop_b16_L512_fsdp1_tp4_tc256_vc4096_fsdp1_tp4_tc256_vc4096_r0,/Users/deep-diver/Developers/TUNIX-TRY/01-CCE/data/mesh_pathology_dense_a100_torch/runs/exp0189_gpu-a100-80gb-4_torch_eager_collective_loop_b16_L512_fsdp1_tp4_tc256_vc4096_fsdp1_tp4_tc256_vc4096_r0/xla,,gpu-a100-80gb-4/torch_eager_collective_loop
190,20260616T031040Z,dense-synthetic,2026-06-16T03:10:40+00:00,Chansungs-MacBook-Pro-2.local,gpu-a100-80gb-4,primary_gpu_baseline,gpu,A100-80GB,4,A100:4:80GB,torch_eager_collective_loop,torch_microbench,PyTorch eager repeated NCCL all-reduce over chunk-sized tensors.,collective_loop,eager,b16_L512_fsdp1_tp4_tc256_vc8192,1,4,16,512,b16/L512,320,262144,256,8192,256/8192,32,32,1024,,"fsdp=1,tp=4",3,10,0,0,-1,exp0190_gpu-a100-80gb-4_torch_eager_collective_loop_b16_L512_fsdp1_tp4_tc256_vc8192_fsdp1_tp4_tc256_vc8192_r0,/Users/deep-diver/Developers/TUNIX-TRY/01-CCE/data/mesh_pathology_dense_a100_torch/runs/exp0190_gpu-a100-80gb-4_torch_eager_collective_loop_b16_L512_fsdp1_tp4_tc256_vc8192_fsdp1_tp4_tc256_vc8192_r0,/Users/deep-diver/Developers/TUNIX-TRY/01-CCE/data/mesh_pathology_dense_a100_torch/runs/exp0190_gpu-a100-80gb-4_torch_eager_collective_loop_b16_L512_fsdp1_tp4_tc256_vc8192_fsdp1_tp4_tc256_vc8192_r0/xla,,gpu-a100-80gb-4/torch_eager_collective_loop
191,20260616T031040Z,dense-synthetic,2026-06-16T03:10:40+00:00,Chansungs-MacBook-Pro-2.local,gpu-a100-80gb-4,primary_gpu_baseline,gpu,A100-80GB,4,A100:4:80GB,torch_eager_collective_loop,torch_microbench,PyTorch eager repeated NCCL all-reduce over chunk-sized tensors.,collective_loop,eager,b16_L512_fsdp1_tp4_tc256_vc16384,1,4,16,512,b16/L512,320,262144,256,16384,256/16384,32,16,512,,"fsdp=1,tp=4",3,10,0,0,-1,exp0191_gpu-a100-80gb-4_torch_eager_collective_loop_b16_L512_fsdp1_tp4_tc256_vc16384_fsdp1_tp4_tc256_vc16384_r0,/Users/deep-diver/Developers/TUNIX-TRY/01-CCE/data/mesh_pathology_dense_a100_torch/runs/exp0191_gpu-a100-80gb-4_torch_eager_collective_loop_b16_L512_fsdp1_tp4_tc256_vc16384_fsdp1_tp4_tc256_vc16384_r0,/Users/deep-diver/Developers/TUNIX-TRY/01-CCE/data/mesh_pathology_dense_a100_torch/runs/exp0191_gpu-a100-80gb-4_torch_eager_collective_loop_b16_L512_fsdp1_tp4_tc256_vc16384_fsdp1_tp4_tc256_vc16384_r0/xla,,gpu-a100-80gb-4/torch_eager_collective_loop
192,20260616T031040Z,dense-synthetic,2026-06-16T03:10:40+00:00,Chansungs-MacBook-Pro-2.local,gpu-a100-80gb-4,primary_gpu_baseline,gpu,A100-80GB,4,A100:4:80GB,torch_eager_collective_loop,torch_microbench,PyTorch eager repeated NCCL all-reduce over chunk-sized tensors.,collective_loop,eager,b16_L512_fsdp1_tp4_tc256_vc32768,1,4,16,512,b16/L512,320,262144,256,32768,256/32768,32,8,256,,"fsdp=1,tp=4",3,10,0,0,-1,exp0192_gpu-a100-80gb-4_torch_eager_collective_loop_b16_L512_fsdp1_tp4_tc256_vc32768_fsdp1_tp4_tc256_vc32768_r0,/Users/deep-diver/Developers/TUNIX-TRY/01-CCE/data/mesh_pathology_dense_a100_torch/runs/exp0192_gpu-a100-80gb-4_torch_eager_collective_loop_b16_L512_fsdp1_tp4_tc256_vc32768_fsdp1_tp4_tc256_vc32768_r0,/Users/deep-diver/Developers/TUNIX-TRY/01-CCE/data/mesh_pathology_dense_a100_torch/runs/exp0192_gpu-a100-80gb-4_torch_eager_collective_loop_b16_L512_fsdp1_tp4_tc256_vc32768_fsdp1_tp4_tc256_vc32768_r0/xla,,gpu-a100-80gb-4/torch_eager_collective_loop
193,20260616T031040Z,dense-synthetic,2026-06-16T03:10:40+00:00,Chansungs-MacBook-Pro-2.local,gpu-a100-80gb-4,primary_gpu_baseline,gpu,A100-80GB,4,A100:4:80GB,torch_eager_collective_loop,torch_microbench,PyTorch eager repeated NCCL all-reduce over chunk-sized tensors.,collective_loop,eager,b16_L512_fsdp1_tp4_tc256_vc65536,1,4,16,512,b16/L512,320,262144,256,65536,256/65536,32,4,128,,"fsdp=1,tp=4",3,10,0,0,-1,exp0193_gpu-a100-80gb-4_torch_eager_collective_loop_b16_L512_fsdp1_tp4_tc256_vc65536_fsdp1_tp4_tc256_vc65536_r0,/Users/deep-diver/Developers/TUNIX-TRY/01-CCE/data/mesh_pathology_dense_a100_torch/runs/exp0193_gpu-a100-80gb-4_torch_eager_collective_loop_b16_L512_fsdp1_tp4_tc256_vc65536_fsdp1_tp4_tc256_vc65536_r0,/Users/deep-diver/Developers/TUNIX-TRY/01-CCE/data/mesh_pathology_dense_a100_torch/runs/exp0193_gpu-a100-80gb-4_torch_eager_collective_loop_b16_L512_fsdp1_tp4_tc256_vc65536_fsdp1_tp4_tc256_vc65536_r0/xla,,gpu-a100-80gb-4/torch_eager_collective_loop
194,20260616T031040Z,dense-synthetic,2026-06-16T03:10:40+00:00,Chansungs-MacBook-Pro-2.local,gpu-a100-80gb-4,primary_gpu_baseline,gpu,A100-80GB,4,A100:4:80GB,torch_eager_collective_loop,torch_microbench,PyTorch eager repeated NCCL all-reduce over chunk-sized tensors.,collective_loop,eager,b16_L512_fsdp1_tp4_tc256_vc131072,1,4,16,512,b16/L512,320,262144,256,131072,256/131072,32,2,64,,"fsdp=1,tp=4",3,10,0,0,-1,exp0194_gpu-a100-80gb-4_torch_eager_collective_loop_b16_L512_fsdp1_tp4_tc256_vc131072_fsdp1_tp4_tc256_vc131072_r0,/Users/deep-diver/Developers/TUNIX-TRY/01-CCE/data/mesh_pathology_dense_a100_torch/runs/exp0194_gpu-a100-80gb-4_torch_eager_collective_loop_b16_L512_fsdp1_tp4_tc256_vc131072_fsdp1_tp4_tc256_vc131072_r0,/Users/deep-diver/Developers/TUNIX-TRY/01-CCE/data/mesh_pathology_dense_a100_torch/runs/exp0194_gpu-a100-80gb-4_torch_eager_collective_loop_b16_L512_fsdp1_tp4_tc256_vc131072_fsdp1_tp4_tc256_vc131072_r0/xla,,gpu-a100-80gb-4/torch_eager_collective_loop
195,20260616T031040Z,dense-synthetic,2026-06-16T03:10:40+00:00,Chansungs-MacBook-Pro-2.local,gpu-a100-80gb-4,primary_gpu_baseline,gpu,A100-80GB,4,A100:4:80GB,torch_eager_collective_loop,torch_microbench,PyTorch eager repeated NCCL all-reduce over chunk-sized tensors.,collective_loop,eager,b16_L512_fsdp1_tp4_tc256_vc262144,1,4,16,512,b16/L512,320,262144,256,262144,256/262144,32,1,32,,"fsdp=1,tp=4",3,10,0,0,-1,exp0195_gpu-a100-80gb-4_torch_eager_collective_loop_b16_L512_fsdp1_tp4_tc256_vc262144_fsdp1_tp4_tc256_vc262144_r0,/Users/deep-diver/Developers/TUNIX-TRY/01-CCE/data/mesh_pathology_dense_a100_torch/runs/exp0195_gpu-a100-80gb-4_torch_eager_collective_loop_b16_L512_fsdp1_tp4_tc256_vc262144_fsdp1_tp4_tc256_vc262144_r0,/Users/deep-diver/Developers/TUNIX-TRY/01-CCE/data/mesh_pathology_dense_a100_torch/runs/exp0195_gpu-a100-80gb-4_torch_eager_collective_loop_b16_L512_fsdp1_tp4_tc256_vc262144_fsdp1_tp4_tc256_vc262144_r0/xla,,gpu-a100-80gb-4/torch_eager_collective_loop
196,20260616T031040Z,dense-synthetic,2026-06-16T03:10:40+00:00,Chansungs-MacBook-Pro-2.local,gpu-a100-80gb-4,primary_gpu_baseline,gpu,A100-80GB,4,A100:4:80GB,torch_eager_collective_loop,torch_microbench,PyTorch eager repeated NCCL all-reduce over chunk-sized tensors.,collective_loop,eager,b16_L512_fsdp1_tp4_tc512_vc4096,1,4,16,512,b16/L512,320,262144,512,4096,512/4096,16,64,1024,,"fsdp=1,tp=4",3,10,0,0,-1,exp0196_gpu-a100-80gb-4_torch_eager_collective_loop_b16_L512_fsdp1_tp4_tc512_vc4096_fsdp1_tp4_tc512_vc4096_r0,/Users/deep-diver/Developers/TUNIX-TRY/01-CCE/data/mesh_pathology_dense_a100_torch/runs/exp0196_gpu-a100-80gb-4_torch_eager_collective_loop_b16_L512_fsdp1_tp4_tc512_vc4096_fsdp1_tp4_tc512_vc4096_r0,/Users/deep-diver/Developers/TUNIX-TRY/01-CCE/data/mesh_pathology_dense_a100_torch/runs/exp0196_gpu-a100-80gb-4_torch_eager_collective_loop_b16_L512_fsdp1_tp4_tc512_vc4096_fsdp1_tp4_tc512_vc4096_r0/xla,,gpu-a100-80gb-4/torch_eager_collective_loop
197,20260616T031040Z,dense-synthetic,2026-06-16T03:10:40+00:00,Chansungs-MacBook-Pro-2.local,gpu-a100-80gb-4,primary_gpu_baseline,gpu,A100-80GB,4,A100:4:80GB,torch_eager_collective_loop,torch_microbench,PyTorch eager repeated NCCL all-reduce over chunk-sized tensors.,collective_loop,eager,b16_L512_fsdp1_tp4_tc512_vc8192,1,4,16,512,b16/L512,320,262144,512,8192,512/8192,16,32,512,,"fsdp=1,tp=4",3,10,0,0,-1,exp0197_gpu-a100-80gb-4_torch_eager_collective_loop_b16_L512_fsdp1_tp4_tc512_vc8192_fsdp1_tp4_tc512_vc8192_r0,/Users/deep-diver/Developers/TUNIX-TRY/01-CCE/data/mesh_pathology_dense_a100_torch/runs/exp0197_gpu-a100-80gb-4_torch_eager_collective_loop_b16_L512_fsdp1_tp4_tc512_vc8192_fsdp1_tp4_tc512_vc8192_r0,/Users/deep-diver/Developers/TUNIX-TRY/01-CCE/data/mesh_pathology_dense_a100_torch/runs/exp0197_gpu-a100-80gb-4_torch_eager_collective_loop_b16_L512_fsdp1_tp4_tc512_vc8192_fsdp1_tp4_tc512_vc8192_r0/xla,,gpu-a100-80gb-4/torch_eager_collective_loop
198,20260616T031040Z,dense-synthetic,2026-06-16T03:10:40+00:00,Chansungs-MacBook-Pro-2.local,gpu-a100-80gb-4,primary_gpu_baseline,gpu,A100-80GB,4,A100:4:80GB,torch_eager_collective_loop,torch_microbench,PyTorch eager repeated NCCL all-reduce over chunk-sized tensors.,collective_loop,eager,b16_L512_fsdp1_tp4_tc512_vc16384,1,4,16,512,b16/L512,320,262144,512,16384,512/16384,16,16,256,,"fsdp=1,tp=4",3,10,0,0,-1,exp0198_gpu-a100-80gb-4_torch_eager_collective_loop_b16_L512_fsdp1_tp4_tc512_vc16384_fsdp1_tp4_tc512_vc16384_r0,/Users/deep-diver/Developers/TUNIX-TRY/01-CCE/data/mesh_pathology_dense_a100_torch/runs/exp0198_gpu-a100-80gb-4_torch_eager_collective_loop_b16_L512_fsdp1_tp4_tc512_vc16384_fsdp1_tp4_tc512_vc16384_r0,/Users/deep-diver/Developers/TUNIX-TRY/01-CCE/data/mesh_pathology_dense_a100_torch/runs/exp0198_gpu-a100-80gb-4_torch_eager_collective_loop_b16_L512_fsdp1_tp4_tc512_vc16384_fsdp1_tp4_tc512_vc16384_r0/xla,,gpu-a100-80gb-4/torch_eager_collective_loop
199,20260616T031040Z,dense-synthetic,2026-06-16T03:10:40+00:00,Chansungs-MacBook-Pro-2.local,gpu-a100-80gb-4,primary_gpu_baseline,gpu,A100-80GB,4,A100:4:80GB,torch_eager_collective_loop,torch_microbench,PyTorch eager repeated NCCL all-reduce over chunk-sized tensors.,collective_loop,eager,b16_L512_fsdp1_tp4_tc512_vc32768,1,4,16,512,b16/L512,320,262144,512,32768,512/32768,16,8,128,,"fsdp=1,tp=4",3,10,0,0,-1,exp0199_gpu-a100-80gb-4_torch_eager_collective_loop_b16_L512_fsdp1_tp4_tc512_vc32768_fsdp1_tp4_tc512_vc32768_r0,/Users/deep-diver/Developers/TUNIX-TRY/01-CCE/data/mesh_pathology_dense_a100_torch/runs/exp0199_gpu-a100-80gb-4_torch_eager_collective_loop_b16_L512_fsdp1_tp4_tc512_vc32768_fsdp1_tp4_tc512_vc32768_r0,/Users/deep-diver/Developers/TUNIX-TRY/01-CCE/data/mesh_pathology_dense_a100_torch/runs/exp0199_gpu-a100-80gb-4_torch_eager_collective_loop_b16_L512_fsdp1_tp4_tc512_vc32768_fsdp1_tp4_tc512_vc32768_r0/xla,,gpu-a100-80gb-4/torch_eager_collective_loop
200,20260616T031040Z,dense-synthetic,2026-06-16T03:10:40+00:00,Chansungs-MacBook-Pro-2.local,gpu-a100-80gb-4,primary_gpu_baseline,gpu,A100-80GB,4,A100:4:80GB,torch_eager_collective_loop,torch_microbench,PyTorch eager repeated NCCL all-reduce over chunk-sized tensors.,collective_loop,eager,b16_L512_fsdp1_tp4_tc512_vc65536,1,4,16,512,b16/L512,320,262144,512,65536,512/65536,16,4,64,,"fsdp=1,tp=4",3,10,0,0,-1,exp0200_gpu-a100-80gb-4_torch_eager_collective_loop_b16_L512_fsdp1_tp4_tc512_vc65536_fsdp1_tp4_tc512_vc65536_r0,/Users/deep-diver/Developers/TUNIX-TRY/01-CCE/data/mesh_pathology_dense_a100_torch/runs/exp0200_gpu-a100-80gb-4_torch_eager_collective_loop_b16_L512_fsdp1_tp4_tc512_vc65536_fsdp1_tp4_tc512_vc65536_r0,/Users/deep-diver/Developers/TUNIX-TRY/01-CCE/data/mesh_pathology_dense_a100_torch/runs/exp0200_gpu-a100-80gb-4_torch_eager_collective_loop_b16_L512_fsdp1_tp4_tc512_vc65536_fsdp1_tp4_tc512_vc65536_r0/xla,,gpu-a100-80gb-4/torch_eager_collective_loop
201,20260616T031040Z,dense-synthetic,2026-06-16T03:10:40+00:00,Chansungs-MacBook-Pro-2.local,gpu-a100-80gb-4,primary_gpu_baseline,gpu,A100-80GB,4,A100:4:80GB,torch_eager_collective_loop,torch_microbench,PyTorch eager repeated NCCL all-reduce over chunk-sized tensors.,collective_loop,eager,b16_L512_fsdp1_tp4_tc512_vc131072,1,4,16,512,b16/L512,320,262144,512,131072,512/131072,16,2,32,,"fsdp=1,tp=4",3,10,0,0,-1,exp0201_gpu-a100-80gb-4_torch_eager_collective_loop_b16_L512_fsdp1_tp4_tc512_vc131072_fsdp1_tp4_tc512_vc131072_r0,/Users/deep-diver/Developers/TUNIX-TRY/01-CCE/data/mesh_pathology_dense_a100_torch/runs/exp0201_gpu-a100-80gb-4_torch_eager_collective_loop_b16_L512_fsdp1_tp4_tc512_vc131072_fsdp1_tp4_tc512_vc131072_r0,/Users/deep-diver/Developers/TUNIX-TRY/01-CCE/data/mesh_pathology_dense_a100_torch/runs/exp0201_gpu-a100-80gb-4_torch_eager_collective_loop_b16_L512_fsdp1_tp4_tc512_vc131072_fsdp1_tp4_tc512_vc131072_r0/xla,,gpu-a100-80gb-4/torch_eager_collective_loop
202,20260616T031040Z,dense-synthetic,2026-06-16T03:10:40+00:00,Chansungs-MacBook-Pro-2.local,gpu-a100-80gb-4,primary_gpu_baseline,gpu,A100-80GB,4,A100:4:80GB,torch_eager_collective_loop,torch_microbench,PyTorch eager repeated NCCL all-reduce over chunk-sized tensors.,collective_loop,eager,b16_L512_fsdp1_tp4_tc512_vc262144,1,4,16,512,b16/L512,320,262144,512,262144,512/262144,16,1,16,,"fsdp=1,tp=4",3,10,0,0,-1,exp0202_gpu-a100-80gb-4_torch_eager_collective_loop_b16_L512_fsdp1_tp4_tc512_vc262144_fsdp1_tp4_tc512_vc262144_r0,/Users/deep-diver/Developers/TUNIX-TRY/01-CCE/data/mesh_pathology_dense_a100_torch/runs/exp0202_gpu-a100-80gb-4_torch_eager_collective_loop_b16_L512_fsdp1_tp4_tc512_vc262144_fsdp1_tp4_tc512_vc262144_r0,/Users/deep-diver/Developers/TUNIX-TRY/01-CCE/data/mesh_pathology_dense_a100_torch/runs/exp0202_gpu-a100-80gb-4_torch_eager_collective_loop_b16_L512_fsdp1_tp4_tc512_vc262144_fsdp1_tp4_tc512_vc262144_r0/xla,,gpu-a100-80gb-4/torch_eager_collective_loop
203,20260616T031040Z,dense-synthetic,2026-06-16T03:10:40+00:00,Chansungs-MacBook-Pro-2.local,gpu-a100-80gb-4,primary_gpu_baseline,gpu,A100-80GB,4,A100:4:80GB,torch_eager_collective_loop,torch_microbench,PyTorch eager repeated NCCL all-reduce over chunk-sized tensors.,collective_loop,eager,b16_L512_fsdp1_tp4_tc1024_vc4096,1,4,16,512,b16/L512,320,262144,1024,4096,1024/4096,8,64,512,,"fsdp=1,tp=4",3,10,0,0,-1,exp0203_gpu-a100-80gb-4_torch_eager_collective_loop_b16_L512_fsdp1_tp4_tc1024_vc4096_fsdp1_tp4_tc1024_vc4096_r0,/Users/deep-diver/Developers/TUNIX-TRY/01-CCE/data/mesh_pathology_dense_a100_torch/runs/exp0203_gpu-a100-80gb-4_torch_eager_collective_loop_b16_L512_fsdp1_tp4_tc1024_vc4096_fsdp1_tp4_tc1024_vc4096_r0,/Users/deep-diver/Developers/TUNIX-TRY/01-CCE/data/mesh_pathology_dense_a100_torch/runs/exp0203_gpu-a100-80gb-4_torch_eager_collective_loop_b16_L512_fsdp1_tp4_tc1024_vc4096_fsdp1_tp4_tc1024_vc4096_r0/xla,,gpu-a100-80gb-4/torch_eager_collective_loop
204,20260616T031040Z,dense-synthetic,2026-06-16T03:10:40+00:00,Chansungs-MacBook-Pro-2.local,gpu-a100-80gb-4,primary_gpu_baseline,gpu,A100-80GB,4,A100:4:80GB,torch_eager_collective_loop,torch_microbench,PyTorch eager repeated NCCL all-reduce over chunk-sized tensors.,collective_loop,eager,b16_L512_fsdp1_tp4_tc1024_vc8192,1,4,16,512,b16/L512,320,262144,1024,8192,1024/8192,8,32,256,,"fsdp=1,tp=4",3,10,0,0,-1,exp0204_gpu-a100-80gb-4_torch_eager_collective_loop_b16_L512_fsdp1_tp4_tc1024_vc8192_fsdp1_tp4_tc1024_vc8192_r0,/Users/deep-diver/Developers/TUNIX-TRY/01-CCE/data/mesh_pathology_dense_a100_torch/runs/exp0204_gpu-a100-80gb-4_torch_eager_collective_loop_b16_L512_fsdp1_tp4_tc1024_vc8192_fsdp1_tp4_tc1024_vc8192_r0,/Users/deep-diver/Developers/TUNIX-TRY/01-CCE/data/mesh_pathology_dense_a100_torch/runs/exp0204_gpu-a100-80gb-4_torch_eager_collective_loop_b16_L512_fsdp1_tp4_tc1024_vc8192_fsdp1_tp4_tc1024_vc8192_r0/xla,,gpu-a100-80gb-4/torch_eager_collective_loop
205,20260616T031040Z,dense-synthetic,2026-06-16T03:10:40+00:00,Chansungs-MacBook-Pro-2.local,gpu-a100-80gb-4,primary_gpu_baseline,gpu,A100-80GB,4,A100:4:80GB,torch_eager_collective_loop,torch_microbench,PyTorch eager repeated NCCL all-reduce over chunk-sized tensors.,collective_loop,eager,b16_L512_fsdp1_tp4_tc1024_vc16384,1,4,16,512,b16/L512,320,262144,1024,16384,1024/16384,8,16,128,,"fsdp=1,tp=4",3,10,0,0,-1,exp0205_gpu-a100-80gb-4_torch_eager_collective_loop_b16_L512_fsdp1_tp4_tc1024_vc16384_fsdp1_tp4_tc1024_vc16384_r0,/Users/deep-diver/Developers/TUNIX-TRY/01-CCE/data/mesh_pathology_dense_a100_torch/runs/exp0205_gpu-a100-80gb-4_torch_eager_collective_loop_b16_L512_fsdp1_tp4_tc1024_vc16384_fsdp1_tp4_tc1024_vc16384_r0,/Users/deep-diver/Developers/TUNIX-TRY/01-CCE/data/mesh_pathology_dense_a100_torch/runs/exp0205_gpu-a100-80gb-4_torch_eager_collective_loop_b16_L512_fsdp1_tp4_tc1024_vc16384_fsdp1_tp4_tc1024_vc16384_r0/xla,,gpu-a100-80gb-4/torch_eager_collective_loop
206,20260616T031040Z,dense-synthetic,2026-06-16T03:10:40+00:00,Chansungs-MacBook-Pro-2.local,gpu-a100-80gb-4,primary_gpu_baseline,gpu,A100-80GB,4,A100:4:80GB,torch_eager_collective_loop,torch_microbench,PyTorch eager repeated NCCL all-reduce over chunk-sized tensors.,collective_loop,eager,b16_L512_fsdp1_tp4_tc1024_vc32768,1,4,16,512,b16/L512,320,262144,1024,32768,1024/32768,8,8,64,,"fsdp=1,tp=4",3,10,0,0,-1,exp0206_gpu-a100-80gb-4_torch_eager_collective_loop_b16_L512_fsdp1_tp4_tc1024_vc32768_fsdp1_tp4_tc1024_vc32768_r0,/Users/deep-diver/Developers/TUNIX-TRY/01-CCE/data/mesh_pathology_dense_a100_torch/runs/exp0206_gpu-a100-80gb-4_torch_eager_collective_loop_b16_L512_fsdp1_tp4_tc1024_vc32768_fsdp1_tp4_tc1024_vc32768_r0,/Users/deep-diver/Developers/TUNIX-TRY/01-CCE/data/mesh_pathology_dense_a100_torch/runs/exp0206_gpu-a100-80gb-4_torch_eager_collective_loop_b16_L512_fsdp1_tp4_tc1024_vc32768_fsdp1_tp4_tc1024_vc32768_r0/xla,,gpu-a100-80gb-4/torch_eager_collective_loop
207,20260616T031040Z,dense-synthetic,2026-06-16T03:10:40+00:00,Chansungs-MacBook-Pro-2.local,gpu-a100-80gb-4,primary_gpu_baseline,gpu,A100-80GB,4,A100:4:80GB,torch_eager_collective_loop,torch_microbench,PyTorch eager repeated NCCL all-reduce over chunk-sized tensors.,collective_loop,eager,b16_L512_fsdp1_tp4_tc1024_vc65536,1,4,16,512,b16/L512,320,262144,1024,65536,1024/65536,8,4,32,,"fsdp=1,tp=4",3,10,0,0,-1,exp0207_gpu-a100-80gb-4_torch_eager_collective_loop_b16_L512_fsdp1_tp4_tc1024_vc65536_fsdp1_tp4_tc1024_vc65536_r0,/Users/deep-diver/Developers/TUNIX-TRY/01-CCE/data/mesh_pathology_dense_a100_torch/runs/exp0207_gpu-a100-80gb-4_torch_eager_collective_loop_b16_L512_fsdp1_tp4_tc1024_vc65536_fsdp1_tp4_tc1024_vc65536_r0,/Users/deep-diver/Developers/TUNIX-TRY/01-CCE/data/mesh_pathology_dense_a100_torch/runs/exp0207_gpu-a100-80gb-4_torch_eager_collective_loop_b16_L512_fsdp1_tp4_tc1024_vc65536_fsdp1_tp4_tc1024_vc65536_r0/xla,,gpu-a100-80gb-4/torch_eager_collective_loop
208,20260616T031040Z,dense-synthetic,2026-06-16T03:10:40+00:00,Chansungs-MacBook-Pro-2.local,gpu-a100-80gb-4,primary_gpu_baseline,gpu,A100-80GB,4,A100:4:80GB,torch_eager_collective_loop,torch_microbench,PyTorch eager repeated NCCL all-reduce over chunk-sized tensors.,collective_loop,eager,b16_L512_fsdp1_tp4_tc1024_vc131072,1,4,16,512,b16/L512,320,262144,1024,131072,1024/131072,8,2,16,,"fsdp=1,tp=4",3,10,0,0,-1,exp0208_gpu-a100-80gb-4_torch_eager_collective_loop_b16_L512_fsdp1_tp4_tc1024_vc131072_fsdp1_tp4_tc1024_vc131072_r0,/Users/deep-diver/Developers/TUNIX-TRY/01-CCE/data/mesh_pathology_dense_a100_torch/runs/exp0208_gpu-a100-80gb-4_torch_eager_collective_loop_b16_L512_fsdp1_tp4_tc1024_vc131072_fsdp1_tp4_tc1024_vc131072_r0,/Users/deep-diver/Developers/TUNIX-TRY/01-CCE/data/mesh_pathology_dense_a100_torch/runs/exp0208_gpu-a100-80gb-4_torch_eager_collective_loop_b16_L512_fsdp1_tp4_tc1024_vc131072_fsdp1_tp4_tc1024_vc131072_r0/xla,,gpu-a100-80gb-4/torch_eager_collective_loop
209,20260616T031040Z,dense-synthetic,2026-06-16T03:10:40+00:00,Chansungs-MacBook-Pro-2.local,gpu-a100-80gb-4,primary_gpu_baseline,gpu,A100-80GB,4,A100:4:80GB,torch_eager_collective_loop,torch_microbench,PyTorch eager repeated NCCL all-reduce over chunk-sized tensors.,collective_loop,eager,b16_L512_fsdp1_tp4_tc1024_vc262144,1,4,16,512,b16/L512,320,262144,1024,262144,1024/262144,8,1,8,,"fsdp=1,tp=4",3,10,0,0,-1,exp0209_gpu-a100-80gb-4_torch_eager_collective_loop_b16_L512_fsdp1_tp4_tc1024_vc262144_fsdp1_tp4_tc1024_vc262144_r0,/Users/deep-diver/Developers/TUNIX-TRY/01-CCE/data/mesh_pathology_dense_a100_torch/runs/exp0209_gpu-a100-80gb-4_torch_eager_collective_loop_b16_L512_fsdp1_tp4_tc1024_vc262144_fsdp1_tp4_tc1024_vc262144_r0,/Users/deep-diver/Developers/TUNIX-TRY/01-CCE/data/mesh_pathology_dense_a100_torch/runs/exp0209_gpu-a100-80gb-4_torch_eager_collective_loop_b16_L512_fsdp1_tp4_tc1024_vc262144_fsdp1_tp4_tc1024_vc262144_r0/xla,,gpu-a100-80gb-4/torch_eager_collective_loop
210,20260616T031040Z,dense-synthetic,2026-06-16T03:10:40+00:00,Chansungs-MacBook-Pro-2.local,gpu-a100-80gb-4,primary_gpu_baseline,gpu,A100-80GB,4,A100:4:80GB,torch_eager_projection_collective_loop,torch_microbench,PyTorch eager projection matmul plus NCCL all-reduce.,projection_collective_loop,eager,b16_L512_fsdp4_tp1_tc64_vc4096,4,1,16,512,b16/L512,320,262144,64,4096,64/4096,128,64,8192,,"fsdp=4,tp=1",3,10,0,0,-1,exp0210_gpu-a100-80gb-4_torch_eager_projection_collective_loop_b16_L512_fsdp4_tp1_tc64_vc4096_fsdp4_tp1_tc64_vc4096_r0,/Users/deep-diver/Developers/TUNIX-TRY/01-CCE/data/mesh_pathology_dense_a100_torch/runs/exp0210_gpu-a100-80gb-4_torch_eager_projection_collective_loop_b16_L512_fsdp4_tp1_tc64_vc4096_fsdp4_tp1_tc64_vc4096_r0,/Users/deep-diver/Developers/TUNIX-TRY/01-CCE/data/mesh_pathology_dense_a100_torch/runs/exp0210_gpu-a100-80gb-4_torch_eager_projection_collective_loop_b16_L512_fsdp4_tp1_tc64_vc4096_fsdp4_tp1_tc64_vc4096_r0/xla,,gpu-a100-80gb-4/torch_eager_projection_collective_loop
211,20260616T031040Z,dense-synthetic,2026-06-16T03:10:40+00:00,Chansungs-MacBook-Pro-2.local,gpu-a100-80gb-4,primary_gpu_baseline,gpu,A100-80GB,4,A100:4:80GB,torch_eager_projection_collective_loop,torch_microbench,PyTorch eager projection matmul plus NCCL all-reduce.,projection_collective_loop,eager,b16_L512_fsdp4_tp1_tc64_vc8192,4,1,16,512,b16/L512,320,262144,64,8192,64/8192,128,32,4096,,"fsdp=4,tp=1",3,10,0,0,-1,exp0211_gpu-a100-80gb-4_torch_eager_projection_collective_loop_b16_L512_fsdp4_tp1_tc64_vc8192_fsdp4_tp1_tc64_vc8192_r0,/Users/deep-diver/Developers/TUNIX-TRY/01-CCE/data/mesh_pathology_dense_a100_torch/runs/exp0211_gpu-a100-80gb-4_torch_eager_projection_collective_loop_b16_L512_fsdp4_tp1_tc64_vc8192_fsdp4_tp1_tc64_vc8192_r0,/Users/deep-diver/Developers/TUNIX-TRY/01-CCE/data/mesh_pathology_dense_a100_torch/runs/exp0211_gpu-a100-80gb-4_torch_eager_projection_collective_loop_b16_L512_fsdp4_tp1_tc64_vc8192_fsdp4_tp1_tc64_vc8192_r0/xla,,gpu-a100-80gb-4/torch_eager_projection_collective_loop
212,20260616T031040Z,dense-synthetic,2026-06-16T03:10:40+00:00,Chansungs-MacBook-Pro-2.local,gpu-a100-80gb-4,primary_gpu_baseline,gpu,A100-80GB,4,A100:4:80GB,torch_eager_projection_collective_loop,torch_microbench,PyTorch eager projection matmul plus NCCL all-reduce.,projection_collective_loop,eager,b16_L512_fsdp4_tp1_tc64_vc16384,4,1,16,512,b16/L512,320,262144,64,16384,64/16384,128,16,2048,,"fsdp=4,tp=1",3,10,0,0,-1,exp0212_gpu-a100-80gb-4_torch_eager_projection_collective_loop_b16_L512_fsdp4_tp1_tc64_vc16384_fsdp4_tp1_tc64_vc16384_r0,/Users/deep-diver/Developers/TUNIX-TRY/01-CCE/data/mesh_pathology_dense_a100_torch/runs/exp0212_gpu-a100-80gb-4_torch_eager_projection_collective_loop_b16_L512_fsdp4_tp1_tc64_vc16384_fsdp4_tp1_tc64_vc16384_r0,/Users/deep-diver/Developers/TUNIX-TRY/01-CCE/data/mesh_pathology_dense_a100_torch/runs/exp0212_gpu-a100-80gb-4_torch_eager_projection_collective_loop_b16_L512_fsdp4_tp1_tc64_vc16384_fsdp4_tp1_tc64_vc16384_r0/xla,,gpu-a100-80gb-4/torch_eager_projection_collective_loop
213,20260616T031040Z,dense-synthetic,2026-06-16T03:10:40+00:00,Chansungs-MacBook-Pro-2.local,gpu-a100-80gb-4,primary_gpu_baseline,gpu,A100-80GB,4,A100:4:80GB,torch_eager_projection_collective_loop,torch_microbench,PyTorch eager projection matmul plus NCCL all-reduce.,projection_collective_loop,eager,b16_L512_fsdp4_tp1_tc64_vc32768,4,1,16,512,b16/L512,320,262144,64,32768,64/32768,128,8,1024,,"fsdp=4,tp=1",3,10,0,0,-1,exp0213_gpu-a100-80gb-4_torch_eager_projection_collective_loop_b16_L512_fsdp4_tp1_tc64_vc32768_fsdp4_tp1_tc64_vc32768_r0,/Users/deep-diver/Developers/TUNIX-TRY/01-CCE/data/mesh_pathology_dense_a100_torch/runs/exp0213_gpu-a100-80gb-4_torch_eager_projection_collective_loop_b16_L512_fsdp4_tp1_tc64_vc32768_fsdp4_tp1_tc64_vc32768_r0,/Users/deep-diver/Developers/TUNIX-TRY/01-CCE/data/mesh_pathology_dense_a100_torch/runs/exp0213_gpu-a100-80gb-4_torch_eager_projection_collective_loop_b16_L512_fsdp4_tp1_tc64_vc32768_fsdp4_tp1_tc64_vc32768_r0/xla,,gpu-a100-80gb-4/torch_eager_projection_collective_loop
214,20260616T031040Z,dense-synthetic,2026-06-16T03:10:40+00:00,Chansungs-MacBook-Pro-2.local,gpu-a100-80gb-4,primary_gpu_baseline,gpu,A100-80GB,4,A100:4:80GB,torch_eager_projection_collective_loop,torch_microbench,PyTorch eager projection matmul plus NCCL all-reduce.,projection_collective_loop,eager,b16_L512_fsdp4_tp1_tc64_vc65536,4,1,16,512,b16/L512,320,262144,64,65536,64/65536,128,4,512,,"fsdp=4,tp=1",3,10,0,0,-1,exp0214_gpu-a100-80gb-4_torch_eager_projection_collective_loop_b16_L512_fsdp4_tp1_tc64_vc65536_fsdp4_tp1_tc64_vc65536_r0,/Users/deep-diver/Developers/TUNIX-TRY/01-CCE/data/mesh_pathology_dense_a100_torch/runs/exp0214_gpu-a100-80gb-4_torch_eager_projection_collective_loop_b16_L512_fsdp4_tp1_tc64_vc65536_fsdp4_tp1_tc64_vc65536_r0,/Users/deep-diver/Developers/TUNIX-TRY/01-CCE/data/mesh_pathology_dense_a100_torch/runs/exp0214_gpu-a100-80gb-4_torch_eager_projection_collective_loop_b16_L512_fsdp4_tp1_tc64_vc65536_fsdp4_tp1_tc64_vc65536_r0/xla,,gpu-a100-80gb-4/torch_eager_projection_collective_loop
215,20260616T031040Z,dense-synthetic,2026-06-16T03:10:40+00:00,Chansungs-MacBook-Pro-2.local,gpu-a100-80gb-4,primary_gpu_baseline,gpu,A100-80GB,4,A100:4:80GB,torch_eager_projection_collective_loop,torch_microbench,PyTorch eager projection matmul plus NCCL all-reduce.,projection_collective_loop,eager,b16_L512_fsdp4_tp1_tc64_vc131072,4,1,16,512,b16/L512,320,262144,64,131072,64/131072,128,2,256,,"fsdp=4,tp=1",3,10,0,0,-1,exp0215_gpu-a100-80gb-4_torch_eager_projection_collective_loop_b16_L512_fsdp4_tp1_tc64_vc131072_fsdp4_tp1_tc64_vc131072_r0,/Users/deep-diver/Developers/TUNIX-TRY/01-CCE/data/mesh_pathology_dense_a100_torch/runs/exp0215_gpu-a100-80gb-4_torch_eager_projection_collective_loop_b16_L512_fsdp4_tp1_tc64_vc131072_fsdp4_tp1_tc64_vc131072_r0,/Users/deep-diver/Developers/TUNIX-TRY/01-CCE/data/mesh_pathology_dense_a100_torch/runs/exp0215_gpu-a100-80gb-4_torch_eager_projection_collective_loop_b16_L512_fsdp4_tp1_tc64_vc131072_fsdp4_tp1_tc64_vc131072_r0/xla,,gpu-a100-80gb-4/torch_eager_projection_collective_loop
216,20260616T031040Z,dense-synthetic,2026-06-16T03:10:40+00:00,Chansungs-MacBook-Pro-2.local,gpu-a100-80gb-4,primary_gpu_baseline,gpu,A100-80GB,4,A100:4:80GB,torch_eager_projection_collective_loop,torch_microbench,PyTorch eager projection matmul plus NCCL all-reduce.,projection_collective_loop,eager,b16_L512_fsdp4_tp1_tc64_vc262144,4,1,16,512,b16/L512,320,262144,64,262144,64/262144,128,1,128,,"fsdp=4,tp=1",3,10,0,0,-1,exp0216_gpu-a100-80gb-4_torch_eager_projection_collective_loop_b16_L512_fsdp4_tp1_tc64_vc262144_fsdp4_tp1_tc64_vc262144_r0,/Users/deep-diver/Developers/TUNIX-TRY/01-CCE/data/mesh_pathology_dense_a100_torch/runs/exp0216_gpu-a100-80gb-4_torch_eager_projection_collective_loop_b16_L512_fsdp4_tp1_tc64_vc262144_fsdp4_tp1_tc64_vc262144_r0,/Users/deep-diver/Developers/TUNIX-TRY/01-CCE/data/mesh_pathology_dense_a100_torch/runs/exp0216_gpu-a100-80gb-4_torch_eager_projection_collective_loop_b16_L512_fsdp4_tp1_tc64_vc262144_fsdp4_tp1_tc64_vc262144_r0/xla,,gpu-a100-80gb-4/torch_eager_projection_collective_loop
217,20260616T031040Z,dense-synthetic,2026-06-16T03:10:40+00:00,Chansungs-MacBook-Pro-2.local,gpu-a100-80gb-4,primary_gpu_baseline,gpu,A100-80GB,4,A100:4:80GB,torch_eager_projection_collective_loop,torch_microbench,PyTorch eager projection matmul plus NCCL all-reduce.,projection_collective_loop,eager,b16_L512_fsdp4_tp1_tc128_vc4096,4,1,16,512,b16/L512,320,262144,128,4096,128/4096,64,64,4096,,"fsdp=4,tp=1",3,10,0,0,-1,exp0217_gpu-a100-80gb-4_torch_eager_projection_collective_loop_b16_L512_fsdp4_tp1_tc128_vc4096_fsdp4_tp1_tc128_vc4096_r0,/Users/deep-diver/Developers/TUNIX-TRY/01-CCE/data/mesh_pathology_dense_a100_torch/runs/exp0217_gpu-a100-80gb-4_torch_eager_projection_collective_loop_b16_L512_fsdp4_tp1_tc128_vc4096_fsdp4_tp1_tc128_vc4096_r0,/Users/deep-diver/Developers/TUNIX-TRY/01-CCE/data/mesh_pathology_dense_a100_torch/runs/exp0217_gpu-a100-80gb-4_torch_eager_projection_collective_loop_b16_L512_fsdp4_tp1_tc128_vc4096_fsdp4_tp1_tc128_vc4096_r0/xla,,gpu-a100-80gb-4/torch_eager_projection_collective_loop
218,20260616T031040Z,dense-synthetic,2026-06-16T03:10:40+00:00,Chansungs-MacBook-Pro-2.local,gpu-a100-80gb-4,primary_gpu_baseline,gpu,A100-80GB,4,A100:4:80GB,torch_eager_projection_collective_loop,torch_microbench,PyTorch eager projection matmul plus NCCL all-reduce.,projection_collective_loop,eager,b16_L512_fsdp4_tp1_tc128_vc8192,4,1,16,512,b16/L512,320,262144,128,8192,128/8192,64,32,2048,,"fsdp=4,tp=1",3,10,0,0,-1,exp0218_gpu-a100-80gb-4_torch_eager_projection_collective_loop_b16_L512_fsdp4_tp1_tc128_vc8192_fsdp4_tp1_tc128_vc8192_r0,/Users/deep-diver/Developers/TUNIX-TRY/01-CCE/data/mesh_pathology_dense_a100_torch/runs/exp0218_gpu-a100-80gb-4_torch_eager_projection_collective_loop_b16_L512_fsdp4_tp1_tc128_vc8192_fsdp4_tp1_tc128_vc8192_r0,/Users/deep-diver/Developers/TUNIX-TRY/01-CCE/data/mesh_pathology_dense_a100_torch/runs/exp0218_gpu-a100-80gb-4_torch_eager_projection_collective_loop_b16_L512_fsdp4_tp1_tc128_vc8192_fsdp4_tp1_tc128_vc8192_r0/xla,,gpu-a100-80gb-4/torch_eager_projection_collective_loop
219,20260616T031040Z,dense-synthetic,2026-06-16T03:10:40+00:00,Chansungs-MacBook-Pro-2.local,gpu-a100-80gb-4,primary_gpu_baseline,gpu,A100-80GB,4,A100:4:80GB,torch_eager_projection_collective_loop,torch_microbench,PyTorch eager projection matmul plus NCCL all-reduce.,projection_collective_loop,eager,b16_L512_fsdp4_tp1_tc128_vc16384,4,1,16,512,b16/L512,320,262144,128,16384,128/16384,64,16,1024,,"fsdp=4,tp=1",3,10,0,0,-1,exp0219_gpu-a100-80gb-4_torch_eager_projection_collective_loop_b16_L512_fsdp4_tp1_tc128_vc16384_fsdp4_tp1_tc128_vc16384_r0,/Users/deep-diver/Developers/TUNIX-TRY/01-CCE/data/mesh_pathology_dense_a100_torch/runs/exp0219_gpu-a100-80gb-4_torch_eager_projection_collective_loop_b16_L512_fsdp4_tp1_tc128_vc16384_fsdp4_tp1_tc128_vc16384_r0,/Users/deep-diver/Developers/TUNIX-TRY/01-CCE/data/mesh_pathology_dense_a100_torch/runs/exp0219_gpu-a100-80gb-4_torch_eager_projection_collective_loop_b16_L512_fsdp4_tp1_tc128_vc16384_fsdp4_tp1_tc128_vc16384_r0/xla,,gpu-a100-80gb-4/torch_eager_projection_collective_loop
220,20260616T031040Z,dense-synthetic,2026-06-16T03:10:40+00:00,Chansungs-MacBook-Pro-2.local,gpu-a100-80gb-4,primary_gpu_baseline,gpu,A100-80GB,4,A100:4:80GB,torch_eager_projection_collective_loop,torch_microbench,PyTorch eager projection matmul plus NCCL all-reduce.,projection_collective_loop,eager,b16_L512_fsdp4_tp1_tc128_vc32768,4,1,16,512,b16/L512,320,262144,128,32768,128/32768,64,8,512,,"fsdp=4,tp=1",3,10,0,0,-1,exp0220_gpu-a100-80gb-4_torch_eager_projection_collective_loop_b16_L512_fsdp4_tp1_tc128_vc32768_fsdp4_tp1_tc128_vc32768_r0,/Users/deep-diver/Developers/TUNIX-TRY/01-CCE/data/mesh_pathology_dense_a100_torch/runs/exp0220_gpu-a100-80gb-4_torch_eager_projection_collective_loop_b16_L512_fsdp4_tp1_tc128_vc32768_fsdp4_tp1_tc128_vc32768_r0,/Users/deep-diver/Developers/TUNIX-TRY/01-CCE/data/mesh_pathology_dense_a100_torch/runs/exp0220_gpu-a100-80gb-4_torch_eager_projection_collective_loop_b16_L512_fsdp4_tp1_tc128_vc32768_fsdp4_tp1_tc128_vc32768_r0/xla,,gpu-a100-80gb-4/torch_eager_projection_collective_loop
221,20260616T031040Z,dense-synthetic,2026-06-16T03:10:40+00:00,Chansungs-MacBook-Pro-2.local,gpu-a100-80gb-4,primary_gpu_baseline,gpu,A100-80GB,4,A100:4:80GB,torch_eager_projection_collective_loop,torch_microbench,PyTorch eager projection matmul plus NCCL all-reduce.,projection_collective_loop,eager,b16_L512_fsdp4_tp1_tc128_vc65536,4,1,16,512,b16/L512,320,262144,128,65536,128/65536,64,4,256,,"fsdp=4,tp=1",3,10,0,0,-1,exp0221_gpu-a100-80gb-4_torch_eager_projection_collective_loop_b16_L512_fsdp4_tp1_tc128_vc65536_fsdp4_tp1_tc128_vc65536_r0,/Users/deep-diver/Developers/TUNIX-TRY/01-CCE/data/mesh_pathology_dense_a100_torch/runs/exp0221_gpu-a100-80gb-4_torch_eager_projection_collective_loop_b16_L512_fsdp4_tp1_tc128_vc65536_fsdp4_tp1_tc128_vc65536_r0,/Users/deep-diver/Developers/TUNIX-TRY/01-CCE/data/mesh_pathology_dense_a100_torch/runs/exp0221_gpu-a100-80gb-4_torch_eager_projection_collective_loop_b16_L512_fsdp4_tp1_tc128_vc65536_fsdp4_tp1_tc128_vc65536_r0/xla,,gpu-a100-80gb-4/torch_eager_projection_collective_loop
222,20260616T031040Z,dense-synthetic,2026-06-16T03:10:40+00:00,Chansungs-MacBook-Pro-2.local,gpu-a100-80gb-4,primary_gpu_baseline,gpu,A100-80GB,4,A100:4:80GB,torch_eager_projection_collective_loop,torch_microbench,PyTorch eager projection matmul plus NCCL all-reduce.,projection_collective_loop,eager,b16_L512_fsdp4_tp1_tc128_vc131072,4,1,16,512,b16/L512,320,262144,128,131072,128/131072,64,2,128,,"fsdp=4,tp=1",3,10,0,0,-1,exp0222_gpu-a100-80gb-4_torch_eager_projection_collective_loop_b16_L512_fsdp4_tp1_tc128_vc131072_fsdp4_tp1_tc128_vc131072_r0,/Users/deep-diver/Developers/TUNIX-TRY/01-CCE/data/mesh_pathology_dense_a100_torch/runs/exp0222_gpu-a100-80gb-4_torch_eager_projection_collective_loop_b16_L512_fsdp4_tp1_tc128_vc131072_fsdp4_tp1_tc128_vc131072_r0,/Users/deep-diver/Developers/TUNIX-TRY/01-CCE/data/mesh_pathology_dense_a100_torch/runs/exp0222_gpu-a100-80gb-4_torch_eager_projection_collective_loop_b16_L512_fsdp4_tp1_tc128_vc131072_fsdp4_tp1_tc128_vc131072_r0/xla,,gpu-a100-80gb-4/torch_eager_projection_collective_loop
223,20260616T031040Z,dense-synthetic,2026-06-16T03:10:40+00:00,Chansungs-MacBook-Pro-2.local,gpu-a100-80gb-4,primary_gpu_baseline,gpu,A100-80GB,4,A100:4:80GB,torch_eager_projection_collective_loop,torch_microbench,PyTorch eager projection matmul plus NCCL all-reduce.,projection_collective_loop,eager,b16_L512_fsdp4_tp1_tc128_vc262144,4,1,16,512,b16/L512,320,262144,128,262144,128/262144,64,1,64,,"fsdp=4,tp=1",3,10,0,0,-1,exp0223_gpu-a100-80gb-4_torch_eager_projection_collective_loop_b16_L512_fsdp4_tp1_tc128_vc262144_fsdp4_tp1_tc128_vc262144_r0,/Users/deep-diver/Developers/TUNIX-TRY/01-CCE/data/mesh_pathology_dense_a100_torch/runs/exp0223_gpu-a100-80gb-4_torch_eager_projection_collective_loop_b16_L512_fsdp4_tp1_tc128_vc262144_fsdp4_tp1_tc128_vc262144_r0,/Users/deep-diver/Developers/TUNIX-TRY/01-CCE/data/mesh_pathology_dense_a100_torch/runs/exp0223_gpu-a100-80gb-4_torch_eager_projection_collective_loop_b16_L512_fsdp4_tp1_tc128_vc262144_fsdp4_tp1_tc128_vc262144_r0/xla,,gpu-a100-80gb-4/torch_eager_projection_collective_loop
224,20260616T031040Z,dense-synthetic,2026-06-16T03:10:40+00:00,Chansungs-MacBook-Pro-2.local,gpu-a100-80gb-4,primary_gpu_baseline,gpu,A100-80GB,4,A100:4:80GB,torch_eager_projection_collective_loop,torch_microbench,PyTorch eager projection matmul plus NCCL all-reduce.,projection_collective_loop,eager,b16_L512_fsdp4_tp1_tc256_vc4096,4,1,16,512,b16/L512,320,262144,256,4096,256/4096,32,64,2048,,"fsdp=4,tp=1",3,10,0,0,-1,exp0224_gpu-a100-80gb-4_torch_eager_projection_collective_loop_b16_L512_fsdp4_tp1_tc256_vc4096_fsdp4_tp1_tc256_vc4096_r0,/Users/deep-diver/Developers/TUNIX-TRY/01-CCE/data/mesh_pathology_dense_a100_torch/runs/exp0224_gpu-a100-80gb-4_torch_eager_projection_collective_loop_b16_L512_fsdp4_tp1_tc256_vc4096_fsdp4_tp1_tc256_vc4096_r0,/Users/deep-diver/Developers/TUNIX-TRY/01-CCE/data/mesh_pathology_dense_a100_torch/runs/exp0224_gpu-a100-80gb-4_torch_eager_projection_collective_loop_b16_L512_fsdp4_tp1_tc256_vc4096_fsdp4_tp1_tc256_vc4096_r0/xla,,gpu-a100-80gb-4/torch_eager_projection_collective_loop
225,20260616T031040Z,dense-synthetic,2026-06-16T03:10:40+00:00,Chansungs-MacBook-Pro-2.local,gpu-a100-80gb-4,primary_gpu_baseline,gpu,A100-80GB,4,A100:4:80GB,torch_eager_projection_collective_loop,torch_microbench,PyTorch eager projection matmul plus NCCL all-reduce.,projection_collective_loop,eager,b16_L512_fsdp4_tp1_tc256_vc8192,4,1,16,512,b16/L512,320,262144,256,8192,256/8192,32,32,1024,,"fsdp=4,tp=1",3,10,0,0,-1,exp0225_gpu-a100-80gb-4_torch_eager_projection_collective_loop_b16_L512_fsdp4_tp1_tc256_vc8192_fsdp4_tp1_tc256_vc8192_r0,/Users/deep-diver/Developers/TUNIX-TRY/01-CCE/data/mesh_pathology_dense_a100_torch/runs/exp0225_gpu-a100-80gb-4_torch_eager_projection_collective_loop_b16_L512_fsdp4_tp1_tc256_vc8192_fsdp4_tp1_tc256_vc8192_r0,/Users/deep-diver/Developers/TUNIX-TRY/01-CCE/data/mesh_pathology_dense_a100_torch/runs/exp0225_gpu-a100-80gb-4_torch_eager_projection_collective_loop_b16_L512_fsdp4_tp1_tc256_vc8192_fsdp4_tp1_tc256_vc8192_r0/xla,,gpu-a100-80gb-4/torch_eager_projection_collective_loop
226,20260616T031040Z,dense-synthetic,2026-06-16T03:10:40+00:00,Chansungs-MacBook-Pro-2.local,gpu-a100-80gb-4,primary_gpu_baseline,gpu,A100-80GB,4,A100:4:80GB,torch_eager_projection_collective_loop,torch_microbench,PyTorch eager projection matmul plus NCCL all-reduce.,projection_collective_loop,eager,b16_L512_fsdp4_tp1_tc256_vc16384,4,1,16,512,b16/L512,320,262144,256,16384,256/16384,32,16,512,,"fsdp=4,tp=1",3,10,0,0,-1,exp0226_gpu-a100-80gb-4_torch_eager_projection_collective_loop_b16_L512_fsdp4_tp1_tc256_vc16384_fsdp4_tp1_tc256_vc16384_r0,/Users/deep-diver/Developers/TUNIX-TRY/01-CCE/data/mesh_pathology_dense_a100_torch/runs/exp0226_gpu-a100-80gb-4_torch_eager_projection_collective_loop_b16_L512_fsdp4_tp1_tc256_vc16384_fsdp4_tp1_tc256_vc16384_r0,/Users/deep-diver/Developers/TUNIX-TRY/01-CCE/data/mesh_pathology_dense_a100_torch/runs/exp0226_gpu-a100-80gb-4_torch_eager_projection_collective_loop_b16_L512_fsdp4_tp1_tc256_vc16384_fsdp4_tp1_tc256_vc16384_r0/xla,,gpu-a100-80gb-4/torch_eager_projection_collective_loop
227,20260616T031040Z,dense-synthetic,2026-06-16T03:10:40+00:00,Chansungs-MacBook-Pro-2.local,gpu-a100-80gb-4,primary_gpu_baseline,gpu,A100-80GB,4,A100:4:80GB,torch_eager_projection_collective_loop,torch_microbench,PyTorch eager projection matmul plus NCCL all-reduce.,projection_collective_loop,eager,b16_L512_fsdp4_tp1_tc256_vc32768,4,1,16,512,b16/L512,320,262144,256,32768,256/32768,32,8,256,,"fsdp=4,tp=1",3,10,0,0,-1,exp0227_gpu-a100-80gb-4_torch_eager_projection_collective_loop_b16_L512_fsdp4_tp1_tc256_vc32768_fsdp4_tp1_tc256_vc32768_r0,/Users/deep-diver/Developers/TUNIX-TRY/01-CCE/data/mesh_pathology_dense_a100_torch/runs/exp0227_gpu-a100-80gb-4_torch_eager_projection_collective_loop_b16_L512_fsdp4_tp1_tc256_vc32768_fsdp4_tp1_tc256_vc32768_r0,/Users/deep-diver/Developers/TUNIX-TRY/01-CCE/data/mesh_pathology_dense_a100_torch/runs/exp0227_gpu-a100-80gb-4_torch_eager_projection_collective_loop_b16_L512_fsdp4_tp1_tc256_vc32768_fsdp4_tp1_tc256_vc32768_r0/xla,,gpu-a100-80gb-4/torch_eager_projection_collective_loop
228,20260616T031040Z,dense-synthetic,2026-06-16T03:10:40+00:00,Chansungs-MacBook-Pro-2.local,gpu-a100-80gb-4,primary_gpu_baseline,gpu,A100-80GB,4,A100:4:80GB,torch_eager_projection_collective_loop,torch_microbench,PyTorch eager projection matmul plus NCCL all-reduce.,projection_collective_loop,eager,b16_L512_fsdp4_tp1_tc256_vc65536,4,1,16,512,b16/L512,320,262144,256,65536,256/65536,32,4,128,,"fsdp=4,tp=1",3,10,0,0,-1,exp0228_gpu-a100-80gb-4_torch_eager_projection_collective_loop_b16_L512_fsdp4_tp1_tc256_vc65536_fsdp4_tp1_tc256_vc65536_r0,/Users/deep-diver/Developers/TUNIX-TRY/01-CCE/data/mesh_pathology_dense_a100_torch/runs/exp0228_gpu-a100-80gb-4_torch_eager_projection_collective_loop_b16_L512_fsdp4_tp1_tc256_vc65536_fsdp4_tp1_tc256_vc65536_r0,/Users/deep-diver/Developers/TUNIX-TRY/01-CCE/data/mesh_pathology_dense_a100_torch/runs/exp0228_gpu-a100-80gb-4_torch_eager_projection_collective_loop_b16_L512_fsdp4_tp1_tc256_vc65536_fsdp4_tp1_tc256_vc65536_r0/xla,,gpu-a100-80gb-4/torch_eager_projection_collective_loop
229,20260616T031040Z,dense-synthetic,2026-06-16T03:10:40+00:00,Chansungs-MacBook-Pro-2.local,gpu-a100-80gb-4,primary_gpu_baseline,gpu,A100-80GB,4,A100:4:80GB,torch_eager_projection_collective_loop,torch_microbench,PyTorch eager projection matmul plus NCCL all-reduce.,projection_collective_loop,eager,b16_L512_fsdp4_tp1_tc256_vc131072,4,1,16,512,b16/L512,320,262144,256,131072,256/131072,32,2,64,,"fsdp=4,tp=1",3,10,0,0,-1,exp0229_gpu-a100-80gb-4_torch_eager_projection_collective_loop_b16_L512_fsdp4_tp1_tc256_vc131072_fsdp4_tp1_tc256_vc131072_r0,/Users/deep-diver/Developers/TUNIX-TRY/01-CCE/data/mesh_pathology_dense_a100_torch/runs/exp0229_gpu-a100-80gb-4_torch_eager_projection_collective_loop_b16_L512_fsdp4_tp1_tc256_vc131072_fsdp4_tp1_tc256_vc131072_r0,/Users/deep-diver/Developers/TUNIX-TRY/01-CCE/data/mesh_pathology_dense_a100_torch/runs/exp0229_gpu-a100-80gb-4_torch_eager_projection_collective_loop_b16_L512_fsdp4_tp1_tc256_vc131072_fsdp4_tp1_tc256_vc131072_r0/xla,,gpu-a100-80gb-4/torch_eager_projection_collective_loop
230,20260616T031040Z,dense-synthetic,2026-06-16T03:10:40+00:00,Chansungs-MacBook-Pro-2.local,gpu-a100-80gb-4,primary_gpu_baseline,gpu,A100-80GB,4,A100:4:80GB,torch_eager_projection_collective_loop,torch_microbench,PyTorch eager projection matmul plus NCCL all-reduce.,projection_collective_loop,eager,b16_L512_fsdp4_tp1_tc256_vc262144,4,1,16,512,b16/L512,320,262144,256,262144,256/262144,32,1,32,,"fsdp=4,tp=1",3,10,0,0,-1,exp0230_gpu-a100-80gb-4_torch_eager_projection_collective_loop_b16_L512_fsdp4_tp1_tc256_vc262144_fsdp4_tp1_tc256_vc262144_r0,/Users/deep-diver/Developers/TUNIX-TRY/01-CCE/data/mesh_pathology_dense_a100_torch/runs/exp0230_gpu-a100-80gb-4_torch_eager_projection_collective_loop_b16_L512_fsdp4_tp1_tc256_vc262144_fsdp4_tp1_tc256_vc262144_r0,/Users/deep-diver/Developers/TUNIX-TRY/01-CCE/data/mesh_pathology_dense_a100_torch/runs/exp0230_gpu-a100-80gb-4_torch_eager_projection_collective_loop_b16_L512_fsdp4_tp1_tc256_vc262144_fsdp4_tp1_tc256_vc262144_r0/xla,,gpu-a100-80gb-4/torch_eager_projection_collective_loop
231,20260616T031040Z,dense-synthetic,2026-06-16T03:10:40+00:00,Chansungs-MacBook-Pro-2.local,gpu-a100-80gb-4,primary_gpu_baseline,gpu,A100-80GB,4,A100:4:80GB,torch_eager_projection_collective_loop,torch_microbench,PyTorch eager projection matmul plus NCCL all-reduce.,projection_collective_loop,eager,b16_L512_fsdp4_tp1_tc512_vc4096,4,1,16,512,b16/L512,320,262144,512,4096,512/4096,16,64,1024,,"fsdp=4,tp=1",3,10,0,0,-1,exp0231_gpu-a100-80gb-4_torch_eager_projection_collective_loop_b16_L512_fsdp4_tp1_tc512_vc4096_fsdp4_tp1_tc512_vc4096_r0,/Users/deep-diver/Developers/TUNIX-TRY/01-CCE/data/mesh_pathology_dense_a100_torch/runs/exp0231_gpu-a100-80gb-4_torch_eager_projection_collective_loop_b16_L512_fsdp4_tp1_tc512_vc4096_fsdp4_tp1_tc512_vc4096_r0,/Users/deep-diver/Developers/TUNIX-TRY/01-CCE/data/mesh_pathology_dense_a100_torch/runs/exp0231_gpu-a100-80gb-4_torch_eager_projection_collective_loop_b16_L512_fsdp4_tp1_tc512_vc4096_fsdp4_tp1_tc512_vc4096_r0/xla,,gpu-a100-80gb-4/torch_eager_projection_collective_loop
232,20260616T031040Z,dense-synthetic,2026-06-16T03:10:40+00:00,Chansungs-MacBook-Pro-2.local,gpu-a100-80gb-4,primary_gpu_baseline,gpu,A100-80GB,4,A100:4:80GB,torch_eager_projection_collective_loop,torch_microbench,PyTorch eager projection matmul plus NCCL all-reduce.,projection_collective_loop,eager,b16_L512_fsdp4_tp1_tc512_vc8192,4,1,16,512,b16/L512,320,262144,512,8192,512/8192,16,32,512,,"fsdp=4,tp=1",3,10,0,0,-1,exp0232_gpu-a100-80gb-4_torch_eager_projection_collective_loop_b16_L512_fsdp4_tp1_tc512_vc8192_fsdp4_tp1_tc512_vc8192_r0,/Users/deep-diver/Developers/TUNIX-TRY/01-CCE/data/mesh_pathology_dense_a100_torch/runs/exp0232_gpu-a100-80gb-4_torch_eager_projection_collective_loop_b16_L512_fsdp4_tp1_tc512_vc8192_fsdp4_tp1_tc512_vc8192_r0,/Users/deep-diver/Developers/TUNIX-TRY/01-CCE/data/mesh_pathology_dense_a100_torch/runs/exp0232_gpu-a100-80gb-4_torch_eager_projection_collective_loop_b16_L512_fsdp4_tp1_tc512_vc8192_fsdp4_tp1_tc512_vc8192_r0/xla,,gpu-a100-80gb-4/torch_eager_projection_collective_loop
233,20260616T031040Z,dense-synthetic,2026-06-16T03:10:40+00:00,Chansungs-MacBook-Pro-2.local,gpu-a100-80gb-4,primary_gpu_baseline,gpu,A100-80GB,4,A100:4:80GB,torch_eager_projection_collective_loop,torch_microbench,PyTorch eager projection matmul plus NCCL all-reduce.,projection_collective_loop,eager,b16_L512_fsdp4_tp1_tc512_vc16384,4,1,16,512,b16/L512,320,262144,512,16384,512/16384,16,16,256,,"fsdp=4,tp=1",3,10,0,0,-1,exp0233_gpu-a100-80gb-4_torch_eager_projection_collective_loop_b16_L512_fsdp4_tp1_tc512_vc16384_fsdp4_tp1_tc512_vc16384_r0,/Users/deep-diver/Developers/TUNIX-TRY/01-CCE/data/mesh_pathology_dense_a100_torch/runs/exp0233_gpu-a100-80gb-4_torch_eager_projection_collective_loop_b16_L512_fsdp4_tp1_tc512_vc16384_fsdp4_tp1_tc512_vc16384_r0,/Users/deep-diver/Developers/TUNIX-TRY/01-CCE/data/mesh_pathology_dense_a100_torch/runs/exp0233_gpu-a100-80gb-4_torch_eager_projection_collective_loop_b16_L512_fsdp4_tp1_tc512_vc16384_fsdp4_tp1_tc512_vc16384_r0/xla,,gpu-a100-80gb-4/torch_eager_projection_collective_loop
234,20260616T031040Z,dense-synthetic,2026-06-16T03:10:40+00:00,Chansungs-MacBook-Pro-2.local,gpu-a100-80gb-4,primary_gpu_baseline,gpu,A100-80GB,4,A100:4:80GB,torch_eager_projection_collective_loop,torch_microbench,PyTorch eager projection matmul plus NCCL all-reduce.,projection_collective_loop,eager,b16_L512_fsdp4_tp1_tc512_vc32768,4,1,16,512,b16/L512,320,262144,512,32768,512/32768,16,8,128,,"fsdp=4,tp=1",3,10,0,0,-1,exp0234_gpu-a100-80gb-4_torch_eager_projection_collective_loop_b16_L512_fsdp4_tp1_tc512_vc32768_fsdp4_tp1_tc512_vc32768_r0,/Users/deep-diver/Developers/TUNIX-TRY/01-CCE/data/mesh_pathology_dense_a100_torch/runs/exp0234_gpu-a100-80gb-4_torch_eager_projection_collective_loop_b16_L512_fsdp4_tp1_tc512_vc32768_fsdp4_tp1_tc512_vc32768_r0,/Users/deep-diver/Developers/TUNIX-TRY/01-CCE/data/mesh_pathology_dense_a100_torch/runs/exp0234_gpu-a100-80gb-4_torch_eager_projection_collective_loop_b16_L512_fsdp4_tp1_tc512_vc32768_fsdp4_tp1_tc512_vc32768_r0/xla,,gpu-a100-80gb-4/torch_eager_projection_collective_loop
235,20260616T031040Z,dense-synthetic,2026-06-16T03:10:40+00:00,Chansungs-MacBook-Pro-2.local,gpu-a100-80gb-4,primary_gpu_baseline,gpu,A100-80GB,4,A100:4:80GB,torch_eager_projection_collective_loop,torch_microbench,PyTorch eager projection matmul plus NCCL all-reduce.,projection_collective_loop,eager,b16_L512_fsdp4_tp1_tc512_vc65536,4,1,16,512,b16/L512,320,262144,512,65536,512/65536,16,4,64,,"fsdp=4,tp=1",3,10,0,0,-1,exp0235_gpu-a100-80gb-4_torch_eager_projection_collective_loop_b16_L512_fsdp4_tp1_tc512_vc65536_fsdp4_tp1_tc512_vc65536_r0,/Users/deep-diver/Developers/TUNIX-TRY/01-CCE/data/mesh_pathology_dense_a100_torch/runs/exp0235_gpu-a100-80gb-4_torch_eager_projection_collective_loop_b16_L512_fsdp4_tp1_tc512_vc65536_fsdp4_tp1_tc512_vc65536_r0,/Users/deep-diver/Developers/TUNIX-TRY/01-CCE/data/mesh_pathology_dense_a100_torch/runs/exp0235_gpu-a100-80gb-4_torch_eager_projection_collective_loop_b16_L512_fsdp4_tp1_tc512_vc65536_fsdp4_tp1_tc512_vc65536_r0/xla,,gpu-a100-80gb-4/torch_eager_projection_collective_loop
236,20260616T031040Z,dense-synthetic,2026-06-16T03:10:40+00:00,Chansungs-MacBook-Pro-2.local,gpu-a100-80gb-4,primary_gpu_baseline,gpu,A100-80GB,4,A100:4:80GB,torch_eager_projection_collective_loop,torch_microbench,PyTorch eager projection matmul plus NCCL all-reduce.,projection_collective_loop,eager,b16_L512_fsdp4_tp1_tc512_vc131072,4,1,16,512,b16/L512,320,262144,512,131072,512/131072,16,2,32,,"fsdp=4,tp=1",3,10,0,0,-1,exp0236_gpu-a100-80gb-4_torch_eager_projection_collective_loop_b16_L512_fsdp4_tp1_tc512_vc131072_fsdp4_tp1_tc512_vc131072_r0,/Users/deep-diver/Developers/TUNIX-TRY/01-CCE/data/mesh_pathology_dense_a100_torch/runs/exp0236_gpu-a100-80gb-4_torch_eager_projection_collective_loop_b16_L512_fsdp4_tp1_tc512_vc131072_fsdp4_tp1_tc512_vc131072_r0,/Users/deep-diver/Developers/TUNIX-TRY/01-CCE/data/mesh_pathology_dense_a100_torch/runs/exp0236_gpu-a100-80gb-4_torch_eager_projection_collective_loop_b16_L512_fsdp4_tp1_tc512_vc131072_fsdp4_tp1_tc512_vc131072_r0/xla,,gpu-a100-80gb-4/torch_eager_projection_collective_loop
237,20260616T031040Z,dense-synthetic,2026-06-16T03:10:40+00:00,Chansungs-MacBook-Pro-2.local,gpu-a100-80gb-4,primary_gpu_baseline,gpu,A100-80GB,4,A100:4:80GB,torch_eager_projection_collective_loop,torch_microbench,PyTorch eager projection matmul plus NCCL all-reduce.,projection_collective_loop,eager,b16_L512_fsdp4_tp1_tc512_vc262144,4,1,16,512,b16/L512,320,262144,512,262144,512/262144,16,1,16,,"fsdp=4,tp=1",3,10,0,0,-1,exp0237_gpu-a100-80gb-4_torch_eager_projection_collective_loop_b16_L512_fsdp4_tp1_tc512_vc262144_fsdp4_tp1_tc512_vc262144_r0,/Users/deep-diver/Developers/TUNIX-TRY/01-CCE/data/mesh_pathology_dense_a100_torch/runs/exp0237_gpu-a100-80gb-4_torch_eager_projection_collective_loop_b16_L512_fsdp4_tp1_tc512_vc262144_fsdp4_tp1_tc512_vc262144_r0,/Users/deep-diver/Developers/TUNIX-TRY/01-CCE/data/mesh_pathology_dense_a100_torch/runs/exp0237_gpu-a100-80gb-4_torch_eager_projection_collective_loop_b16_L512_fsdp4_tp1_tc512_vc262144_fsdp4_tp1_tc512_vc262144_r0/xla,,gpu-a100-80gb-4/torch_eager_projection_collective_loop
238,20260616T031040Z,dense-synthetic,2026-06-16T03:10:40+00:00,Chansungs-MacBook-Pro-2.local,gpu-a100-80gb-4,primary_gpu_baseline,gpu,A100-80GB,4,A100:4:80GB,torch_eager_projection_collective_loop,torch_microbench,PyTorch eager projection matmul plus NCCL all-reduce.,projection_collective_loop,eager,b16_L512_fsdp4_tp1_tc1024_vc4096,4,1,16,512,b16/L512,320,262144,1024,4096,1024/4096,8,64,512,,"fsdp=4,tp=1",3,10,0,0,-1,exp0238_gpu-a100-80gb-4_torch_eager_projection_collective_loop_b16_L512_fsdp4_tp1_tc1024_vc4096_fsdp4_tp1_tc1024_vc4096_r0,/Users/deep-diver/Developers/TUNIX-TRY/01-CCE/data/mesh_pathology_dense_a100_torch/runs/exp0238_gpu-a100-80gb-4_torch_eager_projection_collective_loop_b16_L512_fsdp4_tp1_tc1024_vc4096_fsdp4_tp1_tc1024_vc4096_r0,/Users/deep-diver/Developers/TUNIX-TRY/01-CCE/data/mesh_pathology_dense_a100_torch/runs/exp0238_gpu-a100-80gb-4_torch_eager_projection_collective_loop_b16_L512_fsdp4_tp1_tc1024_vc4096_fsdp4_tp1_tc1024_vc4096_r0/xla,,gpu-a100-80gb-4/torch_eager_projection_collective_loop
239,20260616T031040Z,dense-synthetic,2026-06-16T03:10:40+00:00,Chansungs-MacBook-Pro-2.local,gpu-a100-80gb-4,primary_gpu_baseline,gpu,A100-80GB,4,A100:4:80GB,torch_eager_projection_collective_loop,torch_microbench,PyTorch eager projection matmul plus NCCL all-reduce.,projection_collective_loop,eager,b16_L512_fsdp4_tp1_tc1024_vc8192,4,1,16,512,b16/L512,320,262144,1024,8192,1024/8192,8,32,256,,"fsdp=4,tp=1",3,10,0,0,-1,exp0239_gpu-a100-80gb-4_torch_eager_projection_collective_loop_b16_L512_fsdp4_tp1_tc1024_vc8192_fsdp4_tp1_tc1024_vc8192_r0,/Users/deep-diver/Developers/TUNIX-TRY/01-CCE/data/mesh_pathology_dense_a100_torch/runs/exp0239_gpu-a100-80gb-4_torch_eager_projection_collective_loop_b16_L512_fsdp4_tp1_tc1024_vc8192_fsdp4_tp1_tc1024_vc8192_r0,/Users/deep-diver/Developers/TUNIX-TRY/01-CCE/data/mesh_pathology_dense_a100_torch/runs/exp0239_gpu-a100-80gb-4_torch_eager_projection_collective_loop_b16_L512_fsdp4_tp1_tc1024_vc8192_fsdp4_tp1_tc1024_vc8192_r0/xla,,gpu-a100-80gb-4/torch_eager_projection_collective_loop
240,20260616T031040Z,dense-synthetic,2026-06-16T03:10:40+00:00,Chansungs-MacBook-Pro-2.local,gpu-a100-80gb-4,primary_gpu_baseline,gpu,A100-80GB,4,A100:4:80GB,torch_eager_projection_collective_loop,torch_microbench,PyTorch eager projection matmul plus NCCL all-reduce.,projection_collective_loop,eager,b16_L512_fsdp4_tp1_tc1024_vc16384,4,1,16,512,b16/L512,320,262144,1024,16384,1024/16384,8,16,128,,"fsdp=4,tp=1",3,10,0,0,-1,exp0240_gpu-a100-80gb-4_torch_eager_projection_collective_loop_b16_L512_fsdp4_tp1_tc1024_vc16384_fsdp4_tp1_tc1024_vc16384_r0,/Users/deep-diver/Developers/TUNIX-TRY/01-CCE/data/mesh_pathology_dense_a100_torch/runs/exp0240_gpu-a100-80gb-4_torch_eager_projection_collective_loop_b16_L512_fsdp4_tp1_tc1024_vc16384_fsdp4_tp1_tc1024_vc16384_r0,/Users/deep-diver/Developers/TUNIX-TRY/01-CCE/data/mesh_pathology_dense_a100_torch/runs/exp0240_gpu-a100-80gb-4_torch_eager_projection_collective_loop_b16_L512_fsdp4_tp1_tc1024_vc16384_fsdp4_tp1_tc1024_vc16384_r0/xla,,gpu-a100-80gb-4/torch_eager_projection_collective_loop
241,20260616T031040Z,dense-synthetic,2026-06-16T03:10:40+00:00,Chansungs-MacBook-Pro-2.local,gpu-a100-80gb-4,primary_gpu_baseline,gpu,A100-80GB,4,A100:4:80GB,torch_eager_projection_collective_loop,torch_microbench,PyTorch eager projection matmul plus NCCL all-reduce.,projection_collective_loop,eager,b16_L512_fsdp4_tp1_tc1024_vc32768,4,1,16,512,b16/L512,320,262144,1024,32768,1024/32768,8,8,64,,"fsdp=4,tp=1",3,10,0,0,-1,exp0241_gpu-a100-80gb-4_torch_eager_projection_collective_loop_b16_L512_fsdp4_tp1_tc1024_vc32768_fsdp4_tp1_tc1024_vc32768_r0,/Users/deep-diver/Developers/TUNIX-TRY/01-CCE/data/mesh_pathology_dense_a100_torch/runs/exp0241_gpu-a100-80gb-4_torch_eager_projection_collective_loop_b16_L512_fsdp4_tp1_tc1024_vc32768_fsdp4_tp1_tc1024_vc32768_r0,/Users/deep-diver/Developers/TUNIX-TRY/01-CCE/data/mesh_pathology_dense_a100_torch/runs/exp0241_gpu-a100-80gb-4_torch_eager_projection_collective_loop_b16_L512_fsdp4_tp1_tc1024_vc32768_fsdp4_tp1_tc1024_vc32768_r0/xla,,gpu-a100-80gb-4/torch_eager_projection_collective_loop
242,20260616T031040Z,dense-synthetic,2026-06-16T03:10:40+00:00,Chansungs-MacBook-Pro-2.local,gpu-a100-80gb-4,primary_gpu_baseline,gpu,A100-80GB,4,A100:4:80GB,torch_eager_projection_collective_loop,torch_microbench,PyTorch eager projection matmul plus NCCL all-reduce.,projection_collective_loop,eager,b16_L512_fsdp4_tp1_tc1024_vc65536,4,1,16,512,b16/L512,320,262144,1024,65536,1024/65536,8,4,32,,"fsdp=4,tp=1",3,10,0,0,-1,exp0242_gpu-a100-80gb-4_torch_eager_projection_collective_loop_b16_L512_fsdp4_tp1_tc1024_vc65536_fsdp4_tp1_tc1024_vc65536_r0,/Users/deep-diver/Developers/TUNIX-TRY/01-CCE/data/mesh_pathology_dense_a100_torch/runs/exp0242_gpu-a100-80gb-4_torch_eager_projection_collective_loop_b16_L512_fsdp4_tp1_tc1024_vc65536_fsdp4_tp1_tc1024_vc65536_r0,/Users/deep-diver/Developers/TUNIX-TRY/01-CCE/data/mesh_pathology_dense_a100_torch/runs/exp0242_gpu-a100-80gb-4_torch_eager_projection_collective_loop_b16_L512_fsdp4_tp1_tc1024_vc65536_fsdp4_tp1_tc1024_vc65536_r0/xla,,gpu-a100-80gb-4/torch_eager_projection_collective_loop
243,20260616T031040Z,dense-synthetic,2026-06-16T03:10:40+00:00,Chansungs-MacBook-Pro-2.local,gpu-a100-80gb-4,primary_gpu_baseline,gpu,A100-80GB,4,A100:4:80GB,torch_eager_projection_collective_loop,torch_microbench,PyTorch eager projection matmul plus NCCL all-reduce.,projection_collective_loop,eager,b16_L512_fsdp4_tp1_tc1024_vc131072,4,1,16,512,b16/L512,320,262144,1024,131072,1024/131072,8,2,16,,"fsdp=4,tp=1",3,10,0,0,-1,exp0243_gpu-a100-80gb-4_torch_eager_projection_collective_loop_b16_L512_fsdp4_tp1_tc1024_vc131072_fsdp4_tp1_tc1024_vc131072_r0,/Users/deep-diver/Developers/TUNIX-TRY/01-CCE/data/mesh_pathology_dense_a100_torch/runs/exp0243_gpu-a100-80gb-4_torch_eager_projection_collective_loop_b16_L512_fsdp4_tp1_tc1024_vc131072_fsdp4_tp1_tc1024_vc131072_r0,/Users/deep-diver/Developers/TUNIX-TRY/01-CCE/data/mesh_pathology_dense_a100_torch/runs/exp0243_gpu-a100-80gb-4_torch_eager_projection_collective_loop_b16_L512_fsdp4_tp1_tc1024_vc131072_fsdp4_tp1_tc1024_vc131072_r0/xla,,gpu-a100-80gb-4/torch_eager_projection_collective_loop
244,20260616T031040Z,dense-synthetic,2026-06-16T03:10:40+00:00,Chansungs-MacBook-Pro-2.local,gpu-a100-80gb-4,primary_gpu_baseline,gpu,A100-80GB,4,A100:4:80GB,torch_eager_projection_collective_loop,torch_microbench,PyTorch eager projection matmul plus NCCL all-reduce.,projection_collective_loop,eager,b16_L512_fsdp4_tp1_tc1024_vc262144,4,1,16,512,b16/L512,320,262144,1024,262144,1024/262144,8,1,8,,"fsdp=4,tp=1",3,10,0,0,-1,exp0244_gpu-a100-80gb-4_torch_eager_projection_collective_loop_b16_L512_fsdp4_tp1_tc1024_vc262144_fsdp4_tp1_tc1024_vc262144_r0,/Users/deep-diver/Developers/TUNIX-TRY/01-CCE/data/mesh_pathology_dense_a100_torch/runs/exp0244_gpu-a100-80gb-4_torch_eager_projection_collective_loop_b16_L512_fsdp4_tp1_tc1024_vc262144_fsdp4_tp1_tc1024_vc262144_r0,/Users/deep-diver/Developers/TUNIX-TRY/01-CCE/data/mesh_pathology_dense_a100_torch/runs/exp0244_gpu-a100-80gb-4_torch_eager_projection_collective_loop_b16_L512_fsdp4_tp1_tc1024_vc262144_fsdp4_tp1_tc1024_vc262144_r0/xla,,gpu-a100-80gb-4/torch_eager_projection_collective_loop
245,20260616T031040Z,dense-synthetic,2026-06-16T03:10:40+00:00,Chansungs-MacBook-Pro-2.local,gpu-a100-80gb-4,primary_gpu_baseline,gpu,A100-80GB,4,A100:4:80GB,torch_eager_projection_collective_loop,torch_microbench,PyTorch eager projection matmul plus NCCL all-reduce.,projection_collective_loop,eager,b16_L512_fsdp2_tp2_tc64_vc4096,2,2,16,512,b16/L512,320,262144,64,4096,64/4096,128,64,8192,,"fsdp=2,tp=2",3,10,0,0,-1,exp0245_gpu-a100-80gb-4_torch_eager_projection_collective_loop_b16_L512_fsdp2_tp2_tc64_vc4096_fsdp2_tp2_tc64_vc4096_r0,/Users/deep-diver/Developers/TUNIX-TRY/01-CCE/data/mesh_pathology_dense_a100_torch/runs/exp0245_gpu-a100-80gb-4_torch_eager_projection_collective_loop_b16_L512_fsdp2_tp2_tc64_vc4096_fsdp2_tp2_tc64_vc4096_r0,/Users/deep-diver/Developers/TUNIX-TRY/01-CCE/data/mesh_pathology_dense_a100_torch/runs/exp0245_gpu-a100-80gb-4_torch_eager_projection_collective_loop_b16_L512_fsdp2_tp2_tc64_vc4096_fsdp2_tp2_tc64_vc4096_r0/xla,,gpu-a100-80gb-4/torch_eager_projection_collective_loop
246,20260616T031040Z,dense-synthetic,2026-06-16T03:10:40+00:00,Chansungs-MacBook-Pro-2.local,gpu-a100-80gb-4,primary_gpu_baseline,gpu,A100-80GB,4,A100:4:80GB,torch_eager_projection_collective_loop,torch_microbench,PyTorch eager projection matmul plus NCCL all-reduce.,projection_collective_loop,eager,b16_L512_fsdp2_tp2_tc64_vc8192,2,2,16,512,b16/L512,320,262144,64,8192,64/8192,128,32,4096,,"fsdp=2,tp=2",3,10,0,0,-1,exp0246_gpu-a100-80gb-4_torch_eager_projection_collective_loop_b16_L512_fsdp2_tp2_tc64_vc8192_fsdp2_tp2_tc64_vc8192_r0,/Users/deep-diver/Developers/TUNIX-TRY/01-CCE/data/mesh_pathology_dense_a100_torch/runs/exp0246_gpu-a100-80gb-4_torch_eager_projection_collective_loop_b16_L512_fsdp2_tp2_tc64_vc8192_fsdp2_tp2_tc64_vc8192_r0,/Users/deep-diver/Developers/TUNIX-TRY/01-CCE/data/mesh_pathology_dense_a100_torch/runs/exp0246_gpu-a100-80gb-4_torch_eager_projection_collective_loop_b16_L512_fsdp2_tp2_tc64_vc8192_fsdp2_tp2_tc64_vc8192_r0/xla,,gpu-a100-80gb-4/torch_eager_projection_collective_loop
247,20260616T031040Z,dense-synthetic,2026-06-16T03:10:40+00:00,Chansungs-MacBook-Pro-2.local,gpu-a100-80gb-4,primary_gpu_baseline,gpu,A100-80GB,4,A100:4:80GB,torch_eager_projection_collective_loop,torch_microbench,PyTorch eager projection matmul plus NCCL all-reduce.,projection_collective_loop,eager,b16_L512_fsdp2_tp2_tc64_vc16384,2,2,16,512,b16/L512,320,262144,64,16384,64/16384,128,16,2048,,"fsdp=2,tp=2",3,10,0,0,-1,exp0247_gpu-a100-80gb-4_torch_eager_projection_collective_loop_b16_L512_fsdp2_tp2_tc64_vc16384_fsdp2_tp2_tc64_vc16384_r0,/Users/deep-diver/Developers/TUNIX-TRY/01-CCE/data/mesh_pathology_dense_a100_torch/runs/exp0247_gpu-a100-80gb-4_torch_eager_projection_collective_loop_b16_L512_fsdp2_tp2_tc64_vc16384_fsdp2_tp2_tc64_vc16384_r0,/Users/deep-diver/Developers/TUNIX-TRY/01-CCE/data/mesh_pathology_dense_a100_torch/runs/exp0247_gpu-a100-80gb-4_torch_eager_projection_collective_loop_b16_L512_fsdp2_tp2_tc64_vc16384_fsdp2_tp2_tc64_vc16384_r0/xla,,gpu-a100-80gb-4/torch_eager_projection_collective_loop
248,20260616T031040Z,dense-synthetic,2026-06-16T03:10:40+00:00,Chansungs-MacBook-Pro-2.local,gpu-a100-80gb-4,primary_gpu_baseline,gpu,A100-80GB,4,A100:4:80GB,torch_eager_projection_collective_loop,torch_microbench,PyTorch eager projection matmul plus NCCL all-reduce.,projection_collective_loop,eager,b16_L512_fsdp2_tp2_tc64_vc32768,2,2,16,512,b16/L512,320,262144,64,32768,64/32768,128,8,1024,,"fsdp=2,tp=2",3,10,0,0,-1,exp0248_gpu-a100-80gb-4_torch_eager_projection_collective_loop_b16_L512_fsdp2_tp2_tc64_vc32768_fsdp2_tp2_tc64_vc32768_r0,/Users/deep-diver/Developers/TUNIX-TRY/01-CCE/data/mesh_pathology_dense_a100_torch/runs/exp0248_gpu-a100-80gb-4_torch_eager_projection_collective_loop_b16_L512_fsdp2_tp2_tc64_vc32768_fsdp2_tp2_tc64_vc32768_r0,/Users/deep-diver/Developers/TUNIX-TRY/01-CCE/data/mesh_pathology_dense_a100_torch/runs/exp0248_gpu-a100-80gb-4_torch_eager_projection_collective_loop_b16_L512_fsdp2_tp2_tc64_vc32768_fsdp2_tp2_tc64_vc32768_r0/xla,,gpu-a100-80gb-4/torch_eager_projection_collective_loop
249,20260616T031040Z,dense-synthetic,2026-06-16T03:10:40+00:00,Chansungs-MacBook-Pro-2.local,gpu-a100-80gb-4,primary_gpu_baseline,gpu,A100-80GB,4,A100:4:80GB,torch_eager_projection_collective_loop,torch_microbench,PyTorch eager projection matmul plus NCCL all-reduce.,projection_collective_loop,eager,b16_L512_fsdp2_tp2_tc64_vc65536,2,2,16,512,b16/L512,320,262144,64,65536,64/65536,128,4,512,,"fsdp=2,tp=2",3,10,0,0,-1,exp0249_gpu-a100-80gb-4_torch_eager_projection_collective_loop_b16_L512_fsdp2_tp2_tc64_vc65536_fsdp2_tp2_tc64_vc65536_r0,/Users/deep-diver/Developers/TUNIX-TRY/01-CCE/data/mesh_pathology_dense_a100_torch/runs/exp0249_gpu-a100-80gb-4_torch_eager_projection_collective_loop_b16_L512_fsdp2_tp2_tc64_vc65536_fsdp2_tp2_tc64_vc65536_r0,/Users/deep-diver/Developers/TUNIX-TRY/01-CCE/data/mesh_pathology_dense_a100_torch/runs/exp0249_gpu-a100-80gb-4_torch_eager_projection_collective_loop_b16_L512_fsdp2_tp2_tc64_vc65536_fsdp2_tp2_tc64_vc65536_r0/xla,,gpu-a100-80gb-4/torch_eager_projection_collective_loop
250,20260616T031040Z,dense-synthetic,2026-06-16T03:10:40+00:00,Chansungs-MacBook-Pro-2.local,gpu-a100-80gb-4,primary_gpu_baseline,gpu,A100-80GB,4,A100:4:80GB,torch_eager_projection_collective_loop,torch_microbench,PyTorch eager projection matmul plus NCCL all-reduce.,projection_collective_loop,eager,b16_L512_fsdp2_tp2_tc64_vc131072,2,2,16,512,b16/L512,320,262144,64,131072,64/131072,128,2,256,,"fsdp=2,tp=2",3,10,0,0,-1,exp0250_gpu-a100-80gb-4_torch_eager_projection_collective_loop_b16_L512_fsdp2_tp2_tc64_vc131072_fsdp2_tp2_tc64_vc131072_r0,/Users/deep-diver/Developers/TUNIX-TRY/01-CCE/data/mesh_pathology_dense_a100_torch/runs/exp0250_gpu-a100-80gb-4_torch_eager_projection_collective_loop_b16_L512_fsdp2_tp2_tc64_vc131072_fsdp2_tp2_tc64_vc131072_r0,/Users/deep-diver/Developers/TUNIX-TRY/01-CCE/data/mesh_pathology_dense_a100_torch/runs/exp0250_gpu-a100-80gb-4_torch_eager_projection_collective_loop_b16_L512_fsdp2_tp2_tc64_vc131072_fsdp2_tp2_tc64_vc131072_r0/xla,,gpu-a100-80gb-4/torch_eager_projection_collective_loop
251,20260616T031040Z,dense-synthetic,2026-06-16T03:10:40+00:00,Chansungs-MacBook-Pro-2.local,gpu-a100-80gb-4,primary_gpu_baseline,gpu,A100-80GB,4,A100:4:80GB,torch_eager_projection_collective_loop,torch_microbench,PyTorch eager projection matmul plus NCCL all-reduce.,projection_collective_loop,eager,b16_L512_fsdp2_tp2_tc64_vc262144,2,2,16,512,b16/L512,320,262144,64,262144,64/262144,128,1,128,,"fsdp=2,tp=2",3,10,0,0,-1,exp0251_gpu-a100-80gb-4_torch_eager_projection_collective_loop_b16_L512_fsdp2_tp2_tc64_vc262144_fsdp2_tp2_tc64_vc262144_r0,/Users/deep-diver/Developers/TUNIX-TRY/01-CCE/data/mesh_pathology_dense_a100_torch/runs/exp0251_gpu-a100-80gb-4_torch_eager_projection_collective_loop_b16_L512_fsdp2_tp2_tc64_vc262144_fsdp2_tp2_tc64_vc262144_r0,/Users/deep-diver/Developers/TUNIX-TRY/01-CCE/data/mesh_pathology_dense_a100_torch/runs/exp0251_gpu-a100-80gb-4_torch_eager_projection_collective_loop_b16_L512_fsdp2_tp2_tc64_vc262144_fsdp2_tp2_tc64_vc262144_r0/xla,,gpu-a100-80gb-4/torch_eager_projection_collective_loop
252,20260616T031040Z,dense-synthetic,2026-06-16T03:10:40+00:00,Chansungs-MacBook-Pro-2.local,gpu-a100-80gb-4,primary_gpu_baseline,gpu,A100-80GB,4,A100:4:80GB,torch_eager_projection_collective_loop,torch_microbench,PyTorch eager projection matmul plus NCCL all-reduce.,projection_collective_loop,eager,b16_L512_fsdp2_tp2_tc128_vc4096,2,2,16,512,b16/L512,320,262144,128,4096,128/4096,64,64,4096,,"fsdp=2,tp=2",3,10,0,0,-1,exp0252_gpu-a100-80gb-4_torch_eager_projection_collective_loop_b16_L512_fsdp2_tp2_tc128_vc4096_fsdp2_tp2_tc128_vc4096_r0,/Users/deep-diver/Developers/TUNIX-TRY/01-CCE/data/mesh_pathology_dense_a100_torch/runs/exp0252_gpu-a100-80gb-4_torch_eager_projection_collective_loop_b16_L512_fsdp2_tp2_tc128_vc4096_fsdp2_tp2_tc128_vc4096_r0,/Users/deep-diver/Developers/TUNIX-TRY/01-CCE/data/mesh_pathology_dense_a100_torch/runs/exp0252_gpu-a100-80gb-4_torch_eager_projection_collective_loop_b16_L512_fsdp2_tp2_tc128_vc4096_fsdp2_tp2_tc128_vc4096_r0/xla,,gpu-a100-80gb-4/torch_eager_projection_collective_loop
253,20260616T031040Z,dense-synthetic,2026-06-16T03:10:40+00:00,Chansungs-MacBook-Pro-2.local,gpu-a100-80gb-4,primary_gpu_baseline,gpu,A100-80GB,4,A100:4:80GB,torch_eager_projection_collective_loop,torch_microbench,PyTorch eager projection matmul plus NCCL all-reduce.,projection_collective_loop,eager,b16_L512_fsdp2_tp2_tc128_vc8192,2,2,16,512,b16/L512,320,262144,128,8192,128/8192,64,32,2048,,"fsdp=2,tp=2",3,10,0,0,-1,exp0253_gpu-a100-80gb-4_torch_eager_projection_collective_loop_b16_L512_fsdp2_tp2_tc128_vc8192_fsdp2_tp2_tc128_vc8192_r0,/Users/deep-diver/Developers/TUNIX-TRY/01-CCE/data/mesh_pathology_dense_a100_torch/runs/exp0253_gpu-a100-80gb-4_torch_eager_projection_collective_loop_b16_L512_fsdp2_tp2_tc128_vc8192_fsdp2_tp2_tc128_vc8192_r0,/Users/deep-diver/Developers/TUNIX-TRY/01-CCE/data/mesh_pathology_dense_a100_torch/runs/exp0253_gpu-a100-80gb-4_torch_eager_projection_collective_loop_b16_L512_fsdp2_tp2_tc128_vc8192_fsdp2_tp2_tc128_vc8192_r0/xla,,gpu-a100-80gb-4/torch_eager_projection_collective_loop
254,20260616T031040Z,dense-synthetic,2026-06-16T03:10:40+00:00,Chansungs-MacBook-Pro-2.local,gpu-a100-80gb-4,primary_gpu_baseline,gpu,A100-80GB,4,A100:4:80GB,torch_eager_projection_collective_loop,torch_microbench,PyTorch eager projection matmul plus NCCL all-reduce.,projection_collective_loop,eager,b16_L512_fsdp2_tp2_tc128_vc16384,2,2,16,512,b16/L512,320,262144,128,16384,128/16384,64,16,1024,,"fsdp=2,tp=2",3,10,0,0,-1,exp0254_gpu-a100-80gb-4_torch_eager_projection_collective_loop_b16_L512_fsdp2_tp2_tc128_vc16384_fsdp2_tp2_tc128_vc16384_r0,/Users/deep-diver/Developers/TUNIX-TRY/01-CCE/data/mesh_pathology_dense_a100_torch/runs/exp0254_gpu-a100-80gb-4_torch_eager_projection_collective_loop_b16_L512_fsdp2_tp2_tc128_vc16384_fsdp2_tp2_tc128_vc16384_r0,/Users/deep-diver/Developers/TUNIX-TRY/01-CCE/data/mesh_pathology_dense_a100_torch/runs/exp0254_gpu-a100-80gb-4_torch_eager_projection_collective_loop_b16_L512_fsdp2_tp2_tc128_vc16384_fsdp2_tp2_tc128_vc16384_r0/xla,,gpu-a100-80gb-4/torch_eager_projection_collective_loop
255,20260616T031040Z,dense-synthetic,2026-06-16T03:10:40+00:00,Chansungs-MacBook-Pro-2.local,gpu-a100-80gb-4,primary_gpu_baseline,gpu,A100-80GB,4,A100:4:80GB,torch_eager_projection_collective_loop,torch_microbench,PyTorch eager projection matmul plus NCCL all-reduce.,projection_collective_loop,eager,b16_L512_fsdp2_tp2_tc128_vc32768,2,2,16,512,b16/L512,320,262144,128,32768,128/32768,64,8,512,,"fsdp=2,tp=2",3,10,0,0,-1,exp0255_gpu-a100-80gb-4_torch_eager_projection_collective_loop_b16_L512_fsdp2_tp2_tc128_vc32768_fsdp2_tp2_tc128_vc32768_r0,/Users/deep-diver/Developers/TUNIX-TRY/01-CCE/data/mesh_pathology_dense_a100_torch/runs/exp0255_gpu-a100-80gb-4_torch_eager_projection_collective_loop_b16_L512_fsdp2_tp2_tc128_vc32768_fsdp2_tp2_tc128_vc32768_r0,/Users/deep-diver/Developers/TUNIX-TRY/01-CCE/data/mesh_pathology_dense_a100_torch/runs/exp0255_gpu-a100-80gb-4_torch_eager_projection_collective_loop_b16_L512_fsdp2_tp2_tc128_vc32768_fsdp2_tp2_tc128_vc32768_r0/xla,,gpu-a100-80gb-4/torch_eager_projection_collective_loop
256,20260616T031040Z,dense-synthetic,2026-06-16T03:10:40+00:00,Chansungs-MacBook-Pro-2.local,gpu-a100-80gb-4,primary_gpu_baseline,gpu,A100-80GB,4,A100:4:80GB,torch_eager_projection_collective_loop,torch_microbench,PyTorch eager projection matmul plus NCCL all-reduce.,projection_collective_loop,eager,b16_L512_fsdp2_tp2_tc128_vc65536,2,2,16,512,b16/L512,320,262144,128,65536,128/65536,64,4,256,,"fsdp=2,tp=2",3,10,0,0,-1,exp0256_gpu-a100-80gb-4_torch_eager_projection_collective_loop_b16_L512_fsdp2_tp2_tc128_vc65536_fsdp2_tp2_tc128_vc65536_r0,/Users/deep-diver/Developers/TUNIX-TRY/01-CCE/data/mesh_pathology_dense_a100_torch/runs/exp0256_gpu-a100-80gb-4_torch_eager_projection_collective_loop_b16_L512_fsdp2_tp2_tc128_vc65536_fsdp2_tp2_tc128_vc65536_r0,/Users/deep-diver/Developers/TUNIX-TRY/01-CCE/data/mesh_pathology_dense_a100_torch/runs/exp0256_gpu-a100-80gb-4_torch_eager_projection_collective_loop_b16_L512_fsdp2_tp2_tc128_vc65536_fsdp2_tp2_tc128_vc65536_r0/xla,,gpu-a100-80gb-4/torch_eager_projection_collective_loop
257,20260616T031040Z,dense-synthetic,2026-06-16T03:10:40+00:00,Chansungs-MacBook-Pro-2.local,gpu-a100-80gb-4,primary_gpu_baseline,gpu,A100-80GB,4,A100:4:80GB,torch_eager_projection_collective_loop,torch_microbench,PyTorch eager projection matmul plus NCCL all-reduce.,projection_collective_loop,eager,b16_L512_fsdp2_tp2_tc128_vc131072,2,2,16,512,b16/L512,320,262144,128,131072,128/131072,64,2,128,,"fsdp=2,tp=2",3,10,0,0,-1,exp0257_gpu-a100-80gb-4_torch_eager_projection_collective_loop_b16_L512_fsdp2_tp2_tc128_vc131072_fsdp2_tp2_tc128_vc131072_r0,/Users/deep-diver/Developers/TUNIX-TRY/01-CCE/data/mesh_pathology_dense_a100_torch/runs/exp0257_gpu-a100-80gb-4_torch_eager_projection_collective_loop_b16_L512_fsdp2_tp2_tc128_vc131072_fsdp2_tp2_tc128_vc131072_r0,/Users/deep-diver/Developers/TUNIX-TRY/01-CCE/data/mesh_pathology_dense_a100_torch/runs/exp0257_gpu-a100-80gb-4_torch_eager_projection_collective_loop_b16_L512_fsdp2_tp2_tc128_vc131072_fsdp2_tp2_tc128_vc131072_r0/xla,,gpu-a100-80gb-4/torch_eager_projection_collective_loop
258,20260616T031040Z,dense-synthetic,2026-06-16T03:10:40+00:00,Chansungs-MacBook-Pro-2.local,gpu-a100-80gb-4,primary_gpu_baseline,gpu,A100-80GB,4,A100:4:80GB,torch_eager_projection_collective_loop,torch_microbench,PyTorch eager projection matmul plus NCCL all-reduce.,projection_collective_loop,eager,b16_L512_fsdp2_tp2_tc128_vc262144,2,2,16,512,b16/L512,320,262144,128,262144,128/262144,64,1,64,,"fsdp=2,tp=2",3,10,0,0,-1,exp0258_gpu-a100-80gb-4_torch_eager_projection_collective_loop_b16_L512_fsdp2_tp2_tc128_vc262144_fsdp2_tp2_tc128_vc262144_r0,/Users/deep-diver/Developers/TUNIX-TRY/01-CCE/data/mesh_pathology_dense_a100_torch/runs/exp0258_gpu-a100-80gb-4_torch_eager_projection_collective_loop_b16_L512_fsdp2_tp2_tc128_vc262144_fsdp2_tp2_tc128_vc262144_r0,/Users/deep-diver/Developers/TUNIX-TRY/01-CCE/data/mesh_pathology_dense_a100_torch/runs/exp0258_gpu-a100-80gb-4_torch_eager_projection_collective_loop_b16_L512_fsdp2_tp2_tc128_vc262144_fsdp2_tp2_tc128_vc262144_r0/xla,,gpu-a100-80gb-4/torch_eager_projection_collective_loop
259,20260616T031040Z,dense-synthetic,2026-06-16T03:10:40+00:00,Chansungs-MacBook-Pro-2.local,gpu-a100-80gb-4,primary_gpu_baseline,gpu,A100-80GB,4,A100:4:80GB,torch_eager_projection_collective_loop,torch_microbench,PyTorch eager projection matmul plus NCCL all-reduce.,projection_collective_loop,eager,b16_L512_fsdp2_tp2_tc256_vc4096,2,2,16,512,b16/L512,320,262144,256,4096,256/4096,32,64,2048,,"fsdp=2,tp=2",3,10,0,0,-1,exp0259_gpu-a100-80gb-4_torch_eager_projection_collective_loop_b16_L512_fsdp2_tp2_tc256_vc4096_fsdp2_tp2_tc256_vc4096_r0,/Users/deep-diver/Developers/TUNIX-TRY/01-CCE/data/mesh_pathology_dense_a100_torch/runs/exp0259_gpu-a100-80gb-4_torch_eager_projection_collective_loop_b16_L512_fsdp2_tp2_tc256_vc4096_fsdp2_tp2_tc256_vc4096_r0,/Users/deep-diver/Developers/TUNIX-TRY/01-CCE/data/mesh_pathology_dense_a100_torch/runs/exp0259_gpu-a100-80gb-4_torch_eager_projection_collective_loop_b16_L512_fsdp2_tp2_tc256_vc4096_fsdp2_tp2_tc256_vc4096_r0/xla,,gpu-a100-80gb-4/torch_eager_projection_collective_loop
260,20260616T031040Z,dense-synthetic,2026-06-16T03:10:40+00:00,Chansungs-MacBook-Pro-2.local,gpu-a100-80gb-4,primary_gpu_baseline,gpu,A100-80GB,4,A100:4:80GB,torch_eager_projection_collective_loop,torch_microbench,PyTorch eager projection matmul plus NCCL all-reduce.,projection_collective_loop,eager,b16_L512_fsdp2_tp2_tc256_vc8192,2,2,16,512,b16/L512,320,262144,256,8192,256/8192,32,32,1024,,"fsdp=2,tp=2",3,10,0,0,-1,exp0260_gpu-a100-80gb-4_torch_eager_projection_collective_loop_b16_L512_fsdp2_tp2_tc256_vc8192_fsdp2_tp2_tc256_vc8192_r0,/Users/deep-diver/Developers/TUNIX-TRY/01-CCE/data/mesh_pathology_dense_a100_torch/runs/exp0260_gpu-a100-80gb-4_torch_eager_projection_collective_loop_b16_L512_fsdp2_tp2_tc256_vc8192_fsdp2_tp2_tc256_vc8192_r0,/Users/deep-diver/Developers/TUNIX-TRY/01-CCE/data/mesh_pathology_dense_a100_torch/runs/exp0260_gpu-a100-80gb-4_torch_eager_projection_collective_loop_b16_L512_fsdp2_tp2_tc256_vc8192_fsdp2_tp2_tc256_vc8192_r0/xla,,gpu-a100-80gb-4/torch_eager_projection_collective_loop
261,20260616T031040Z,dense-synthetic,2026-06-16T03:10:40+00:00,Chansungs-MacBook-Pro-2.local,gpu-a100-80gb-4,primary_gpu_baseline,gpu,A100-80GB,4,A100:4:80GB,torch_eager_projection_collective_loop,torch_microbench,PyTorch eager projection matmul plus NCCL all-reduce.,projection_collective_loop,eager,b16_L512_fsdp2_tp2_tc256_vc16384,2,2,16,512,b16/L512,320,262144,256,16384,256/16384,32,16,512,,"fsdp=2,tp=2",3,10,0,0,-1,exp0261_gpu-a100-80gb-4_torch_eager_projection_collective_loop_b16_L512_fsdp2_tp2_tc256_vc16384_fsdp2_tp2_tc256_vc16384_r0,/Users/deep-diver/Developers/TUNIX-TRY/01-CCE/data/mesh_pathology_dense_a100_torch/runs/exp0261_gpu-a100-80gb-4_torch_eager_projection_collective_loop_b16_L512_fsdp2_tp2_tc256_vc16384_fsdp2_tp2_tc256_vc16384_r0,/Users/deep-diver/Developers/TUNIX-TRY/01-CCE/data/mesh_pathology_dense_a100_torch/runs/exp0261_gpu-a100-80gb-4_torch_eager_projection_collective_loop_b16_L512_fsdp2_tp2_tc256_vc16384_fsdp2_tp2_tc256_vc16384_r0/xla,,gpu-a100-80gb-4/torch_eager_projection_collective_loop
262,20260616T031040Z,dense-synthetic,2026-06-16T03:10:40+00:00,Chansungs-MacBook-Pro-2.local,gpu-a100-80gb-4,primary_gpu_baseline,gpu,A100-80GB,4,A100:4:80GB,torch_eager_projection_collective_loop,torch_microbench,PyTorch eager projection matmul plus NCCL all-reduce.,projection_collective_loop,eager,b16_L512_fsdp2_tp2_tc256_vc32768,2,2,16,512,b16/L512,320,262144,256,32768,256/32768,32,8,256,,"fsdp=2,tp=2",3,10,0,0,-1,exp0262_gpu-a100-80gb-4_torch_eager_projection_collective_loop_b16_L512_fsdp2_tp2_tc256_vc32768_fsdp2_tp2_tc256_vc32768_r0,/Users/deep-diver/Developers/TUNIX-TRY/01-CCE/data/mesh_pathology_dense_a100_torch/runs/exp0262_gpu-a100-80gb-4_torch_eager_projection_collective_loop_b16_L512_fsdp2_tp2_tc256_vc32768_fsdp2_tp2_tc256_vc32768_r0,/Users/deep-diver/Developers/TUNIX-TRY/01-CCE/data/mesh_pathology_dense_a100_torch/runs/exp0262_gpu-a100-80gb-4_torch_eager_projection_collective_loop_b16_L512_fsdp2_tp2_tc256_vc32768_fsdp2_tp2_tc256_vc32768_r0/xla,,gpu-a100-80gb-4/torch_eager_projection_collective_loop
263,20260616T031040Z,dense-synthetic,2026-06-16T03:10:40+00:00,Chansungs-MacBook-Pro-2.local,gpu-a100-80gb-4,primary_gpu_baseline,gpu,A100-80GB,4,A100:4:80GB,torch_eager_projection_collective_loop,torch_microbench,PyTorch eager projection matmul plus NCCL all-reduce.,projection_collective_loop,eager,b16_L512_fsdp2_tp2_tc256_vc65536,2,2,16,512,b16/L512,320,262144,256,65536,256/65536,32,4,128,,"fsdp=2,tp=2",3,10,0,0,-1,exp0263_gpu-a100-80gb-4_torch_eager_projection_collective_loop_b16_L512_fsdp2_tp2_tc256_vc65536_fsdp2_tp2_tc256_vc65536_r0,/Users/deep-diver/Developers/TUNIX-TRY/01-CCE/data/mesh_pathology_dense_a100_torch/runs/exp0263_gpu-a100-80gb-4_torch_eager_projection_collective_loop_b16_L512_fsdp2_tp2_tc256_vc65536_fsdp2_tp2_tc256_vc65536_r0,/Users/deep-diver/Developers/TUNIX-TRY/01-CCE/data/mesh_pathology_dense_a100_torch/runs/exp0263_gpu-a100-80gb-4_torch_eager_projection_collective_loop_b16_L512_fsdp2_tp2_tc256_vc65536_fsdp2_tp2_tc256_vc65536_r0/xla,,gpu-a100-80gb-4/torch_eager_projection_collective_loop
264,20260616T031040Z,dense-synthetic,2026-06-16T03:10:40+00:00,Chansungs-MacBook-Pro-2.local,gpu-a100-80gb-4,primary_gpu_baseline,gpu,A100-80GB,4,A100:4:80GB,torch_eager_projection_collective_loop,torch_microbench,PyTorch eager projection matmul plus NCCL all-reduce.,projection_collective_loop,eager,b16_L512_fsdp2_tp2_tc256_vc131072,2,2,16,512,b16/L512,320,262144,256,131072,256/131072,32,2,64,,"fsdp=2,tp=2",3,10,0,0,-1,exp0264_gpu-a100-80gb-4_torch_eager_projection_collective_loop_b16_L512_fsdp2_tp2_tc256_vc131072_fsdp2_tp2_tc256_vc131072_r0,/Users/deep-diver/Developers/TUNIX-TRY/01-CCE/data/mesh_pathology_dense_a100_torch/runs/exp0264_gpu-a100-80gb-4_torch_eager_projection_collective_loop_b16_L512_fsdp2_tp2_tc256_vc131072_fsdp2_tp2_tc256_vc131072_r0,/Users/deep-diver/Developers/TUNIX-TRY/01-CCE/data/mesh_pathology_dense_a100_torch/runs/exp0264_gpu-a100-80gb-4_torch_eager_projection_collective_loop_b16_L512_fsdp2_tp2_tc256_vc131072_fsdp2_tp2_tc256_vc131072_r0/xla,,gpu-a100-80gb-4/torch_eager_projection_collective_loop
265,20260616T031040Z,dense-synthetic,2026-06-16T03:10:40+00:00,Chansungs-MacBook-Pro-2.local,gpu-a100-80gb-4,primary_gpu_baseline,gpu,A100-80GB,4,A100:4:80GB,torch_eager_projection_collective_loop,torch_microbench,PyTorch eager projection matmul plus NCCL all-reduce.,projection_collective_loop,eager,b16_L512_fsdp2_tp2_tc256_vc262144,2,2,16,512,b16/L512,320,262144,256,262144,256/262144,32,1,32,,"fsdp=2,tp=2",3,10,0,0,-1,exp0265_gpu-a100-80gb-4_torch_eager_projection_collective_loop_b16_L512_fsdp2_tp2_tc256_vc262144_fsdp2_tp2_tc256_vc262144_r0,/Users/deep-diver/Developers/TUNIX-TRY/01-CCE/data/mesh_pathology_dense_a100_torch/runs/exp0265_gpu-a100-80gb-4_torch_eager_projection_collective_loop_b16_L512_fsdp2_tp2_tc256_vc262144_fsdp2_tp2_tc256_vc262144_r0,/Users/deep-diver/Developers/TUNIX-TRY/01-CCE/data/mesh_pathology_dense_a100_torch/runs/exp0265_gpu-a100-80gb-4_torch_eager_projection_collective_loop_b16_L512_fsdp2_tp2_tc256_vc262144_fsdp2_tp2_tc256_vc262144_r0/xla,,gpu-a100-80gb-4/torch_eager_projection_collective_loop
266,20260616T031040Z,dense-synthetic,2026-06-16T03:10:40+00:00,Chansungs-MacBook-Pro-2.local,gpu-a100-80gb-4,primary_gpu_baseline,gpu,A100-80GB,4,A100:4:80GB,torch_eager_projection_collective_loop,torch_microbench,PyTorch eager projection matmul plus NCCL all-reduce.,projection_collective_loop,eager,b16_L512_fsdp2_tp2_tc512_vc4096,2,2,16,512,b16/L512,320,262144,512,4096,512/4096,16,64,1024,,"fsdp=2,tp=2",3,10,0,0,-1,exp0266_gpu-a100-80gb-4_torch_eager_projection_collective_loop_b16_L512_fsdp2_tp2_tc512_vc4096_fsdp2_tp2_tc512_vc4096_r0,/Users/deep-diver/Developers/TUNIX-TRY/01-CCE/data/mesh_pathology_dense_a100_torch/runs/exp0266_gpu-a100-80gb-4_torch_eager_projection_collective_loop_b16_L512_fsdp2_tp2_tc512_vc4096_fsdp2_tp2_tc512_vc4096_r0,/Users/deep-diver/Developers/TUNIX-TRY/01-CCE/data/mesh_pathology_dense_a100_torch/runs/exp0266_gpu-a100-80gb-4_torch_eager_projection_collective_loop_b16_L512_fsdp2_tp2_tc512_vc4096_fsdp2_tp2_tc512_vc4096_r0/xla,,gpu-a100-80gb-4/torch_eager_projection_collective_loop
267,20260616T031040Z,dense-synthetic,2026-06-16T03:10:40+00:00,Chansungs-MacBook-Pro-2.local,gpu-a100-80gb-4,primary_gpu_baseline,gpu,A100-80GB,4,A100:4:80GB,torch_eager_projection_collective_loop,torch_microbench,PyTorch eager projection matmul plus NCCL all-reduce.,projection_collective_loop,eager,b16_L512_fsdp2_tp2_tc512_vc8192,2,2,16,512,b16/L512,320,262144,512,8192,512/8192,16,32,512,,"fsdp=2,tp=2",3,10,0,0,-1,exp0267_gpu-a100-80gb-4_torch_eager_projection_collective_loop_b16_L512_fsdp2_tp2_tc512_vc8192_fsdp2_tp2_tc512_vc8192_r0,/Users/deep-diver/Developers/TUNIX-TRY/01-CCE/data/mesh_pathology_dense_a100_torch/runs/exp0267_gpu-a100-80gb-4_torch_eager_projection_collective_loop_b16_L512_fsdp2_tp2_tc512_vc8192_fsdp2_tp2_tc512_vc8192_r0,/Users/deep-diver/Developers/TUNIX-TRY/01-CCE/data/mesh_pathology_dense_a100_torch/runs/exp0267_gpu-a100-80gb-4_torch_eager_projection_collective_loop_b16_L512_fsdp2_tp2_tc512_vc8192_fsdp2_tp2_tc512_vc8192_r0/xla,,gpu-a100-80gb-4/torch_eager_projection_collective_loop
268,20260616T031040Z,dense-synthetic,2026-06-16T03:10:40+00:00,Chansungs-MacBook-Pro-2.local,gpu-a100-80gb-4,primary_gpu_baseline,gpu,A100-80GB,4,A100:4:80GB,torch_eager_projection_collective_loop,torch_microbench,PyTorch eager projection matmul plus NCCL all-reduce.,projection_collective_loop,eager,b16_L512_fsdp2_tp2_tc512_vc16384,2,2,16,512,b16/L512,320,262144,512,16384,512/16384,16,16,256,,"fsdp=2,tp=2",3,10,0,0,-1,exp0268_gpu-a100-80gb-4_torch_eager_projection_collective_loop_b16_L512_fsdp2_tp2_tc512_vc16384_fsdp2_tp2_tc512_vc16384_r0,/Users/deep-diver/Developers/TUNIX-TRY/01-CCE/data/mesh_pathology_dense_a100_torch/runs/exp0268_gpu-a100-80gb-4_torch_eager_projection_collective_loop_b16_L512_fsdp2_tp2_tc512_vc16384_fsdp2_tp2_tc512_vc16384_r0,/Users/deep-diver/Developers/TUNIX-TRY/01-CCE/data/mesh_pathology_dense_a100_torch/runs/exp0268_gpu-a100-80gb-4_torch_eager_projection_collective_loop_b16_L512_fsdp2_tp2_tc512_vc16384_fsdp2_tp2_tc512_vc16384_r0/xla,,gpu-a100-80gb-4/torch_eager_projection_collective_loop
269,20260616T031040Z,dense-synthetic,2026-06-16T03:10:40+00:00,Chansungs-MacBook-Pro-2.local,gpu-a100-80gb-4,primary_gpu_baseline,gpu,A100-80GB,4,A100:4:80GB,torch_eager_projection_collective_loop,torch_microbench,PyTorch eager projection matmul plus NCCL all-reduce.,projection_collective_loop,eager,b16_L512_fsdp2_tp2_tc512_vc32768,2,2,16,512,b16/L512,320,262144,512,32768,512/32768,16,8,128,,"fsdp=2,tp=2",3,10,0,0,-1,exp0269_gpu-a100-80gb-4_torch_eager_projection_collective_loop_b16_L512_fsdp2_tp2_tc512_vc32768_fsdp2_tp2_tc512_vc32768_r0,/Users/deep-diver/Developers/TUNIX-TRY/01-CCE/data/mesh_pathology_dense_a100_torch/runs/exp0269_gpu-a100-80gb-4_torch_eager_projection_collective_loop_b16_L512_fsdp2_tp2_tc512_vc32768_fsdp2_tp2_tc512_vc32768_r0,/Users/deep-diver/Developers/TUNIX-TRY/01-CCE/data/mesh_pathology_dense_a100_torch/runs/exp0269_gpu-a100-80gb-4_torch_eager_projection_collective_loop_b16_L512_fsdp2_tp2_tc512_vc32768_fsdp2_tp2_tc512_vc32768_r0/xla,,gpu-a100-80gb-4/torch_eager_projection_collective_loop
270,20260616T031040Z,dense-synthetic,2026-06-16T03:10:40+00:00,Chansungs-MacBook-Pro-2.local,gpu-a100-80gb-4,primary_gpu_baseline,gpu,A100-80GB,4,A100:4:80GB,torch_eager_projection_collective_loop,torch_microbench,PyTorch eager projection matmul plus NCCL all-reduce.,projection_collective_loop,eager,b16_L512_fsdp2_tp2_tc512_vc65536,2,2,16,512,b16/L512,320,262144,512,65536,512/65536,16,4,64,,"fsdp=2,tp=2",3,10,0,0,-1,exp0270_gpu-a100-80gb-4_torch_eager_projection_collective_loop_b16_L512_fsdp2_tp2_tc512_vc65536_fsdp2_tp2_tc512_vc65536_r0,/Users/deep-diver/Developers/TUNIX-TRY/01-CCE/data/mesh_pathology_dense_a100_torch/runs/exp0270_gpu-a100-80gb-4_torch_eager_projection_collective_loop_b16_L512_fsdp2_tp2_tc512_vc65536_fsdp2_tp2_tc512_vc65536_r0,/Users/deep-diver/Developers/TUNIX-TRY/01-CCE/data/mesh_pathology_dense_a100_torch/runs/exp0270_gpu-a100-80gb-4_torch_eager_projection_collective_loop_b16_L512_fsdp2_tp2_tc512_vc65536_fsdp2_tp2_tc512_vc65536_r0/xla,,gpu-a100-80gb-4/torch_eager_projection_collective_loop
271,20260616T031040Z,dense-synthetic,2026-06-16T03:10:40+00:00,Chansungs-MacBook-Pro-2.local,gpu-a100-80gb-4,primary_gpu_baseline,gpu,A100-80GB,4,A100:4:80GB,torch_eager_projection_collective_loop,torch_microbench,PyTorch eager projection matmul plus NCCL all-reduce.,projection_collective_loop,eager,b16_L512_fsdp2_tp2_tc512_vc131072,2,2,16,512,b16/L512,320,262144,512,131072,512/131072,16,2,32,,"fsdp=2,tp=2",3,10,0,0,-1,exp0271_gpu-a100-80gb-4_torch_eager_projection_collective_loop_b16_L512_fsdp2_tp2_tc512_vc131072_fsdp2_tp2_tc512_vc131072_r0,/Users/deep-diver/Developers/TUNIX-TRY/01-CCE/data/mesh_pathology_dense_a100_torch/runs/exp0271_gpu-a100-80gb-4_torch_eager_projection_collective_loop_b16_L512_fsdp2_tp2_tc512_vc131072_fsdp2_tp2_tc512_vc131072_r0,/Users/deep-diver/Developers/TUNIX-TRY/01-CCE/data/mesh_pathology_dense_a100_torch/runs/exp0271_gpu-a100-80gb-4_torch_eager_projection_collective_loop_b16_L512_fsdp2_tp2_tc512_vc131072_fsdp2_tp2_tc512_vc131072_r0/xla,,gpu-a100-80gb-4/torch_eager_projection_collective_loop
272,20260616T031040Z,dense-synthetic,2026-06-16T03:10:40+00:00,Chansungs-MacBook-Pro-2.local,gpu-a100-80gb-4,primary_gpu_baseline,gpu,A100-80GB,4,A100:4:80GB,torch_eager_projection_collective_loop,torch_microbench,PyTorch eager projection matmul plus NCCL all-reduce.,projection_collective_loop,eager,b16_L512_fsdp2_tp2_tc512_vc262144,2,2,16,512,b16/L512,320,262144,512,262144,512/262144,16,1,16,,"fsdp=2,tp=2",3,10,0,0,-1,exp0272_gpu-a100-80gb-4_torch_eager_projection_collective_loop_b16_L512_fsdp2_tp2_tc512_vc262144_fsdp2_tp2_tc512_vc262144_r0,/Users/deep-diver/Developers/TUNIX-TRY/01-CCE/data/mesh_pathology_dense_a100_torch/runs/exp0272_gpu-a100-80gb-4_torch_eager_projection_collective_loop_b16_L512_fsdp2_tp2_tc512_vc262144_fsdp2_tp2_tc512_vc262144_r0,/Users/deep-diver/Developers/TUNIX-TRY/01-CCE/data/mesh_pathology_dense_a100_torch/runs/exp0272_gpu-a100-80gb-4_torch_eager_projection_collective_loop_b16_L512_fsdp2_tp2_tc512_vc262144_fsdp2_tp2_tc512_vc262144_r0/xla,,gpu-a100-80gb-4/torch_eager_projection_collective_loop
273,20260616T031040Z,dense-synthetic,2026-06-16T03:10:40+00:00,Chansungs-MacBook-Pro-2.local,gpu-a100-80gb-4,primary_gpu_baseline,gpu,A100-80GB,4,A100:4:80GB,torch_eager_projection_collective_loop,torch_microbench,PyTorch eager projection matmul plus NCCL all-reduce.,projection_collective_loop,eager,b16_L512_fsdp2_tp2_tc1024_vc4096,2,2,16,512,b16/L512,320,262144,1024,4096,1024/4096,8,64,512,,"fsdp=2,tp=2",3,10,0,0,-1,exp0273_gpu-a100-80gb-4_torch_eager_projection_collective_loop_b16_L512_fsdp2_tp2_tc1024_vc4096_fsdp2_tp2_tc1024_vc4096_r0,/Users/deep-diver/Developers/TUNIX-TRY/01-CCE/data/mesh_pathology_dense_a100_torch/runs/exp0273_gpu-a100-80gb-4_torch_eager_projection_collective_loop_b16_L512_fsdp2_tp2_tc1024_vc4096_fsdp2_tp2_tc1024_vc4096_r0,/Users/deep-diver/Developers/TUNIX-TRY/01-CCE/data/mesh_pathology_dense_a100_torch/runs/exp0273_gpu-a100-80gb-4_torch_eager_projection_collective_loop_b16_L512_fsdp2_tp2_tc1024_vc4096_fsdp2_tp2_tc1024_vc4096_r0/xla,,gpu-a100-80gb-4/torch_eager_projection_collective_loop
274,20260616T031040Z,dense-synthetic,2026-06-16T03:10:40+00:00,Chansungs-MacBook-Pro-2.local,gpu-a100-80gb-4,primary_gpu_baseline,gpu,A100-80GB,4,A100:4:80GB,torch_eager_projection_collective_loop,torch_microbench,PyTorch eager projection matmul plus NCCL all-reduce.,projection_collective_loop,eager,b16_L512_fsdp2_tp2_tc1024_vc8192,2,2,16,512,b16/L512,320,262144,1024,8192,1024/8192,8,32,256,,"fsdp=2,tp=2",3,10,0,0,-1,exp0274_gpu-a100-80gb-4_torch_eager_projection_collective_loop_b16_L512_fsdp2_tp2_tc1024_vc8192_fsdp2_tp2_tc1024_vc8192_r0,/Users/deep-diver/Developers/TUNIX-TRY/01-CCE/data/mesh_pathology_dense_a100_torch/runs/exp0274_gpu-a100-80gb-4_torch_eager_projection_collective_loop_b16_L512_fsdp2_tp2_tc1024_vc8192_fsdp2_tp2_tc1024_vc8192_r0,/Users/deep-diver/Developers/TUNIX-TRY/01-CCE/data/mesh_pathology_dense_a100_torch/runs/exp0274_gpu-a100-80gb-4_torch_eager_projection_collective_loop_b16_L512_fsdp2_tp2_tc1024_vc8192_fsdp2_tp2_tc1024_vc8192_r0/xla,,gpu-a100-80gb-4/torch_eager_projection_collective_loop
275,20260616T031040Z,dense-synthetic,2026-06-16T03:10:40+00:00,Chansungs-MacBook-Pro-2.local,gpu-a100-80gb-4,primary_gpu_baseline,gpu,A100-80GB,4,A100:4:80GB,torch_eager_projection_collective_loop,torch_microbench,PyTorch eager projection matmul plus NCCL all-reduce.,projection_collective_loop,eager,b16_L512_fsdp2_tp2_tc1024_vc16384,2,2,16,512,b16/L512,320,262144,1024,16384,1024/16384,8,16,128,,"fsdp=2,tp=2",3,10,0,0,-1,exp0275_gpu-a100-80gb-4_torch_eager_projection_collective_loop_b16_L512_fsdp2_tp2_tc1024_vc16384_fsdp2_tp2_tc1024_vc16384_r0,/Users/deep-diver/Developers/TUNIX-TRY/01-CCE/data/mesh_pathology_dense_a100_torch/runs/exp0275_gpu-a100-80gb-4_torch_eager_projection_collective_loop_b16_L512_fsdp2_tp2_tc1024_vc16384_fsdp2_tp2_tc1024_vc16384_r0,/Users/deep-diver/Developers/TUNIX-TRY/01-CCE/data/mesh_pathology_dense_a100_torch/runs/exp0275_gpu-a100-80gb-4_torch_eager_projection_collective_loop_b16_L512_fsdp2_tp2_tc1024_vc16384_fsdp2_tp2_tc1024_vc16384_r0/xla,,gpu-a100-80gb-4/torch_eager_projection_collective_loop
276,20260616T031040Z,dense-synthetic,2026-06-16T03:10:40+00:00,Chansungs-MacBook-Pro-2.local,gpu-a100-80gb-4,primary_gpu_baseline,gpu,A100-80GB,4,A100:4:80GB,torch_eager_projection_collective_loop,torch_microbench,PyTorch eager projection matmul plus NCCL all-reduce.,projection_collective_loop,eager,b16_L512_fsdp2_tp2_tc1024_vc32768,2,2,16,512,b16/L512,320,262144,1024,32768,1024/32768,8,8,64,,"fsdp=2,tp=2",3,10,0,0,-1,exp0276_gpu-a100-80gb-4_torch_eager_projection_collective_loop_b16_L512_fsdp2_tp2_tc1024_vc32768_fsdp2_tp2_tc1024_vc32768_r0,/Users/deep-diver/Developers/TUNIX-TRY/01-CCE/data/mesh_pathology_dense_a100_torch/runs/exp0276_gpu-a100-80gb-4_torch_eager_projection_collective_loop_b16_L512_fsdp2_tp2_tc1024_vc32768_fsdp2_tp2_tc1024_vc32768_r0,/Users/deep-diver/Developers/TUNIX-TRY/01-CCE/data/mesh_pathology_dense_a100_torch/runs/exp0276_gpu-a100-80gb-4_torch_eager_projection_collective_loop_b16_L512_fsdp2_tp2_tc1024_vc32768_fsdp2_tp2_tc1024_vc32768_r0/xla,,gpu-a100-80gb-4/torch_eager_projection_collective_loop
277,20260616T031040Z,dense-synthetic,2026-06-16T03:10:40+00:00,Chansungs-MacBook-Pro-2.local,gpu-a100-80gb-4,primary_gpu_baseline,gpu,A100-80GB,4,A100:4:80GB,torch_eager_projection_collective_loop,torch_microbench,PyTorch eager projection matmul plus NCCL all-reduce.,projection_collective_loop,eager,b16_L512_fsdp2_tp2_tc1024_vc65536,2,2,16,512,b16/L512,320,262144,1024,65536,1024/65536,8,4,32,,"fsdp=2,tp=2",3,10,0,0,-1,exp0277_gpu-a100-80gb-4_torch_eager_projection_collective_loop_b16_L512_fsdp2_tp2_tc1024_vc65536_fsdp2_tp2_tc1024_vc65536_r0,/Users/deep-diver/Developers/TUNIX-TRY/01-CCE/data/mesh_pathology_dense_a100_torch/runs/exp0277_gpu-a100-80gb-4_torch_eager_projection_collective_loop_b16_L512_fsdp2_tp2_tc1024_vc65536_fsdp2_tp2_tc1024_vc65536_r0,/Users/deep-diver/Developers/TUNIX-TRY/01-CCE/data/mesh_pathology_dense_a100_torch/runs/exp0277_gpu-a100-80gb-4_torch_eager_projection_collective_loop_b16_L512_fsdp2_tp2_tc1024_vc65536_fsdp2_tp2_tc1024_vc65536_r0/xla,,gpu-a100-80gb-4/torch_eager_projection_collective_loop
278,20260616T031040Z,dense-synthetic,2026-06-16T03:10:40+00:00,Chansungs-MacBook-Pro-2.local,gpu-a100-80gb-4,primary_gpu_baseline,gpu,A100-80GB,4,A100:4:80GB,torch_eager_projection_collective_loop,torch_microbench,PyTorch eager projection matmul plus NCCL all-reduce.,projection_collective_loop,eager,b16_L512_fsdp2_tp2_tc1024_vc131072,2,2,16,512,b16/L512,320,262144,1024,131072,1024/131072,8,2,16,,"fsdp=2,tp=2",3,10,0,0,-1,exp0278_gpu-a100-80gb-4_torch_eager_projection_collective_loop_b16_L512_fsdp2_tp2_tc1024_vc131072_fsdp2_tp2_tc1024_vc131072_r0,/Users/deep-diver/Developers/TUNIX-TRY/01-CCE/data/mesh_pathology_dense_a100_torch/runs/exp0278_gpu-a100-80gb-4_torch_eager_projection_collective_loop_b16_L512_fsdp2_tp2_tc1024_vc131072_fsdp2_tp2_tc1024_vc131072_r0,/Users/deep-diver/Developers/TUNIX-TRY/01-CCE/data/mesh_pathology_dense_a100_torch/runs/exp0278_gpu-a100-80gb-4_torch_eager_projection_collective_loop_b16_L512_fsdp2_tp2_tc1024_vc131072_fsdp2_tp2_tc1024_vc131072_r0/xla,,gpu-a100-80gb-4/torch_eager_projection_collective_loop
279,20260616T031040Z,dense-synthetic,2026-06-16T03:10:40+00:00,Chansungs-MacBook-Pro-2.local,gpu-a100-80gb-4,primary_gpu_baseline,gpu,A100-80GB,4,A100:4:80GB,torch_eager_projection_collective_loop,torch_microbench,PyTorch eager projection matmul plus NCCL all-reduce.,projection_collective_loop,eager,b16_L512_fsdp2_tp2_tc1024_vc262144,2,2,16,512,b16/L512,320,262144,1024,262144,1024/262144,8,1,8,,"fsdp=2,tp=2",3,10,0,0,-1,exp0279_gpu-a100-80gb-4_torch_eager_projection_collective_loop_b16_L512_fsdp2_tp2_tc1024_vc262144_fsdp2_tp2_tc1024_vc262144_r0,/Users/deep-diver/Developers/TUNIX-TRY/01-CCE/data/mesh_pathology_dense_a100_torch/runs/exp0279_gpu-a100-80gb-4_torch_eager_projection_collective_loop_b16_L512_fsdp2_tp2_tc1024_vc262144_fsdp2_tp2_tc1024_vc262144_r0,/Users/deep-diver/Developers/TUNIX-TRY/01-CCE/data/mesh_pathology_dense_a100_torch/runs/exp0279_gpu-a100-80gb-4_torch_eager_projection_collective_loop_b16_L512_fsdp2_tp2_tc1024_vc262144_fsdp2_tp2_tc1024_vc262144_r0/xla,,gpu-a100-80gb-4/torch_eager_projection_collective_loop
280,20260616T031040Z,dense-synthetic,2026-06-16T03:10:40+00:00,Chansungs-MacBook-Pro-2.local,gpu-a100-80gb-4,primary_gpu_baseline,gpu,A100-80GB,4,A100:4:80GB,torch_eager_projection_collective_loop,torch_microbench,PyTorch eager projection matmul plus NCCL all-reduce.,projection_collective_loop,eager,b16_L512_fsdp1_tp4_tc64_vc4096,1,4,16,512,b16/L512,320,262144,64,4096,64/4096,128,64,8192,,"fsdp=1,tp=4",3,10,0,0,-1,exp0280_gpu-a100-80gb-4_torch_eager_projection_collective_loop_b16_L512_fsdp1_tp4_tc64_vc4096_fsdp1_tp4_tc64_vc4096_r0,/Users/deep-diver/Developers/TUNIX-TRY/01-CCE/data/mesh_pathology_dense_a100_torch/runs/exp0280_gpu-a100-80gb-4_torch_eager_projection_collective_loop_b16_L512_fsdp1_tp4_tc64_vc4096_fsdp1_tp4_tc64_vc4096_r0,/Users/deep-diver/Developers/TUNIX-TRY/01-CCE/data/mesh_pathology_dense_a100_torch/runs/exp0280_gpu-a100-80gb-4_torch_eager_projection_collective_loop_b16_L512_fsdp1_tp4_tc64_vc4096_fsdp1_tp4_tc64_vc4096_r0/xla,,gpu-a100-80gb-4/torch_eager_projection_collective_loop
281,20260616T031040Z,dense-synthetic,2026-06-16T03:10:40+00:00,Chansungs-MacBook-Pro-2.local,gpu-a100-80gb-4,primary_gpu_baseline,gpu,A100-80GB,4,A100:4:80GB,torch_eager_projection_collective_loop,torch_microbench,PyTorch eager projection matmul plus NCCL all-reduce.,projection_collective_loop,eager,b16_L512_fsdp1_tp4_tc64_vc8192,1,4,16,512,b16/L512,320,262144,64,8192,64/8192,128,32,4096,,"fsdp=1,tp=4",3,10,0,0,-1,exp0281_gpu-a100-80gb-4_torch_eager_projection_collective_loop_b16_L512_fsdp1_tp4_tc64_vc8192_fsdp1_tp4_tc64_vc8192_r0,/Users/deep-diver/Developers/TUNIX-TRY/01-CCE/data/mesh_pathology_dense_a100_torch/runs/exp0281_gpu-a100-80gb-4_torch_eager_projection_collective_loop_b16_L512_fsdp1_tp4_tc64_vc8192_fsdp1_tp4_tc64_vc8192_r0,/Users/deep-diver/Developers/TUNIX-TRY/01-CCE/data/mesh_pathology_dense_a100_torch/runs/exp0281_gpu-a100-80gb-4_torch_eager_projection_collective_loop_b16_L512_fsdp1_tp4_tc64_vc8192_fsdp1_tp4_tc64_vc8192_r0/xla,,gpu-a100-80gb-4/torch_eager_projection_collective_loop
282,20260616T031040Z,dense-synthetic,2026-06-16T03:10:40+00:00,Chansungs-MacBook-Pro-2.local,gpu-a100-80gb-4,primary_gpu_baseline,gpu,A100-80GB,4,A100:4:80GB,torch_eager_projection_collective_loop,torch_microbench,PyTorch eager projection matmul plus NCCL all-reduce.,projection_collective_loop,eager,b16_L512_fsdp1_tp4_tc64_vc16384,1,4,16,512,b16/L512,320,262144,64,16384,64/16384,128,16,2048,,"fsdp=1,tp=4",3,10,0,0,-1,exp0282_gpu-a100-80gb-4_torch_eager_projection_collective_loop_b16_L512_fsdp1_tp4_tc64_vc16384_fsdp1_tp4_tc64_vc16384_r0,/Users/deep-diver/Developers/TUNIX-TRY/01-CCE/data/mesh_pathology_dense_a100_torch/runs/exp0282_gpu-a100-80gb-4_torch_eager_projection_collective_loop_b16_L512_fsdp1_tp4_tc64_vc16384_fsdp1_tp4_tc64_vc16384_r0,/Users/deep-diver/Developers/TUNIX-TRY/01-CCE/data/mesh_pathology_dense_a100_torch/runs/exp0282_gpu-a100-80gb-4_torch_eager_projection_collective_loop_b16_L512_fsdp1_tp4_tc64_vc16384_fsdp1_tp4_tc64_vc16384_r0/xla,,gpu-a100-80gb-4/torch_eager_projection_collective_loop
283,20260616T031040Z,dense-synthetic,2026-06-16T03:10:40+00:00,Chansungs-MacBook-Pro-2.local,gpu-a100-80gb-4,primary_gpu_baseline,gpu,A100-80GB,4,A100:4:80GB,torch_eager_projection_collective_loop,torch_microbench,PyTorch eager projection matmul plus NCCL all-reduce.,projection_collective_loop,eager,b16_L512_fsdp1_tp4_tc64_vc32768,1,4,16,512,b16/L512,320,262144,64,32768,64/32768,128,8,1024,,"fsdp=1,tp=4",3,10,0,0,-1,exp0283_gpu-a100-80gb-4_torch_eager_projection_collective_loop_b16_L512_fsdp1_tp4_tc64_vc32768_fsdp1_tp4_tc64_vc32768_r0,/Users/deep-diver/Developers/TUNIX-TRY/01-CCE/data/mesh_pathology_dense_a100_torch/runs/exp0283_gpu-a100-80gb-4_torch_eager_projection_collective_loop_b16_L512_fsdp1_tp4_tc64_vc32768_fsdp1_tp4_tc64_vc32768_r0,/Users/deep-diver/Developers/TUNIX-TRY/01-CCE/data/mesh_pathology_dense_a100_torch/runs/exp0283_gpu-a100-80gb-4_torch_eager_projection_collective_loop_b16_L512_fsdp1_tp4_tc64_vc32768_fsdp1_tp4_tc64_vc32768_r0/xla,,gpu-a100-80gb-4/torch_eager_projection_collective_loop
284,20260616T031040Z,dense-synthetic,2026-06-16T03:10:40+00:00,Chansungs-MacBook-Pro-2.local,gpu-a100-80gb-4,primary_gpu_baseline,gpu,A100-80GB,4,A100:4:80GB,torch_eager_projection_collective_loop,torch_microbench,PyTorch eager projection matmul plus NCCL all-reduce.,projection_collective_loop,eager,b16_L512_fsdp1_tp4_tc64_vc65536,1,4,16,512,b16/L512,320,262144,64,65536,64/65536,128,4,512,,"fsdp=1,tp=4",3,10,0,0,-1,exp0284_gpu-a100-80gb-4_torch_eager_projection_collective_loop_b16_L512_fsdp1_tp4_tc64_vc65536_fsdp1_tp4_tc64_vc65536_r0,/Users/deep-diver/Developers/TUNIX-TRY/01-CCE/data/mesh_pathology_dense_a100_torch/runs/exp0284_gpu-a100-80gb-4_torch_eager_projection_collective_loop_b16_L512_fsdp1_tp4_tc64_vc65536_fsdp1_tp4_tc64_vc65536_r0,/Users/deep-diver/Developers/TUNIX-TRY/01-CCE/data/mesh_pathology_dense_a100_torch/runs/exp0284_gpu-a100-80gb-4_torch_eager_projection_collective_loop_b16_L512_fsdp1_tp4_tc64_vc65536_fsdp1_tp4_tc64_vc65536_r0/xla,,gpu-a100-80gb-4/torch_eager_projection_collective_loop
285,20260616T031040Z,dense-synthetic,2026-06-16T03:10:40+00:00,Chansungs-MacBook-Pro-2.local,gpu-a100-80gb-4,primary_gpu_baseline,gpu,A100-80GB,4,A100:4:80GB,torch_eager_projection_collective_loop,torch_microbench,PyTorch eager projection matmul plus NCCL all-reduce.,projection_collective_loop,eager,b16_L512_fsdp1_tp4_tc64_vc131072,1,4,16,512,b16/L512,320,262144,64,131072,64/131072,128,2,256,,"fsdp=1,tp=4",3,10,0,0,-1,exp0285_gpu-a100-80gb-4_torch_eager_projection_collective_loop_b16_L512_fsdp1_tp4_tc64_vc131072_fsdp1_tp4_tc64_vc131072_r0,/Users/deep-diver/Developers/TUNIX-TRY/01-CCE/data/mesh_pathology_dense_a100_torch/runs/exp0285_gpu-a100-80gb-4_torch_eager_projection_collective_loop_b16_L512_fsdp1_tp4_tc64_vc131072_fsdp1_tp4_tc64_vc131072_r0,/Users/deep-diver/Developers/TUNIX-TRY/01-CCE/data/mesh_pathology_dense_a100_torch/runs/exp0285_gpu-a100-80gb-4_torch_eager_projection_collective_loop_b16_L512_fsdp1_tp4_tc64_vc131072_fsdp1_tp4_tc64_vc131072_r0/xla,,gpu-a100-80gb-4/torch_eager_projection_collective_loop
286,20260616T031040Z,dense-synthetic,2026-06-16T03:10:40+00:00,Chansungs-MacBook-Pro-2.local,gpu-a100-80gb-4,primary_gpu_baseline,gpu,A100-80GB,4,A100:4:80GB,torch_eager_projection_collective_loop,torch_microbench,PyTorch eager projection matmul plus NCCL all-reduce.,projection_collective_loop,eager,b16_L512_fsdp1_tp4_tc64_vc262144,1,4,16,512,b16/L512,320,262144,64,262144,64/262144,128,1,128,,"fsdp=1,tp=4",3,10,0,0,-1,exp0286_gpu-a100-80gb-4_torch_eager_projection_collective_loop_b16_L512_fsdp1_tp4_tc64_vc262144_fsdp1_tp4_tc64_vc262144_r0,/Users/deep-diver/Developers/TUNIX-TRY/01-CCE/data/mesh_pathology_dense_a100_torch/runs/exp0286_gpu-a100-80gb-4_torch_eager_projection_collective_loop_b16_L512_fsdp1_tp4_tc64_vc262144_fsdp1_tp4_tc64_vc262144_r0,/Users/deep-diver/Developers/TUNIX-TRY/01-CCE/data/mesh_pathology_dense_a100_torch/runs/exp0286_gpu-a100-80gb-4_torch_eager_projection_collective_loop_b16_L512_fsdp1_tp4_tc64_vc262144_fsdp1_tp4_tc64_vc262144_r0/xla,,gpu-a100-80gb-4/torch_eager_projection_collective_loop
287,20260616T031040Z,dense-synthetic,2026-06-16T03:10:40+00:00,Chansungs-MacBook-Pro-2.local,gpu-a100-80gb-4,primary_gpu_baseline,gpu,A100-80GB,4,A100:4:80GB,torch_eager_projection_collective_loop,torch_microbench,PyTorch eager projection matmul plus NCCL all-reduce.,projection_collective_loop,eager,b16_L512_fsdp1_tp4_tc128_vc4096,1,4,16,512,b16/L512,320,262144,128,4096,128/4096,64,64,4096,,"fsdp=1,tp=4",3,10,0,0,-1,exp0287_gpu-a100-80gb-4_torch_eager_projection_collective_loop_b16_L512_fsdp1_tp4_tc128_vc4096_fsdp1_tp4_tc128_vc4096_r0,/Users/deep-diver/Developers/TUNIX-TRY/01-CCE/data/mesh_pathology_dense_a100_torch/runs/exp0287_gpu-a100-80gb-4_torch_eager_projection_collective_loop_b16_L512_fsdp1_tp4_tc128_vc4096_fsdp1_tp4_tc128_vc4096_r0,/Users/deep-diver/Developers/TUNIX-TRY/01-CCE/data/mesh_pathology_dense_a100_torch/runs/exp0287_gpu-a100-80gb-4_torch_eager_projection_collective_loop_b16_L512_fsdp1_tp4_tc128_vc4096_fsdp1_tp4_tc128_vc4096_r0/xla,,gpu-a100-80gb-4/torch_eager_projection_collective_loop
288,20260616T031040Z,dense-synthetic,2026-06-16T03:10:40+00:00,Chansungs-MacBook-Pro-2.local,gpu-a100-80gb-4,primary_gpu_baseline,gpu,A100-80GB,4,A100:4:80GB,torch_eager_projection_collective_loop,torch_microbench,PyTorch eager projection matmul plus NCCL all-reduce.,projection_collective_loop,eager,b16_L512_fsdp1_tp4_tc128_vc8192,1,4,16,512,b16/L512,320,262144,128,8192,128/8192,64,32,2048,,"fsdp=1,tp=4",3,10,0,0,-1,exp0288_gpu-a100-80gb-4_torch_eager_projection_collective_loop_b16_L512_fsdp1_tp4_tc128_vc8192_fsdp1_tp4_tc128_vc8192_r0,/Users/deep-diver/Developers/TUNIX-TRY/01-CCE/data/mesh_pathology_dense_a100_torch/runs/exp0288_gpu-a100-80gb-4_torch_eager_projection_collective_loop_b16_L512_fsdp1_tp4_tc128_vc8192_fsdp1_tp4_tc128_vc8192_r0,/Users/deep-diver/Developers/TUNIX-TRY/01-CCE/data/mesh_pathology_dense_a100_torch/runs/exp0288_gpu-a100-80gb-4_torch_eager_projection_collective_loop_b16_L512_fsdp1_tp4_tc128_vc8192_fsdp1_tp4_tc128_vc8192_r0/xla,,gpu-a100-80gb-4/torch_eager_projection_collective_loop
289,20260616T031040Z,dense-synthetic,2026-06-16T03:10:40+00:00,Chansungs-MacBook-Pro-2.local,gpu-a100-80gb-4,primary_gpu_baseline,gpu,A100-80GB,4,A100:4:80GB,torch_eager_projection_collective_loop,torch_microbench,PyTorch eager projection matmul plus NCCL all-reduce.,projection_collective_loop,eager,b16_L512_fsdp1_tp4_tc128_vc16384,1,4,16,512,b16/L512,320,262144,128,16384,128/16384,64,16,1024,,"fsdp=1,tp=4",3,10,0,0,-1,exp0289_gpu-a100-80gb-4_torch_eager_projection_collective_loop_b16_L512_fsdp1_tp4_tc128_vc16384_fsdp1_tp4_tc128_vc16384_r0,/Users/deep-diver/Developers/TUNIX-TRY/01-CCE/data/mesh_pathology_dense_a100_torch/runs/exp0289_gpu-a100-80gb-4_torch_eager_projection_collective_loop_b16_L512_fsdp1_tp4_tc128_vc16384_fsdp1_tp4_tc128_vc16384_r0,/Users/deep-diver/Developers/TUNIX-TRY/01-CCE/data/mesh_pathology_dense_a100_torch/runs/exp0289_gpu-a100-80gb-4_torch_eager_projection_collective_loop_b16_L512_fsdp1_tp4_tc128_vc16384_fsdp1_tp4_tc128_vc16384_r0/xla,,gpu-a100-80gb-4/torch_eager_projection_collective_loop
290,20260616T031040Z,dense-synthetic,2026-06-16T03:10:40+00:00,Chansungs-MacBook-Pro-2.local,gpu-a100-80gb-4,primary_gpu_baseline,gpu,A100-80GB,4,A100:4:80GB,torch_eager_projection_collective_loop,torch_microbench,PyTorch eager projection matmul plus NCCL all-reduce.,projection_collective_loop,eager,b16_L512_fsdp1_tp4_tc128_vc32768,1,4,16,512,b16/L512,320,262144,128,32768,128/32768,64,8,512,,"fsdp=1,tp=4",3,10,0,0,-1,exp0290_gpu-a100-80gb-4_torch_eager_projection_collective_loop_b16_L512_fsdp1_tp4_tc128_vc32768_fsdp1_tp4_tc128_vc32768_r0,/Users/deep-diver/Developers/TUNIX-TRY/01-CCE/data/mesh_pathology_dense_a100_torch/runs/exp0290_gpu-a100-80gb-4_torch_eager_projection_collective_loop_b16_L512_fsdp1_tp4_tc128_vc32768_fsdp1_tp4_tc128_vc32768_r0,/Users/deep-diver/Developers/TUNIX-TRY/01-CCE/data/mesh_pathology_dense_a100_torch/runs/exp0290_gpu-a100-80gb-4_torch_eager_projection_collective_loop_b16_L512_fsdp1_tp4_tc128_vc32768_fsdp1_tp4_tc128_vc32768_r0/xla,,gpu-a100-80gb-4/torch_eager_projection_collective_loop
291,20260616T031040Z,dense-synthetic,2026-06-16T03:10:40+00:00,Chansungs-MacBook-Pro-2.local,gpu-a100-80gb-4,primary_gpu_baseline,gpu,A100-80GB,4,A100:4:80GB,torch_eager_projection_collective_loop,torch_microbench,PyTorch eager projection matmul plus NCCL all-reduce.,projection_collective_loop,eager,b16_L512_fsdp1_tp4_tc128_vc65536,1,4,16,512,b16/L512,320,262144,128,65536,128/65536,64,4,256,,"fsdp=1,tp=4",3,10,0,0,-1,exp0291_gpu-a100-80gb-4_torch_eager_projection_collective_loop_b16_L512_fsdp1_tp4_tc128_vc65536_fsdp1_tp4_tc128_vc65536_r0,/Users/deep-diver/Developers/TUNIX-TRY/01-CCE/data/mesh_pathology_dense_a100_torch/runs/exp0291_gpu-a100-80gb-4_torch_eager_projection_collective_loop_b16_L512_fsdp1_tp4_tc128_vc65536_fsdp1_tp4_tc128_vc65536_r0,/Users/deep-diver/Developers/TUNIX-TRY/01-CCE/data/mesh_pathology_dense_a100_torch/runs/exp0291_gpu-a100-80gb-4_torch_eager_projection_collective_loop_b16_L512_fsdp1_tp4_tc128_vc65536_fsdp1_tp4_tc128_vc65536_r0/xla,,gpu-a100-80gb-4/torch_eager_projection_collective_loop
292,20260616T031040Z,dense-synthetic,2026-06-16T03:10:40+00:00,Chansungs-MacBook-Pro-2.local,gpu-a100-80gb-4,primary_gpu_baseline,gpu,A100-80GB,4,A100:4:80GB,torch_eager_projection_collective_loop,torch_microbench,PyTorch eager projection matmul plus NCCL all-reduce.,projection_collective_loop,eager,b16_L512_fsdp1_tp4_tc128_vc131072,1,4,16,512,b16/L512,320,262144,128,131072,128/131072,64,2,128,,"fsdp=1,tp=4",3,10,0,0,-1,exp0292_gpu-a100-80gb-4_torch_eager_projection_collective_loop_b16_L512_fsdp1_tp4_tc128_vc131072_fsdp1_tp4_tc128_vc131072_r0,/Users/deep-diver/Developers/TUNIX-TRY/01-CCE/data/mesh_pathology_dense_a100_torch/runs/exp0292_gpu-a100-80gb-4_torch_eager_projection_collective_loop_b16_L512_fsdp1_tp4_tc128_vc131072_fsdp1_tp4_tc128_vc131072_r0,/Users/deep-diver/Developers/TUNIX-TRY/01-CCE/data/mesh_pathology_dense_a100_torch/runs/exp0292_gpu-a100-80gb-4_torch_eager_projection_collective_loop_b16_L512_fsdp1_tp4_tc128_vc131072_fsdp1_tp4_tc128_vc131072_r0/xla,,gpu-a100-80gb-4/torch_eager_projection_collective_loop
293,20260616T031040Z,dense-synthetic,2026-06-16T03:10:40+00:00,Chansungs-MacBook-Pro-2.local,gpu-a100-80gb-4,primary_gpu_baseline,gpu,A100-80GB,4,A100:4:80GB,torch_eager_projection_collective_loop,torch_microbench,PyTorch eager projection matmul plus NCCL all-reduce.,projection_collective_loop,eager,b16_L512_fsdp1_tp4_tc128_vc262144,1,4,16,512,b16/L512,320,262144,128,262144,128/262144,64,1,64,,"fsdp=1,tp=4",3,10,0,0,-1,exp0293_gpu-a100-80gb-4_torch_eager_projection_collective_loop_b16_L512_fsdp1_tp4_tc128_vc262144_fsdp1_tp4_tc128_vc262144_r0,/Users/deep-diver/Developers/TUNIX-TRY/01-CCE/data/mesh_pathology_dense_a100_torch/runs/exp0293_gpu-a100-80gb-4_torch_eager_projection_collective_loop_b16_L512_fsdp1_tp4_tc128_vc262144_fsdp1_tp4_tc128_vc262144_r0,/Users/deep-diver/Developers/TUNIX-TRY/01-CCE/data/mesh_pathology_dense_a100_torch/runs/exp0293_gpu-a100-80gb-4_torch_eager_projection_collective_loop_b16_L512_fsdp1_tp4_tc128_vc262144_fsdp1_tp4_tc128_vc262144_r0/xla,,gpu-a100-80gb-4/torch_eager_projection_collective_loop
294,20260616T031040Z,dense-synthetic,2026-06-16T03:10:40+00:00,Chansungs-MacBook-Pro-2.local,gpu-a100-80gb-4,primary_gpu_baseline,gpu,A100-80GB,4,A100:4:80GB,torch_eager_projection_collective_loop,torch_microbench,PyTorch eager projection matmul plus NCCL all-reduce.,projection_collective_loop,eager,b16_L512_fsdp1_tp4_tc256_vc4096,1,4,16,512,b16/L512,320,262144,256,4096,256/4096,32,64,2048,,"fsdp=1,tp=4",3,10,0,0,-1,exp0294_gpu-a100-80gb-4_torch_eager_projection_collective_loop_b16_L512_fsdp1_tp4_tc256_vc4096_fsdp1_tp4_tc256_vc4096_r0,/Users/deep-diver/Developers/TUNIX-TRY/01-CCE/data/mesh_pathology_dense_a100_torch/runs/exp0294_gpu-a100-80gb-4_torch_eager_projection_collective_loop_b16_L512_fsdp1_tp4_tc256_vc4096_fsdp1_tp4_tc256_vc4096_r0,/Users/deep-diver/Developers/TUNIX-TRY/01-CCE/data/mesh_pathology_dense_a100_torch/runs/exp0294_gpu-a100-80gb-4_torch_eager_projection_collective_loop_b16_L512_fsdp1_tp4_tc256_vc4096_fsdp1_tp4_tc256_vc4096_r0/xla,,gpu-a100-80gb-4/torch_eager_projection_collective_loop
295,20260616T031040Z,dense-synthetic,2026-06-16T03:10:40+00:00,Chansungs-MacBook-Pro-2.local,gpu-a100-80gb-4,primary_gpu_baseline,gpu,A100-80GB,4,A100:4:80GB,torch_eager_projection_collective_loop,torch_microbench,PyTorch eager projection matmul plus NCCL all-reduce.,projection_collective_loop,eager,b16_L512_fsdp1_tp4_tc256_vc8192,1,4,16,512,b16/L512,320,262144,256,8192,256/8192,32,32,1024,,"fsdp=1,tp=4",3,10,0,0,-1,exp0295_gpu-a100-80gb-4_torch_eager_projection_collective_loop_b16_L512_fsdp1_tp4_tc256_vc8192_fsdp1_tp4_tc256_vc8192_r0,/Users/deep-diver/Developers/TUNIX-TRY/01-CCE/data/mesh_pathology_dense_a100_torch/runs/exp0295_gpu-a100-80gb-4_torch_eager_projection_collective_loop_b16_L512_fsdp1_tp4_tc256_vc8192_fsdp1_tp4_tc256_vc8192_r0,/Users/deep-diver/Developers/TUNIX-TRY/01-CCE/data/mesh_pathology_dense_a100_torch/runs/exp0295_gpu-a100-80gb-4_torch_eager_projection_collective_loop_b16_L512_fsdp1_tp4_tc256_vc8192_fsdp1_tp4_tc256_vc8192_r0/xla,,gpu-a100-80gb-4/torch_eager_projection_collective_loop
296,20260616T031040Z,dense-synthetic,2026-06-16T03:10:40+00:00,Chansungs-MacBook-Pro-2.local,gpu-a100-80gb-4,primary_gpu_baseline,gpu,A100-80GB,4,A100:4:80GB,torch_eager_projection_collective_loop,torch_microbench,PyTorch eager projection matmul plus NCCL all-reduce.,projection_collective_loop,eager,b16_L512_fsdp1_tp4_tc256_vc16384,1,4,16,512,b16/L512,320,262144,256,16384,256/16384,32,16,512,,"fsdp=1,tp=4",3,10,0,0,-1,exp0296_gpu-a100-80gb-4_torch_eager_projection_collective_loop_b16_L512_fsdp1_tp4_tc256_vc16384_fsdp1_tp4_tc256_vc16384_r0,/Users/deep-diver/Developers/TUNIX-TRY/01-CCE/data/mesh_pathology_dense_a100_torch/runs/exp0296_gpu-a100-80gb-4_torch_eager_projection_collective_loop_b16_L512_fsdp1_tp4_tc256_vc16384_fsdp1_tp4_tc256_vc16384_r0,/Users/deep-diver/Developers/TUNIX-TRY/01-CCE/data/mesh_pathology_dense_a100_torch/runs/exp0296_gpu-a100-80gb-4_torch_eager_projection_collective_loop_b16_L512_fsdp1_tp4_tc256_vc16384_fsdp1_tp4_tc256_vc16384_r0/xla,,gpu-a100-80gb-4/torch_eager_projection_collective_loop
297,20260616T031040Z,dense-synthetic,2026-06-16T03:10:40+00:00,Chansungs-MacBook-Pro-2.local,gpu-a100-80gb-4,primary_gpu_baseline,gpu,A100-80GB,4,A100:4:80GB,torch_eager_projection_collective_loop,torch_microbench,PyTorch eager projection matmul plus NCCL all-reduce.,projection_collective_loop,eager,b16_L512_fsdp1_tp4_tc256_vc32768,1,4,16,512,b16/L512,320,262144,256,32768,256/32768,32,8,256,,"fsdp=1,tp=4",3,10,0,0,-1,exp0297_gpu-a100-80gb-4_torch_eager_projection_collective_loop_b16_L512_fsdp1_tp4_tc256_vc32768_fsdp1_tp4_tc256_vc32768_r0,/Users/deep-diver/Developers/TUNIX-TRY/01-CCE/data/mesh_pathology_dense_a100_torch/runs/exp0297_gpu-a100-80gb-4_torch_eager_projection_collective_loop_b16_L512_fsdp1_tp4_tc256_vc32768_fsdp1_tp4_tc256_vc32768_r0,/Users/deep-diver/Developers/TUNIX-TRY/01-CCE/data/mesh_pathology_dense_a100_torch/runs/exp0297_gpu-a100-80gb-4_torch_eager_projection_collective_loop_b16_L512_fsdp1_tp4_tc256_vc32768_fsdp1_tp4_tc256_vc32768_r0/xla,,gpu-a100-80gb-4/torch_eager_projection_collective_loop
298,20260616T031040Z,dense-synthetic,2026-06-16T03:10:40+00:00,Chansungs-MacBook-Pro-2.local,gpu-a100-80gb-4,primary_gpu_baseline,gpu,A100-80GB,4,A100:4:80GB,torch_eager_projection_collective_loop,torch_microbench,PyTorch eager projection matmul plus NCCL all-reduce.,projection_collective_loop,eager,b16_L512_fsdp1_tp4_tc256_vc65536,1,4,16,512,b16/L512,320,262144,256,65536,256/65536,32,4,128,,"fsdp=1,tp=4",3,10,0,0,-1,exp0298_gpu-a100-80gb-4_torch_eager_projection_collective_loop_b16_L512_fsdp1_tp4_tc256_vc65536_fsdp1_tp4_tc256_vc65536_r0,/Users/deep-diver/Developers/TUNIX-TRY/01-CCE/data/mesh_pathology_dense_a100_torch/runs/exp0298_gpu-a100-80gb-4_torch_eager_projection_collective_loop_b16_L512_fsdp1_tp4_tc256_vc65536_fsdp1_tp4_tc256_vc65536_r0,/Users/deep-diver/Developers/TUNIX-TRY/01-CCE/data/mesh_pathology_dense_a100_torch/runs/exp0298_gpu-a100-80gb-4_torch_eager_projection_collective_loop_b16_L512_fsdp1_tp4_tc256_vc65536_fsdp1_tp4_tc256_vc65536_r0/xla,,gpu-a100-80gb-4/torch_eager_projection_collective_loop
299,20260616T031040Z,dense-synthetic,2026-06-16T03:10:40+00:00,Chansungs-MacBook-Pro-2.local,gpu-a100-80gb-4,primary_gpu_baseline,gpu,A100-80GB,4,A100:4:80GB,torch_eager_projection_collective_loop,torch_microbench,PyTorch eager projection matmul plus NCCL all-reduce.,projection_collective_loop,eager,b16_L512_fsdp1_tp4_tc256_vc131072,1,4,16,512,b16/L512,320,262144,256,131072,256/131072,32,2,64,,"fsdp=1,tp=4",3,10,0,0,-1,exp0299_gpu-a100-80gb-4_torch_eager_projection_collective_loop_b16_L512_fsdp1_tp4_tc256_vc131072_fsdp1_tp4_tc256_vc131072_r0,/Users/deep-diver/Developers/TUNIX-TRY/01-CCE/data/mesh_pathology_dense_a100_torch/runs/exp0299_gpu-a100-80gb-4_torch_eager_projection_collective_loop_b16_L512_fsdp1_tp4_tc256_vc131072_fsdp1_tp4_tc256_vc131072_r0,/Users/deep-diver/Developers/TUNIX-TRY/01-CCE/data/mesh_pathology_dense_a100_torch/runs/exp0299_gpu-a100-80gb-4_torch_eager_projection_collective_loop_b16_L512_fsdp1_tp4_tc256_vc131072_fsdp1_tp4_tc256_vc131072_r0/xla,,gpu-a100-80gb-4/torch_eager_projection_collective_loop
300,20260616T031040Z,dense-synthetic,2026-06-16T03:10:40+00:00,Chansungs-MacBook-Pro-2.local,gpu-a100-80gb-4,primary_gpu_baseline,gpu,A100-80GB,4,A100:4:80GB,torch_eager_projection_collective_loop,torch_microbench,PyTorch eager projection matmul plus NCCL all-reduce.,projection_collective_loop,eager,b16_L512_fsdp1_tp4_tc256_vc262144,1,4,16,512,b16/L512,320,262144,256,262144,256/262144,32,1,32,,"fsdp=1,tp=4",3,10,0,0,-1,exp0300_gpu-a100-80gb-4_torch_eager_projection_collective_loop_b16_L512_fsdp1_tp4_tc256_vc262144_fsdp1_tp4_tc256_vc262144_r0,/Users/deep-diver/Developers/TUNIX-TRY/01-CCE/data/mesh_pathology_dense_a100_torch/runs/exp0300_gpu-a100-80gb-4_torch_eager_projection_collective_loop_b16_L512_fsdp1_tp4_tc256_vc262144_fsdp1_tp4_tc256_vc262144_r0,/Users/deep-diver/Developers/TUNIX-TRY/01-CCE/data/mesh_pathology_dense_a100_torch/runs/exp0300_gpu-a100-80gb-4_torch_eager_projection_collective_loop_b16_L512_fsdp1_tp4_tc256_vc262144_fsdp1_tp4_tc256_vc262144_r0/xla,,gpu-a100-80gb-4/torch_eager_projection_collective_loop
301,20260616T031040Z,dense-synthetic,2026-06-16T03:10:40+00:00,Chansungs-MacBook-Pro-2.local,gpu-a100-80gb-4,primary_gpu_baseline,gpu,A100-80GB,4,A100:4:80GB,torch_eager_projection_collective_loop,torch_microbench,PyTorch eager projection matmul plus NCCL all-reduce.,projection_collective_loop,eager,b16_L512_fsdp1_tp4_tc512_vc4096,1,4,16,512,b16/L512,320,262144,512,4096,512/4096,16,64,1024,,"fsdp=1,tp=4",3,10,0,0,-1,exp0301_gpu-a100-80gb-4_torch_eager_projection_collective_loop_b16_L512_fsdp1_tp4_tc512_vc4096_fsdp1_tp4_tc512_vc4096_r0,/Users/deep-diver/Developers/TUNIX-TRY/01-CCE/data/mesh_pathology_dense_a100_torch/runs/exp0301_gpu-a100-80gb-4_torch_eager_projection_collective_loop_b16_L512_fsdp1_tp4_tc512_vc4096_fsdp1_tp4_tc512_vc4096_r0,/Users/deep-diver/Developers/TUNIX-TRY/01-CCE/data/mesh_pathology_dense_a100_torch/runs/exp0301_gpu-a100-80gb-4_torch_eager_projection_collective_loop_b16_L512_fsdp1_tp4_tc512_vc4096_fsdp1_tp4_tc512_vc4096_r0/xla,,gpu-a100-80gb-4/torch_eager_projection_collective_loop
302,20260616T031040Z,dense-synthetic,2026-06-16T03:10:40+00:00,Chansungs-MacBook-Pro-2.local,gpu-a100-80gb-4,primary_gpu_baseline,gpu,A100-80GB,4,A100:4:80GB,torch_eager_projection_collective_loop,torch_microbench,PyTorch eager projection matmul plus NCCL all-reduce.,projection_collective_loop,eager,b16_L512_fsdp1_tp4_tc512_vc8192,1,4,16,512,b16/L512,320,262144,512,8192,512/8192,16,32,512,,"fsdp=1,tp=4",3,10,0,0,-1,exp0302_gpu-a100-80gb-4_torch_eager_projection_collective_loop_b16_L512_fsdp1_tp4_tc512_vc8192_fsdp1_tp4_tc512_vc8192_r0,/Users/deep-diver/Developers/TUNIX-TRY/01-CCE/data/mesh_pathology_dense_a100_torch/runs/exp0302_gpu-a100-80gb-4_torch_eager_projection_collective_loop_b16_L512_fsdp1_tp4_tc512_vc8192_fsdp1_tp4_tc512_vc8192_r0,/Users/deep-diver/Developers/TUNIX-TRY/01-CCE/data/mesh_pathology_dense_a100_torch/runs/exp0302_gpu-a100-80gb-4_torch_eager_projection_collective_loop_b16_L512_fsdp1_tp4_tc512_vc8192_fsdp1_tp4_tc512_vc8192_r0/xla,,gpu-a100-80gb-4/torch_eager_projection_collective_loop
303,20260616T031040Z,dense-synthetic,2026-06-16T03:10:40+00:00,Chansungs-MacBook-Pro-2.local,gpu-a100-80gb-4,primary_gpu_baseline,gpu,A100-80GB,4,A100:4:80GB,torch_eager_projection_collective_loop,torch_microbench,PyTorch eager projection matmul plus NCCL all-reduce.,projection_collective_loop,eager,b16_L512_fsdp1_tp4_tc512_vc16384,1,4,16,512,b16/L512,320,262144,512,16384,512/16384,16,16,256,,"fsdp=1,tp=4",3,10,0,0,-1,exp0303_gpu-a100-80gb-4_torch_eager_projection_collective_loop_b16_L512_fsdp1_tp4_tc512_vc16384_fsdp1_tp4_tc512_vc16384_r0,/Users/deep-diver/Developers/TUNIX-TRY/01-CCE/data/mesh_pathology_dense_a100_torch/runs/exp0303_gpu-a100-80gb-4_torch_eager_projection_collective_loop_b16_L512_fsdp1_tp4_tc512_vc16384_fsdp1_tp4_tc512_vc16384_r0,/Users/deep-diver/Developers/TUNIX-TRY/01-CCE/data/mesh_pathology_dense_a100_torch/runs/exp0303_gpu-a100-80gb-4_torch_eager_projection_collective_loop_b16_L512_fsdp1_tp4_tc512_vc16384_fsdp1_tp4_tc512_vc16384_r0/xla,,gpu-a100-80gb-4/torch_eager_projection_collective_loop
304,20260616T031040Z,dense-synthetic,2026-06-16T03:10:40+00:00,Chansungs-MacBook-Pro-2.local,gpu-a100-80gb-4,primary_gpu_baseline,gpu,A100-80GB,4,A100:4:80GB,torch_eager_projection_collective_loop,torch_microbench,PyTorch eager projection matmul plus NCCL all-reduce.,projection_collective_loop,eager,b16_L512_fsdp1_tp4_tc512_vc32768,1,4,16,512,b16/L512,320,262144,512,32768,512/32768,16,8,128,,"fsdp=1,tp=4",3,10,0,0,-1,exp0304_gpu-a100-80gb-4_torch_eager_projection_collective_loop_b16_L512_fsdp1_tp4_tc512_vc32768_fsdp1_tp4_tc512_vc32768_r0,/Users/deep-diver/Developers/TUNIX-TRY/01-CCE/data/mesh_pathology_dense_a100_torch/runs/exp0304_gpu-a100-80gb-4_torch_eager_projection_collective_loop_b16_L512_fsdp1_tp4_tc512_vc32768_fsdp1_tp4_tc512_vc32768_r0,/Users/deep-diver/Developers/TUNIX-TRY/01-CCE/data/mesh_pathology_dense_a100_torch/runs/exp0304_gpu-a100-80gb-4_torch_eager_projection_collective_loop_b16_L512_fsdp1_tp4_tc512_vc32768_fsdp1_tp4_tc512_vc32768_r0/xla,,gpu-a100-80gb-4/torch_eager_projection_collective_loop
305,20260616T031040Z,dense-synthetic,2026-06-16T03:10:40+00:00,Chansungs-MacBook-Pro-2.local,gpu-a100-80gb-4,primary_gpu_baseline,gpu,A100-80GB,4,A100:4:80GB,torch_eager_projection_collective_loop,torch_microbench,PyTorch eager projection matmul plus NCCL all-reduce.,projection_collective_loop,eager,b16_L512_fsdp1_tp4_tc512_vc65536,1,4,16,512,b16/L512,320,262144,512,65536,512/65536,16,4,64,,"fsdp=1,tp=4",3,10,0,0,-1,exp0305_gpu-a100-80gb-4_torch_eager_projection_collective_loop_b16_L512_fsdp1_tp4_tc512_vc65536_fsdp1_tp4_tc512_vc65536_r0,/Users/deep-diver/Developers/TUNIX-TRY/01-CCE/data/mesh_pathology_dense_a100_torch/runs/exp0305_gpu-a100-80gb-4_torch_eager_projection_collective_loop_b16_L512_fsdp1_tp4_tc512_vc65536_fsdp1_tp4_tc512_vc65536_r0,/Users/deep-diver/Developers/TUNIX-TRY/01-CCE/data/mesh_pathology_dense_a100_torch/runs/exp0305_gpu-a100-80gb-4_torch_eager_projection_collective_loop_b16_L512_fsdp1_tp4_tc512_vc65536_fsdp1_tp4_tc512_vc65536_r0/xla,,gpu-a100-80gb-4/torch_eager_projection_collective_loop
306,20260616T031040Z,dense-synthetic,2026-06-16T03:10:40+00:00,Chansungs-MacBook-Pro-2.local,gpu-a100-80gb-4,primary_gpu_baseline,gpu,A100-80GB,4,A100:4:80GB,torch_eager_projection_collective_loop,torch_microbench,PyTorch eager projection matmul plus NCCL all-reduce.,projection_collective_loop,eager,b16_L512_fsdp1_tp4_tc512_vc131072,1,4,16,512,b16/L512,320,262144,512,131072,512/131072,16,2,32,,"fsdp=1,tp=4",3,10,0,0,-1,exp0306_gpu-a100-80gb-4_torch_eager_projection_collective_loop_b16_L512_fsdp1_tp4_tc512_vc131072_fsdp1_tp4_tc512_vc131072_r0,/Users/deep-diver/Developers/TUNIX-TRY/01-CCE/data/mesh_pathology_dense_a100_torch/runs/exp0306_gpu-a100-80gb-4_torch_eager_projection_collective_loop_b16_L512_fsdp1_tp4_tc512_vc131072_fsdp1_tp4_tc512_vc131072_r0,/Users/deep-diver/Developers/TUNIX-TRY/01-CCE/data/mesh_pathology_dense_a100_torch/runs/exp0306_gpu-a100-80gb-4_torch_eager_projection_collective_loop_b16_L512_fsdp1_tp4_tc512_vc131072_fsdp1_tp4_tc512_vc131072_r0/xla,,gpu-a100-80gb-4/torch_eager_projection_collective_loop
307,20260616T031040Z,dense-synthetic,2026-06-16T03:10:40+00:00,Chansungs-MacBook-Pro-2.local,gpu-a100-80gb-4,primary_gpu_baseline,gpu,A100-80GB,4,A100:4:80GB,torch_eager_projection_collective_loop,torch_microbench,PyTorch eager projection matmul plus NCCL all-reduce.,projection_collective_loop,eager,b16_L512_fsdp1_tp4_tc512_vc262144,1,4,16,512,b16/L512,320,262144,512,262144,512/262144,16,1,16,,"fsdp=1,tp=4",3,10,0,0,-1,exp0307_gpu-a100-80gb-4_torch_eager_projection_collective_loop_b16_L512_fsdp1_tp4_tc512_vc262144_fsdp1_tp4_tc512_vc262144_r0,/Users/deep-diver/Developers/TUNIX-TRY/01-CCE/data/mesh_pathology_dense_a100_torch/runs/exp0307_gpu-a100-80gb-4_torch_eager_projection_collective_loop_b16_L512_fsdp1_tp4_tc512_vc262144_fsdp1_tp4_tc512_vc262144_r0,/Users/deep-diver/Developers/TUNIX-TRY/01-CCE/data/mesh_pathology_dense_a100_torch/runs/exp0307_gpu-a100-80gb-4_torch_eager_projection_collective_loop_b16_L512_fsdp1_tp4_tc512_vc262144_fsdp1_tp4_tc512_vc262144_r0/xla,,gpu-a100-80gb-4/torch_eager_projection_collective_loop
308,20260616T031040Z,dense-synthetic,2026-06-16T03:10:40+00:00,Chansungs-MacBook-Pro-2.local,gpu-a100-80gb-4,primary_gpu_baseline,gpu,A100-80GB,4,A100:4:80GB,torch_eager_projection_collective_loop,torch_microbench,PyTorch eager projection matmul plus NCCL all-reduce.,projection_collective_loop,eager,b16_L512_fsdp1_tp4_tc1024_vc4096,1,4,16,512,b16/L512,320,262144,1024,4096,1024/4096,8,64,512,,"fsdp=1,tp=4",3,10,0,0,-1,exp0308_gpu-a100-80gb-4_torch_eager_projection_collective_loop_b16_L512_fsdp1_tp4_tc1024_vc4096_fsdp1_tp4_tc1024_vc4096_r0,/Users/deep-diver/Developers/TUNIX-TRY/01-CCE/data/mesh_pathology_dense_a100_torch/runs/exp0308_gpu-a100-80gb-4_torch_eager_projection_collective_loop_b16_L512_fsdp1_tp4_tc1024_vc4096_fsdp1_tp4_tc1024_vc4096_r0,/Users/deep-diver/Developers/TUNIX-TRY/01-CCE/data/mesh_pathology_dense_a100_torch/runs/exp0308_gpu-a100-80gb-4_torch_eager_projection_collective_loop_b16_L512_fsdp1_tp4_tc1024_vc4096_fsdp1_tp4_tc1024_vc4096_r0/xla,,gpu-a100-80gb-4/torch_eager_projection_collective_loop
309,20260616T031040Z,dense-synthetic,2026-06-16T03:10:40+00:00,Chansungs-MacBook-Pro-2.local,gpu-a100-80gb-4,primary_gpu_baseline,gpu,A100-80GB,4,A100:4:80GB,torch_eager_projection_collective_loop,torch_microbench,PyTorch eager projection matmul plus NCCL all-reduce.,projection_collective_loop,eager,b16_L512_fsdp1_tp4_tc1024_vc8192,1,4,16,512,b16/L512,320,262144,1024,8192,1024/8192,8,32,256,,"fsdp=1,tp=4",3,10,0,0,-1,exp0309_gpu-a100-80gb-4_torch_eager_projection_collective_loop_b16_L512_fsdp1_tp4_tc1024_vc8192_fsdp1_tp4_tc1024_vc8192_r0,/Users/deep-diver/Developers/TUNIX-TRY/01-CCE/data/mesh_pathology_dense_a100_torch/runs/exp0309_gpu-a100-80gb-4_torch_eager_projection_collective_loop_b16_L512_fsdp1_tp4_tc1024_vc8192_fsdp1_tp4_tc1024_vc8192_r0,/Users/deep-diver/Developers/TUNIX-TRY/01-CCE/data/mesh_pathology_dense_a100_torch/runs/exp0309_gpu-a100-80gb-4_torch_eager_projection_collective_loop_b16_L512_fsdp1_tp4_tc1024_vc8192_fsdp1_tp4_tc1024_vc8192_r0/xla,,gpu-a100-80gb-4/torch_eager_projection_collective_loop
310,20260616T031040Z,dense-synthetic,2026-06-16T03:10:40+00:00,Chansungs-MacBook-Pro-2.local,gpu-a100-80gb-4,primary_gpu_baseline,gpu,A100-80GB,4,A100:4:80GB,torch_eager_projection_collective_loop,torch_microbench,PyTorch eager projection matmul plus NCCL all-reduce.,projection_collective_loop,eager,b16_L512_fsdp1_tp4_tc1024_vc16384,1,4,16,512,b16/L512,320,262144,1024,16384,1024/16384,8,16,128,,"fsdp=1,tp=4",3,10,0,0,-1,exp0310_gpu-a100-80gb-4_torch_eager_projection_collective_loop_b16_L512_fsdp1_tp4_tc1024_vc16384_fsdp1_tp4_tc1024_vc16384_r0,/Users/deep-diver/Developers/TUNIX-TRY/01-CCE/data/mesh_pathology_dense_a100_torch/runs/exp0310_gpu-a100-80gb-4_torch_eager_projection_collective_loop_b16_L512_fsdp1_tp4_tc1024_vc16384_fsdp1_tp4_tc1024_vc16384_r0,/Users/deep-diver/Developers/TUNIX-TRY/01-CCE/data/mesh_pathology_dense_a100_torch/runs/exp0310_gpu-a100-80gb-4_torch_eager_projection_collective_loop_b16_L512_fsdp1_tp4_tc1024_vc16384_fsdp1_tp4_tc1024_vc16384_r0/xla,,gpu-a100-80gb-4/torch_eager_projection_collective_loop
311,20260616T031040Z,dense-synthetic,2026-06-16T03:10:40+00:00,Chansungs-MacBook-Pro-2.local,gpu-a100-80gb-4,primary_gpu_baseline,gpu,A100-80GB,4,A100:4:80GB,torch_eager_projection_collective_loop,torch_microbench,PyTorch eager projection matmul plus NCCL all-reduce.,projection_collective_loop,eager,b16_L512_fsdp1_tp4_tc1024_vc32768,1,4,16,512,b16/L512,320,262144,1024,32768,1024/32768,8,8,64,,"fsdp=1,tp=4",3,10,0,0,-1,exp0311_gpu-a100-80gb-4_torch_eager_projection_collective_loop_b16_L512_fsdp1_tp4_tc1024_vc32768_fsdp1_tp4_tc1024_vc32768_r0,/Users/deep-diver/Developers/TUNIX-TRY/01-CCE/data/mesh_pathology_dense_a100_torch/runs/exp0311_gpu-a100-80gb-4_torch_eager_projection_collective_loop_b16_L512_fsdp1_tp4_tc1024_vc32768_fsdp1_tp4_tc1024_vc32768_r0,/Users/deep-diver/Developers/TUNIX-TRY/01-CCE/data/mesh_pathology_dense_a100_torch/runs/exp0311_gpu-a100-80gb-4_torch_eager_projection_collective_loop_b16_L512_fsdp1_tp4_tc1024_vc32768_fsdp1_tp4_tc1024_vc32768_r0/xla,,gpu-a100-80gb-4/torch_eager_projection_collective_loop
312,20260616T031040Z,dense-synthetic,2026-06-16T03:10:40+00:00,Chansungs-MacBook-Pro-2.local,gpu-a100-80gb-4,primary_gpu_baseline,gpu,A100-80GB,4,A100:4:80GB,torch_eager_projection_collective_loop,torch_microbench,PyTorch eager projection matmul plus NCCL all-reduce.,projection_collective_loop,eager,b16_L512_fsdp1_tp4_tc1024_vc65536,1,4,16,512,b16/L512,320,262144,1024,65536,1024/65536,8,4,32,,"fsdp=1,tp=4",3,10,0,0,-1,exp0312_gpu-a100-80gb-4_torch_eager_projection_collective_loop_b16_L512_fsdp1_tp4_tc1024_vc65536_fsdp1_tp4_tc1024_vc65536_r0,/Users/deep-diver/Developers/TUNIX-TRY/01-CCE/data/mesh_pathology_dense_a100_torch/runs/exp0312_gpu-a100-80gb-4_torch_eager_projection_collective_loop_b16_L512_fsdp1_tp4_tc1024_vc65536_fsdp1_tp4_tc1024_vc65536_r0,/Users/deep-diver/Developers/TUNIX-TRY/01-CCE/data/mesh_pathology_dense_a100_torch/runs/exp0312_gpu-a100-80gb-4_torch_eager_projection_collective_loop_b16_L512_fsdp1_tp4_tc1024_vc65536_fsdp1_tp4_tc1024_vc65536_r0/xla,,gpu-a100-80gb-4/torch_eager_projection_collective_loop
313,20260616T031040Z,dense-synthetic,2026-06-16T03:10:40+00:00,Chansungs-MacBook-Pro-2.local,gpu-a100-80gb-4,primary_gpu_baseline,gpu,A100-80GB,4,A100:4:80GB,torch_eager_projection_collective_loop,torch_microbench,PyTorch eager projection matmul plus NCCL all-reduce.,projection_collective_loop,eager,b16_L512_fsdp1_tp4_tc1024_vc131072,1,4,16,512,b16/L512,320,262144,1024,131072,1024/131072,8,2,16,,"fsdp=1,tp=4",3,10,0,0,-1,exp0313_gpu-a100-80gb-4_torch_eager_projection_collective_loop_b16_L512_fsdp1_tp4_tc1024_vc131072_fsdp1_tp4_tc1024_vc131072_r0,/Users/deep-diver/Developers/TUNIX-TRY/01-CCE/data/mesh_pathology_dense_a100_torch/runs/exp0313_gpu-a100-80gb-4_torch_eager_projection_collective_loop_b16_L512_fsdp1_tp4_tc1024_vc131072_fsdp1_tp4_tc1024_vc131072_r0,/Users/deep-diver/Developers/TUNIX-TRY/01-CCE/data/mesh_pathology_dense_a100_torch/runs/exp0313_gpu-a100-80gb-4_torch_eager_projection_collective_loop_b16_L512_fsdp1_tp4_tc1024_vc131072_fsdp1_tp4_tc1024_vc131072_r0/xla,,gpu-a100-80gb-4/torch_eager_projection_collective_loop
314,20260616T031040Z,dense-synthetic,2026-06-16T03:10:40+00:00,Chansungs-MacBook-Pro-2.local,gpu-a100-80gb-4,primary_gpu_baseline,gpu,A100-80GB,4,A100:4:80GB,torch_eager_projection_collective_loop,torch_microbench,PyTorch eager projection matmul plus NCCL all-reduce.,projection_collective_loop,eager,b16_L512_fsdp1_tp4_tc1024_vc262144,1,4,16,512,b16/L512,320,262144,1024,262144,1024/262144,8,1,8,,"fsdp=1,tp=4",3,10,0,0,-1,exp0314_gpu-a100-80gb-4_torch_eager_projection_collective_loop_b16_L512_fsdp1_tp4_tc1024_vc262144_fsdp1_tp4_tc1024_vc262144_r0,/Users/deep-diver/Developers/TUNIX-TRY/01-CCE/data/mesh_pathology_dense_a100_torch/runs/exp0314_gpu-a100-80gb-4_torch_eager_projection_collective_loop_b16_L512_fsdp1_tp4_tc1024_vc262144_fsdp1_tp4_tc1024_vc262144_r0,/Users/deep-diver/Developers/TUNIX-TRY/01-CCE/data/mesh_pathology_dense_a100_torch/runs/exp0314_gpu-a100-80gb-4_torch_eager_projection_collective_loop_b16_L512_fsdp1_tp4_tc1024_vc262144_fsdp1_tp4_tc1024_vc262144_r0/xla,,gpu-a100-80gb-4/torch_eager_projection_collective_loop
